Código INFOBRAS,Código Único de Inversión,Código SNIP,Nombre de la obra,Modalidad de ejecución,Estado de obra,Fecha de Inicio,Monto Expediente Técnico,Distrito,Provincia,Región
559548,2709670,2709670,"RENOVACION DE RESERVORIO; EN EL(LA) DEL SISTEMA DE AGUA POTABLE EN EL CASERIO DE MITO DISTRITO DE CHACAYAN, PROVINCIA DANIEL ALCIDES CARRION, DEPARTAMENTO PASCO",Contrata,Sin Ejecución,"",117337.06,CHACAYAN,DANIEL ALCIDES CARRION,PASCO
559394,2690866,2690866,CREACION DE LOS SERVICIOS OPERATIVOS O MISIONALES INSTITUCIONALES EN LA LOCALIDAD DE UYLUPAMPA DISTRITO DE TAPUC DE LA PROVINCIA DE DANIEL ALCIDES CARRION DEL DEPARTAMENTO DE PASCO,Contrata,Sin Ejecución,"",398085.45,TAPUC,DANIEL ALCIDES CARRION,PASCO
559084,2725357,2725357,"CREACION DEL SERVICIO DE PRÁCTICA DEPORTIVA Y/O RECREATIVA EN LA LOSA DEPORTIVA DEL BARRIO EL MIRADOR, DISTRITO DE PUERTO BERMUDEZ DE LA PROVINCIA DE OXAPAMPA DEL DEPARTAMENTO DE PASCO",Contrata,Sin Ejecución,"",301189.72,PUERTO BERMUDEZ,OXAPAMPA,PASCO
559083,2725348,2725348,"CREACION DEL SERVICIO DE PRÁCTICA DEPORTIVA Y/O RECREATIVA EN LA LOSA DEPORTIVA DEL SECTOR GAVILAN, DISTRITO DE PUERTO BERMUDEZ DE LA PROVINCIA DE OXAPAMPA DEL DEPARTAMENTO DE PASCO",Contrata,Sin Ejecución,"",266301.44,PUERTO BERMUDEZ,OXAPAMPA,PASCO
559082,2672321,2672321,CREACION DEL SERVICIO DE PRÁCTICA DEPORTIVA Y/O RECREATIVA EN LA LOCALIDAD DE PUERTO LAGARTO DEL DISTRITO DE PUERTO BERMUDEZ DE LA PROVINCIA DE OXAPAMPA DEL DEPARTAMENTO DE PASCO,Contrata,Sin Ejecución,"",275240.83,PUERTO BERMUDEZ,OXAPAMPA,PASCO
559081,2726084,2726084,"CREACION DEL SERVICIO DE PRÁCTICA DEPORTIVA Y/O RECREATIVA EN LA LOSA DEPORTIVA DEL BARRIO SAN JERONIMO, DISTRITO DE PUERTO BERMUDEZ DE LA PROVINCIA DE OXAPAMPA DEL DEPARTAMENTO DE PASCO",Contrata,Sin Ejecución,"",279417.98,PUERTO BERMUDEZ,OXAPAMPA,PASCO
559074,2726079,2726079,"CONSTRUCCION DE LOSA DEPORTIVA; EN EL(LA) IE 34277 - SAN PABLO, DISTRITO DE PUERTO BERMUDEZ, PROVINCIA OXAPAMPA, DEPARTAMENTO PASCO",Administración directa,Sin Ejecución,"","",PUERTO BERMUDEZ,OXAPAMPA,PASCO
558937,2729119,2729119,"CREACION DEL SERVICIO DE MOVILIDAD URBANA EN LA AV. VISTA ALEGRE, PJE. VISTA ALEGRE, PJE. ESTACIÓN CENTRAL Y CALLE JESÚS AYALA IDELFONSO DISTRITO DE GOYLLARISQUIZGA DE LA PROVINCIA DE DANIEL ALCIDES CARRION DEL DEPARTAMENTO DE PASCO",Contrata,Sin Ejecución,"",718252.15,GOYLLARISQUIZGA,DANIEL ALCIDES CARRION,PASCO
558848,2569999,2569999,"CREACION DEL CERCO PERIMETRICO DEL CEMENTERIO GENERAL EN EL CENTRO POBLADO DE HUAYO, DEL DISTRITO DE SANTA ANA DE TUSI - PROVINCIA DE DANIEL ALCIDES CARRION - DEPARTAMENTO DE PASCO",Contrata,Sin Ejecución,"",884296.61,SANTA ANA DE TUSI,DANIEL ALCIDES CARRION,PASCO
558282,2726087,2726087,"CREACION DEL SERVICIO DE PRÁCTICA DEPORTIVA Y/O RECREATIVA EN LA LOSA DEPORTIVA DE LA CC.NN. TRES HERMANOS, DISTRITO DE PUERTO BERMUDEZ DE LA PROVINCIA DE OXAPAMPA DEL DEPARTAMENTO DE PASCO",Contrata,Sin Ejecución,"",263773.75,PUERTO BERMUDEZ,OXAPAMPA,PASCO
558281,2725359,2725359,"CREACION DEL SERVICIO DE PRÁCTICA DEPORTIVA Y/O RECREATIVA EN LA LOSA DEPORTIVA EL MILAGRO, DISTRITO DE PUERTO BERMUDEZ DE LA PROVINCIA DE OXAPAMPA DEL DEPARTAMENTO DE PASCO",Contrata,Sin Ejecución,"",267745.41,PUERTO BERMUDEZ,OXAPAMPA,PASCO
558191,0,0,"MEJORAMIENTO DE VIVIENDA RURAL EN LOS CENTROS POBLADOS FUNGOLCUTA Y MARAYPAMPA - DISTRITO DE SANTA ANA DE TUSI - PROVINCIA DANIEL ALCIDES CARRION; CENTROS POBLADOS GARACHACPA, MANAHUAYLAN Y OTROS - DISTRITO HUAYLLAY; CENTRO POBLADO 30 DE AGOSTO - DISTRITO DE TICLACAYAN - PROVINCIA DE PASCO - DEPARTAMENTO DE PASCO - CONVENIO N° 1082-1901-2024-100-PAS/VMVU/PNVR (N° 100-2026)",Por núcleo ejecutor,En Ejecución,5/05/2026 00:00:00,1250444.33,SANTA ANA DE TUSI,DANIEL ALCIDES CARRION,PASCO
557967,2713616,2713616,"CONSTRUCCION DE MURO DE CONTENCION; EN EL(LA) LOCALIDAD DE HUAYLLAY CASERIO DE LEON PATA DISTRITO DE HUAYLLAY, PROVINCIA PASCO, DEPARTAMENTO PASCO",Administración directa,En Ejecución,9/03/2026 00:00:00,130563.24,HUAYLLAY,PASCO,PASCO
557349,2660972,2660972,CREACION DE LOS SERVICIOS CULTURALES PARA LA PARTICIPACIÓN DE LA POBLACIÓN EN LAS INDUSTRIAS CULTURALES Y LAS ARTES EN LOCALIDAD DE SAN PEDRO DE PILLAO DISTRITO DE SAN PEDRO DE PILLAO DE LA PROVINCIA DE DANIEL ALCIDES CARRION DEL DEPARTAMENTO DE PASCO,Contrata,Sin Ejecución,"","",SAN PEDRO DE PILLAO,DANIEL ALCIDES CARRION,PASCO
557233,2701033,2701033,"CONSTRUCCION DE ASCENSOR Y VIAS DE ACCESO; REMODELACION DE AMBIENTE COMPLEMENTARIO; EN EL(LA) INFRAESTRUCTURA PUBLICA DISTRITO DE OXAPAMPA, PROVINCIA OXAPAMPA, DEPARTAMENTO PASCO - CUI N° 2701033",Administración directa,En Ejecución,4/05/2026 00:00:00,174229.80,OXAPAMPA,OXAPAMPA,PASCO
556953,2663904,2663904,"CONSTRUCCION DE ESTRUCTURA DE SOPORTE Y COBERTURA; EN EL(LA) LOSA DEPORTIVA DE LA LOCALIDAD DE PAMPANIA DISTRITO DE SANTA ANA DE TUSI, PROVINCIA DANIEL ALCIDES CARRION, DEPARTAMENTO PASCO",Contrata,Sin Ejecución,"",534411.74,SANTA ANA DE TUSI,DANIEL ALCIDES CARRION,PASCO
556862,0,0,MEJORAMIENTO DE VIVIENDA RURAL EN LOS CENTROS POBLADOS CHUNQUIPATA Y MANCANCOTA - DISTRITO DE PALLANCHACRA - PROVINCIA DE PASCO - DEPARTAMENTO DE PASCO - CONVENIO N° 1082-1901-2024-099-PAS/VMVU/PNVR (N° 099-2026),Por núcleo ejecutor,En Ejecución,6/04/2026 00:00:00,1191715.71,PALLANCHACRA,PASCO,PASCO
556859,0,0,MEJORAMIENTO DE VIVIENDA RURAL EN LOS CENTROS POBLADOS HUAMANGUAY Y SHUYCOCHA - DISTRITO DE HUANCABAMBA - PROVINCIA DE OXAPAMPA - DEPARTAMENTO DE PASCO - CONVENIO N° 1082-1903-2024-101-PAS/VMVU/PNVR (N° 101-2026),Por núcleo ejecutor,En Ejecución,7/04/2026 00:00:00,1007570.70,HUANCABAMBA,OXAPAMPA,PASCO
556645,2703933,2703933,CREACION DE LOS SERVICIOS DE APOYO AL DESARROLLO PRODUCTIVO EN 10 UNIDADES PRODUCTORAS DISTRITO DE CONSTITUCION DE LA PROVINCIA DE OXAPAMPA DEL DEPARTAMENTO DE PASCO,Administración directa,Sin Ejecución,"","",CONSTITUCION,OXAPAMPA,PASCO
556630,2449568,2449568,"MEJORAMIENTO DEL APROVECHAMIENTO FORESTAL DE ESPECIES DE RAPIDO CRECIMIENTO, PARA MITIGAR LA PERDIDA DE LA BIODIVERSIDAD (SUELO-BOSQUE) EN LAS 21 LOCALIDADES DEL DISTRITO DE PUERTO BERMUDEZ - PROVINCIA DE OXAPAMPA - DEPARTAMENTO DE PASCO - AÑO 3",Administración directa,En Ejecución,6/03/2026 00:00:00,4355989.74,PUERTO BERMUDEZ,OXAPAMPA,PASCO
556389,2429909,2429909,COAR PASCO,Asociacion Pública Privada - APP,En Ejecución,28/09/2025 00:00:00,"",,PASCO,PASCO
556281,2331822,2331822,MEJORAMIENTO DEL SERVICIO DE SEGURIDAD VECINAL Y COMUNAL EN EL DISTRITO DE VILCABAMBA - DANIEL ALCIDES CARRION - PASCO,Contrata,Sin Ejecución,"",2741649.44,VILCABAMBA,DANIEL ALCIDES CARRION,PASCO
556181,0,0,MEJORAMIENTO DE VIVIENDA RURAL EN EL CENTRO POBLADO LANTURACHI GRUPO 02 - DISTRITO DE HUANCABAMBA - PROVINCIA DE OXAPAMPA - DEPARTAMENTO DE PASCO - CONVENIO N° 1082-1903-2024-098-PAS/VMVU/PNVR (N° 098-2026),Por núcleo ejecutor,En Ejecución,24/03/2026 00:00:00,2884062.45,HUANCABAMBA,OXAPAMPA,PASCO
556180,0,0,MEJORAMIENTO DE VIVIENDA RURAL EN EL CENTRO POBLADO LANTURACHI GRUPO 01 - DISTRITO DE HUANCABAMBA - PROVINCIA DE OXAPAMPA - DEPARTAMENTO DE PASCO - CONVENIO N° 1082-1903-2024-097-PAS/VMVU/PNVR (N° 097-2026),Por núcleo ejecutor,En Ejecución,24/03/2026 00:00:00,3296481.26,HUANCABAMBA,OXAPAMPA,PASCO
556172,0,0,"MEJORAMIENTO DE VIVIENDA RURAL EN LOS CENTROS POBLADOS ÑAGAZU, CANAL DE PIEDRA Y SANTA IRENE - DISTRITO DE VILLA RICA - PROVINCIA DE OXAPAMPA - DEPARTAMENTO DE PASCO - CONVENIO N° 1082-1903-2024-102-PAS/VMVU/PNVR (N° 102-2026)",Por núcleo ejecutor,En Ejecución,24/03/2026 00:00:00,3014871.75,VILLA RICA,OXAPAMPA,PASCO
556163,2627630,2627630,CREACION DEL SERVICIO DE MOVILIDAD URBANA EN PISTAS Y VEREDAS EN EL JR.28 DE JULIO;JR.CERRO DE PASCO ;CALLE ANDRES A.CACERES ; JR PROGRESO;CALLE JULIO C. TELLO ; CALLE VILCABAMBA DISTRITO DE VILCABAMBA DE LA PROVINCIA DE DANIEL ALCIDES CARRION DEL DEPARTAMENTO DE PASCO,Contrata,Sin Ejecución,"",6191609.66,VILCABAMBA,DANIEL ALCIDES CARRION,PASCO
555801,2503951,2503951,"MEJORAMIENTO DEL SERVICIO EDUCATIVO DEL NIVEL INICIAL, PRIMARIA Y SECUNDARIA DE LA I.E. N° 34618 REMIGIO MORALES BERMUDEZ DEL DISTRITO DE PUERTO BERMUDEZ - PROVINCIA DE OXAPAMPA - DEPARTAMENTO DE PASCO",Gobierno a Gobierno,Sin Ejecución,"","",PUERTO BERMUDEZ,OXAPAMPA,PASCO
555526,2672319,2672319,CREACION DEL SERVICIO DE PRÁCTICA DEPORTIVA Y/O RECREATIVA EN LA LOSA DEPORTIVA DE LA LOCALIDAD DE ALVARIÑO DEL DISTRITO DE PUERTO BERMUDEZ DE LA PROVINCIA DE OXAPAMPA DEL DEPARTAMENTO DE PASCO,Administración directa,En Ejecución,2/05/2026 00:00:00,234821.05,PUERTO BERMUDEZ,OXAPAMPA,PASCO
555525,2714248,2714248,"CREACION DEL SERVICIO DE PRÁCTICA DEPORTIVA Y/O RECREATIVA EN LA LOSA DEPORTIVA DE LA CC.NN. PAUJIL, DISTRITO DE PUERTO BERMUDEZ DE LA PROVINCIA DE OXAPAMPA DEL DEPARTAMENTO DE PASCO",Administración directa,Finalizado,4/05/2026 00:00:00,214745.16,PUERTO BERMUDEZ,OXAPAMPA,PASCO
555523,2714237,2714237,CREACION DEL SERVICIO DE PRÁCTICA DEPORTIVA Y/O RECREATIVA EN LA LOSA DEPORTIVA DE LA CC.NN. SANTA ISIDORA DISTRITO DE PUERTO BERMUDEZ DE LA PROVINCIA DE OXAPAMPA DEL DEPARTAMENTO DE PASCO,Contrata,En Ejecución,11/05/2026 00:00:00,261469.39,PUERTO BERMUDEZ,OXAPAMPA,PASCO
555522,2672328,2672328,CREACION DEL SERVICIO DE PRÁCTICA DEPORTIVA Y/O RECREATIVA EN LA LOSA DEPORTIVA DE LA LOCALIDAD DE NARANJILLO NEVATI DEL DISTRITO DE PUERTO BERMUDEZ DE LA PROVINCIA DE OXAPAMPA DEL DEPARTAMENTO DE PASCO,Contrata,En Ejecución,11/05/2026 00:00:00,262559.85,PUERTO BERMUDEZ,OXAPAMPA,PASCO
555521,2714246,2714246,"CREACION DEL SERVICIO DE PRÁCTICA DEPORTIVA Y/O RECREATIVA EN LA LOSA DEPORTIVA DE LA CC.NN. SARDIS, DISTRITO DE PUERTO BERMUDEZ - PROVINCIA DE OXAPAMPA - DEPARTAMENTO DE PASCO",Contrata,En Ejecución,11/05/2026 00:00:00,268939.78,PUERTO BERMUDEZ,OXAPAMPA,PASCO
555520,2714245,2714245,CREACION DEL SERVICIO DE PRÁCTICA DEPORTIVA Y/O RECREATIVA EN LA LOSA DEPORTIVA DE LA CC.NN. MANICHARI DISTRITO DE PUERTO BERMUDEZ DE LA PROVINCIA DE OXAPAMPA DEL DEPARTAMENTO DE PASCO,Contrata,En Ejecución,11/05/2026 00:00:00,267714.19,PUERTO BERMUDEZ,OXAPAMPA,PASCO
555519,2673024,2673024,CREACION DEL SERVICIO DE PRÁCTICA DEPORTIVA Y/O RECREATIVA EN LA LOSA DEPORTIVA DE LA CC.NN. BETANIA DEL DISTRITO DE PUERTO BERMUDEZ DE LA PROVINCIA DE OXAPAMPA DEL DEPARTAMENTO DE PASCO,Administración directa,Sin Ejecución,"",231956.79,PUERTO BERMUDEZ,OXAPAMPA,PASCO
555512,2709037,2709037,"CONSTRUCCION DE LINEA DE IMPULSION; ADQUISICION DE INFRAESTRUCTURA DE ALMACENAMIENTO; EN EL(LA) DEL SISTEMA DE AGUA POTABLE DEL BARRIO MIRAFLORES Y LAS LOMAS DEL DISTRITO DE PUERTO BERMUDEZ, PROVINCIA OXAPAMPA, DEPARTAMENTO PASCO",Administración directa,Sin Ejecución,"",187284.81,PUERTO BERMUDEZ,OXAPAMPA,PASCO
555511,2709040,2709040,"CONSTRUCCION DE CAPTACION DE AGUA Y LINEA DE IMPULSION; ADQUISICION DE INFRAESTRUCTURA DE ALMACENAMIENTO; EN EL(LA) DEL SISTEMA DE AGUA POTABLE DE BARRIO MANGUAL Y MIRADOR DEL DISTRITO DE PUERTO BERMUDEZ, PROVINCIA OXAPAMPA, DEPARTAMENTO PASCO",Administración directa,Sin Ejecución,"",178894.86,PUERTO BERMUDEZ,OXAPAMPA,PASCO
555507,2718273,2718273,"CONSTRUCCION DE SISTEMA DE DRENAJE; EN EL(LA) CUNETA PLUVIAL DE LA CALLE PUERTO PRINCIPAL DEL DISTRITO DE PUERTO BERMUDEZ, PROVINCIA OXAPAMPA, DEPARTAMENTO PASCO",Administración directa,Finalizado,16/04/2026 00:00:00,65173.93,PUERTO BERMUDEZ,OXAPAMPA,PASCO
555200,2689376,2689376,CREACION DEL SERVICIO DE PRÁCTICA DEPORTIVA Y/O RECREATIVA EN EL BARRIO DE AGOCHINCHAN DE CENTRO POBLADO QUIPARACRA DISTRITO DE HUACHON DE LA PROVINCIA DE PASCO DEL DEPARTAMENTO DE PASCO,Contrata,Sin Ejecución,"",1319759.31,HUACHON,PASCO,PASCO
555147,2627851,2627851,CREACION DE LOS SERVICIOS TURÍSTICOS PÚBLICOS EN RECURSOS TURÍSTICOS EN LOCALIDAD DE HUAYLLAY DISTRITO DE HUAYLLAY DE LA PROVINCIA DE PASCO DEL DEPARTAMENTO DE PASCO,Contrata,Sin Ejecución,"",721497.85,HUAYLLAY,PASCO,PASCO
554915,2710878,2710878,"CONSTRUCCION DE VIAS DE ACCESO; EN EL(LA) SECTOR EL IDEAL Y NOGALPAMPA (JR. HEROLD, JR. KOCH, JR. KENNEDY, JR IDEAL, PASAJE ESTEBAN YALICO Y PROLONGACION HUANCABAMBA) DISTRITO DE OXAPAMPA, PROVINCIA OXAPAMPA, DEPARTAMENTO PASCO",Administración directa,En Ejecución,30/01/2026 00:00:00,583067.57,HUANCABAMBA,OXAPAMPA,PASCO
554756,2685615,2685615,"RENOVACION DE PATIO TALLER; EN EL(LA) COMISARIA DISTRITAL DE CHACAYAN DISTRITO DE CHACAYAN, PROVINCIA DANIEL ALCIDES CARRION, DEPARTAMENTO PASCO",Contrata,Finalizado,1/07/2025 00:00:00,34568.52,CHACAYAN,DANIEL ALCIDES CARRION,PASCO
554682,2657303,2657303 ,CREACION DEL SERVICIO DE PROVISIÓN DE AGUA PARA RIEGO EN GOCHACHUPAN DISTRITO DE PAUCARTAMBO DE LA PROVINCIA DE PASCO DEL DEPARTAMENTO DE PASCO,Administración directa,Sin Ejecución,"",4911083.09,PAUCARTAMBO,PASCO,PASCO
554547,2692828,2692828,"RENOVACION DE CAMPO MENOR (MULTIDEPORTIVO RECREATIVO); EN EL(LA) I.E. 34129 DISTRITO DE CHACAYAN, PROVINCIA DANIEL ALCIDES CARRION, DEPARTAMENTO PASCO",Contrata,En Ejecución,20/10/2025 00:00:00,181170.61,CHACAYAN,DANIEL ALCIDES CARRION,PASCO
554201,2647863,2647863,"REPARACION DE SUPERFICIE DE RODADURA; EN EL(LA) VIAS URBANAS DE LA CC.NN. DE PUERTO YESUPE, DISTRITO DE PUERTO BERMUDEZ, PROVINCIA OXAPAMPA, DEPARTAMENTO PASCO",Administración directa,Finalizado,13/04/2026 00:00:00,266367.19,PUERTO BERMUDEZ,OXAPAMPA,PASCO
553980,2681458,2681458,"ADQUISICION DE TRIMOVIL; EN EL(LA) SERVICIO DE LIMPIEZA PUBLICA EN ZONA URBANA DE LA CIUDAD DE OXAPAMPA DISTRITO DE OXAPAMPA, PROVINCIA OXAPAMPA, DEPARTAMENTO PASCO",Administración directa,Finalizado,1/12/2025 00:00:00,41000,OXAPAMPA,OXAPAMPA,PASCO
553732,2686973,2686973,"SANEAMIENTO TECNICO LEGAL DE TERRENO, EN EL(LA), CENTRO POBLADO SAN AGUSTIN DE HUAYCHAO Y LOS ANDES DE PUCARA, DISTRITO DE HUAYLLAY, PROVINCIA PASCO, DEPARTAMENTO PASCO.",Administración directa,En Ejecución,1/12/2025 00:00:00,73970.14,HUAYLLAY,PASCO,PASCO
553598,2701212,2701212,MEJORAMIENTO DE LOS SERVICIOS OPERATIVOS O MISIONALES INSTITUCIONALES EN LA UNIDAD DE MAESTRANZA DE LA MUNICIPALIDAD DISTRITAL DE PUERTO BERMUDEZ DEL DISTRITO DE PUERTO BERMUDEZ DE LA PROVINCIA DE OXAPAMPA DEL DEPARTAMENTO DE PASCO,Obras por impuestos,Finalizado,4/02/2026 00:00:00,11272706.12,PUERTO BERMUDEZ,OXAPAMPA,PASCO
553570,2629474,2629474,"RENOVACION DE CAMION COMPACTADOR; EN EL(LA) GERENCIA DE RESIDUOS SOLIDOS DISTRITO DE OXAPAMPA, PROVINCIA OXAPAMPA, DEPARTAMENTO PASCO",Administración directa,Finalizado,13/03/2024 00:00:00,1390000,OXAPAMPA,OXAPAMPA,PASCO
553559,2691115,2691115,"MEJORAMIENTO Y AMPLIACION DEL SERVICIO DE AGUA POTABLE RURAL Y MEJORAMIENTO Y AMPLIACION DEL SERVICIO DE ALCANTARILLADO U OTRAS FORMAS DE DISPOSICIÓN SANITARIA DE EXCRETAS EN LA CC. NN. ALTO CHURUMAZU Y LAS LOCALIDADES DE ALTO CHURUMAZU, ALTO SOGORMO, ALTO TRES AGUAS Y SANTA ELENA DISTRITO DE OXAPAMPA DE LA PROVINCIA DE OXAPAMPA DEL DEPARTAMENTO DE PASCO",Contrata,Sin Ejecución,"","",OXAPAMPA,OXAPAMPA,PASCO
553558,2692235,2692235,MEJORAMIENTO DEL SERVICIO COMPLEMENTARIO AL TRANSPORTE TERRESTRE EN EL TERMINAL TERRESTRE DEL DISTRITO DE OXAPAMPA DE LA PROVINCIA DE OXAPAMPA DEL DEPARTAMENTO DE PASCO,Contrata,Sin Ejecución,"",1999973.63,OXAPAMPA,OXAPAMPA,PASCO
553555,2620470,2620470,"ADQUISICION DE CAMION COMPACTADOR; EN EL(LA) UNIDAD DE GESTIÓN DE RESIDUOS SÓLIDOS DISTRITO DE OXAPAMPA, PROVINCIA OXAPAMPA, DEPARTAMENTO PASCO",Administración directa,Finalizado,20/11/2023 00:00:00,485990,OXAPAMPA,OXAPAMPA,PASCO
553471,2695499,2695499,"RENOVACION DE SERVICIOS HIGIENICOS Y/O VESTIDORES; EN EL(LA) LOCALIDAD DE CHACAYAN, DISTRITO DE CHACAYAN, PROVINCIA DANIEL ALCIDES CARRION, DEPARTAMENTO PASCO",Administración directa,Sin Ejecución,"","",CHACAYAN,DANIEL ALCIDES CARRION,PASCO
553345,2657084,2657084,"MEJORAMIENTO DEL SERVICIO DE TRANSITABILIDAD VIAL INTERURBANA EN EMPALME JU 1399 PUENTE MELLIZOS, ANEXO SAN JUAN 71, Y ALTO CHINCARMAS EMPALME JU1403 DISTRITO DE PERENE DE LA PROVINCIA DE CHANCHAMAYO DEL DEPARTAMENTO DE JUNIN",Administración directa,Sin Ejecución,"",2938380.68,,,PASCO
553232,2655955,2655955,MEJORAMIENTO DE LOS SERVICIOS OPERATIVOS O MISIONALES INSTITUCIONALES EN EL CENTRO CIVICO DEL CENTRO POBLADO DE SAN FRANCISCO DE CAHUAPANAS DEL DISTRITO DE PUERTO BERMUDEZ DE LA PROVINCIA DE OXAPAMPA DEL DEPARTAMENTO DE PASCO,Contrata,En Ejecución,27/04/2026 00:00:00,904393.13,PUERTO BERMUDEZ,OXAPAMPA,PASCO
553205,2675780,2675780,"CONSTRUCCION DE COBERTURA; RENOVACION DE CAMPO DEPORTIVO; REPARACION DE BOLETERIA Y SERVICIOS HIGIENICOS Y/O VESTIDORES; ADEMÁS DE OTROS ACTIVOS EN EL(LA) COLISEO DEPORTIVO EN EL CENTRO POBLADO QUIPARACRA, DISTRITO DE HUACHON, PROVINCIA PASCO, DEPARTAMENTO PASCO",Contrata,En Ejecución,24/03/2026 00:00:00,528058.77,HUACHON,PASCO,PASCO
553033,2650403,2650403,"MEJORAMIENTO DEL SERVICIO DE ATENCIÓN DE SALUD BÁSICOS EN BOTIQUIN COMUNAL DE LA CC.NN. MIRITIRIANI, DISTRITO DE PUERTO BERMUDEZ DE LA PROVINCIA DE OXAPAMPA DEL DEPARTAMENTO DE PASCO",Administración directa,En Ejecución,11/02/2026 00:00:00,318661.27,PUERTO BERMUDEZ,OXAPAMPA,PASCO
553013,2707856,2707856,"RENOVACION DE SUPERFICIE DE RODADURA; CONSTRUCCION DE DRENAJE TRANSVERSAL; EN EL(LA) PA 632 (EMP. PA 631 SAN ROQUE - PTA. CARRETERA) EN EL CENTRO POBLADO SAN ROQUE, DISTRITO DE CHONTABAMBA, PROVINCIA OXAPAMPA, DEPARTAMENTO PASCO",Contrata,En Ejecución,2/02/2026 00:00:00,466865.64,CHONTABAMBA,OXAPAMPA,PASCO
552878,2714278,2714278,"RENOVACION DE ESCALERA/ESCALINATA; EN EL(LA) CALLE PINTO Y MURILLO, ACCESO AL PUERTO PRINCIPAL DEL DISTRITO DE PUERTO BERMUDEZ, PROVINCIA OXAPAMPA, DEPARTAMENTO PASCO",Administración directa,Finalizado,24/12/2025 00:00:00,51612.46,PUERTO BERMUDEZ,OXAPAMPA,PASCO
552837,0,0,"MEJORAMIENTO DE VIVIENDA RURAL EN LOS CENTROS POBLADOS MALAUCHACA (SAN ANTONIO DE MALAUCHACA), QUIPAPUQUION Y OTROS - DISTRITO DE TICLACAYAN - PROVINCIA DE PASCO- DEPARTAMENTO DE PASCO -Convenio NE No1082-1901-2023-216-PAS/VMVU/PNVR",Por núcleo ejecutor,Finalizado,29/07/2024 00:00:00,1327889.05,TICLACAYAN,PASCO,PASCO
552770,2692141,2692141,"ADQUISICION DE EQUIPO DE OTROS ACTIVOS COMPLEMENTARIOS; EN EL(LA) OPTIMIZACION Y REPOCISION EN LOS CAMPOS DE CULTIVOS EN EL DISTRITO DE HUAYLLAY, PROVINCIA PASCO, DEPARTAMENTO PASCO",Administración directa,Sin Ejecución,"",192223.60,HUAYLLAY,PASCO,PASCO
552662,2712653,2712653,"REPARACION DE ESPACIO DE RECREACION PASIVA; CONSTRUCCION DE PLATAFORMA PARA DISCAPACITADOS; EN EL(LA) PARQUE LOS FUNDADORES DE DISTRITO DE PUERTO BERMUDEZ, PROVINCIA OXAPAMPA, DEPARTAMENTO PASCO",Administración directa,Finalizado,24/12/2025 00:00:00,217464.43,PUERTO BERMUDEZ,OXAPAMPA,PASCO
552622,2672505,2672505,RECUPERACION DE AREAS DEGRADADAS POR RESIDUOS SÓLIDOS MUNICIPALES EN LOCALIDAD DE HUAYLLAY DISTRITO DE HUAYLLAY DE LA PROVINCIA DE PASCO DEL DEPARTAMENTO DE PASCO,Contrata,Sin Ejecución,"","",HUAYLLAY,PASCO,PASCO
552140,2668484,2668484,CREACION DEL SERVICIO DE PRÁCTICA DEPORTIVA Y/O RECREATIVA EN LA LOSA DEPORTIVA DE GRASS SINTÉTICO EN LOCALIDAD DE SAN PEDRO DE PILLAO DISTRITO DE SAN PEDRO DE PILLAO DE LA PROVINCIA DE DANIEL ALCIDES CARRION DEL DEPARTAMENTO DE PASCO,Contrata,En Ejecución,26/02/2026 00:00:00,622884.66,SAN PEDRO DE PILLAO,DANIEL ALCIDES CARRION,PASCO
552132,2679894,2679894,"REPARACION DE PUENTE PEATONAL; EN EL(LA) CAMINO DE HERRADURA DEL CASERIO SAN PEDRO DE HERRERIA DISTRITO DE HUANCABAMBA, PROVINCIA OXAPAMPA, DEPARTAMENTO PASCO",Administración directa,En Ejecución,13/11/2025 00:00:00,72086.08,HUANCABAMBA,OXAPAMPA,PASCO
552099,2487220,2487220,MEJORAMIENTO DEL CENTRO DEPORTIVO Y RECREATIVO WILAPARAG DEL DISTRITO DE SANTA ANA DE TUSI - PROVINCIA DE DANIEL ALCIDES CARRION - DEPARTAMENTO DE PASCO,Contrata,Sin Ejecución,"",4815882.99,SANTA ANA DE TUSI,DANIEL ALCIDES CARRION,PASCO
552011,2708142,2708142,"RENOVACION DE INFRAESTRUCTURA DEPORTIVA; EN EL(LA) IMPLEMENTACIÓN DEL GRASS SINTÉTICO Y OTROS ACTIVOS EN LA LOSA DEPORTIVA DE LA INSTITUCIÓN EDUCATIVA DE NIVEL PRIMARIA AGUSTÍN GARCÍA LIMAS N° 34132 - BARRIO PAMPA VERDE EN EL CENTRO POBLADO GOYLLARISQUIZGA, DISTRITO DE GOYLLARISQUIZGA, PROVINCIA DANIEL ALCIDES CARRION, DEPARTAMENTO PASCO",Administración directa,En Ejecución,29/01/2026 00:00:00,370201.81,GOYLLARISQUIZGA,DANIEL ALCIDES CARRION,PASCO
551957,2687125,2687125,"CONSTRUCCION DE MURO DE CONTENCION; EN EL(LA) CASERIO SANTO ROSARIO DEL DISTRITO DE HUAYLLAY, PROVINCIA PASCO, DEPARTAMENTO PASCO",Administración directa,Finalizado,3/11/2025 00:00:00,92904.52,HUAYLLAY,PASCO,PASCO
551955,2690151,2690151,CREACION DE LOS SERVICIOS OPERATIVOS O MISIONALES INSTITUCIONALES EN EL CENTRO POBLADO TAMBO DEL SOL DEL DISTRITO DE NINACACA DE LA PROVINCIA DE PASCO DEL DEPARTAMENTO DE PASCO,Contrata,Sin Ejecución,"",810145.93,NINACACA,PASCO,PASCO
551954,2690150,2690150	,CREACION DE LOS SERVICIOS OPERATIVOS O MISIONALES INSTITUCIONALES EN EL CASERIO DE HUAY HUAY DEL DISTRITO DE NINACACA DE LA PROVINCIA DE PASCO DEL DEPARTAMENTO DE PASCO,Contrata,Sin Ejecución,"",827208.92,NINACACA,PASCO,PASCO
551880,2674136,2674136,MEJORAMIENTO DEL SERVICIOS DE ESPACIOS PÚBLICOS URBANOS EN JR. SUCRE DE LA LOCALIDAD DE HUAYLLAY DISTRITO DE HUAYLLAY DE LA PROVINCIA DE PASCO DEL DEPARTAMENTO DE PASCO,Contrata,Sin Ejecución,"",553182.70,HUAYLLAY,PASCO,PASCO
551863,2560584,2560584,CREACION DEL PARQUE INFANTIL DEL CENTRO POBLADO SAN AGUSTIN DE HUAYCHAO DEL DISTRITO DE HUAYLLAY - PROVINCIA DE PASCO - DEPARTAMENTO DE PASCO,Contrata,Sin Ejecución,"",1282939.33,HUAYLLAY,PASCO,PASCO
551345,2698124,2698124,CREACION DEL SERVICIO DE MOVILIDAD URBANA EN LA CALLE 28 DE JULIO DISTRITO DE PAUCAR DE LA PROVINCIA DE DANIEL ALCIDES CARRION DEL DEPARTAMENTO DE PASCO,Contrata,En Ejecución,29/12/2025 00:00:00,1338013.81,PAUCAR,DANIEL ALCIDES CARRION,PASCO
550611,2621647,2621647,AMPLIACION DEL SERVICIO DE TRANSITABILIDAD VIAL INTERURBANA EN CAÑACHACRA -ALTO CAÑACHACRA DISTRITO DE POZUZO DE LA PROVINCIA DE OXAPAMPA DEL DEPARTAMENTO DE PASCO,Contrata,En Ejecución,3/03/2026 00:00:00,2409765.31,POZUZO,OXAPAMPA,PASCO
550538,2668372,2668372,MEJORAMIENTO Y AMPLIACION DEL SERVICIO DE AGUA POTABLE RURAL Y MEJORAMIENTO Y AMPLIACION DEL SERVICIO DE ALCANTARILLADO U OTRAS FORMAS DE DISPOSICIÓN SANITARIA DE EXCRETAS EN CENTRO POBLADO LOMA LINDA DISTRITO DE PALCAZU DE LA PROVINCIA DE OXAPAMPA DEL DEPARTAMENTO DE PASCO,Contrata,Sin Ejecución,"","",PALCAZU,OXAPAMPA,PASCO
550336,2653554,2653554,"REMODELACION DE LOSA DEPORTIVA; CONSTRUCCION DE CERCO PERIMETRICO; EN EL(LA) LOSA DEPORTIVA DEL CASERIO DE MIRAFLORES DEL CENTRO POBLADO DE MALLAMPAMPA DISTRITO DE HUANCABAMBA, PROVINCIA OXAPAMPA, DEPARTAMENTO PASCO",Administración directa,Sin Ejecución,"",236791.52,HUANCABAMBA,OXAPAMPA,PASCO
550101,2678088,2678088,"CONSTRUCCION DE AMBIENTE COMPLEMENTARIO; EN EL(LA) I.E. 34310 LEONCIO PRADO EN EL CENTRO POBLADO UNION SIRIA, DISTRITO DE CONSTITUCION, PROVINCIA OXAPAMPA, DEPARTAMENTO PASCO",Contrata,Sin Ejecución,"","",CONSTITUCION,OXAPAMPA,PASCO
550085,2643749,2643749,"RENOVACION DE CERCO PERIMETRICO; EN EL(LA) I.E. PRITE OXAPAMPA DISTRITO DE OXAPAMPA, PROVINCIA OXAPAMPA, DEPARTAMENTO PASCO",Contrata,Finalizado,16/01/2026 00:00:00,283445.29,OXAPAMPA,OXAPAMPA,PASCO
550027,2666822,2666822,"EJECUCION DE IOARR ADQUISICION DE EQUIPOS COMPLEMENTARIOS; EN EL(LA) DIFERENTES GERENCIAS Y UNIDADES ORGANICAS DE LA MUNICIPALIDAD DEL DISTRITO DE TINYAHUARCO, PROVINCIA PASCO, DEPARTAMENTO PASCO",Contrata,Sin Ejecución,"",378139.51,TINYAHUARCO,PASCO,PASCO
549882,2655312,2655312,CREACION DEL SERVICIO DE PRÁCTICA DEPORTIVA Y/O RECREATIVA EN EL CENTRO POBLADO DE CHUPACA DISTRITO DE PAUCARTAMBO DE LA PROVINCIA DE PASCO DEL DEPARTAMENTO DE PASCO,Contrata,En Ejecución,25/08/2025 00:00:00,645275.49,PAUCARTAMBO,PASCO,PASCO
549723,2597788,2597788,"CREACION DEL SERVICIO DE MOVILIDAD URBANA EN LOS BARRIOS DE NUEVA ESPERANZA, VISTA ALEGRE Y HUANCAYO DEL CENTRO POBLADO DE SAN FRANCISCO DE PUCURHUAY DISTRITO DE TICLACAYAN DE LA PROVINCIA DE PASCO DEL DEPARTAMENTO DE PASCO",Contrata,En Ejecución,20/01/2026 00:00:00,7896879.46,TICLACAYAN,PASCO,PASCO
549684,2690861,2690861,"RENOVACION DE ESTRUCTURA DE CAPTACION (BOCATOMA), LINEA DE CONDUCCION Y PTAP, REPARACION DE PTAP, EN EL (LA) DEL SISTEMA DE SANEAMIENTO BASICO EN EL CENTRO POBLADO DE MICHIVILCA, DISTRITO DE TAPUC, PROVINCIA DANIEL ALCIDES CARRION",Contrata,Sin Ejecución,"",333170.03,TAPUC,DANIEL ALCIDES CARRION,PASCO
549607,2625104,2625104,"CREACION DEL SERVICIO DE TRANSITABILIDAD VIAL INTERURBANA EN EL TRAMO JOGOPUNA,TINYACOG DISTRITO DE YANAHUANCA DE LA PROVINCIA DE DANIEL ALCIDES CARRION DEL DEPARTAMENTO DE PASCO",Contrata,Sin Ejecución,"",1308874.27,YANAHUANCA,DANIEL ALCIDES CARRION,PASCO
549473,2491596,2491596,MEJORAMIENTO Y AMPLIACION DEL SISTEMA DE AGUA POTABLE E INSTALACIÓN DEL SISTEMA DE ALCANTARILLADO CON PLANTA DE TRATAMIENTO DE AGUAS RESIDUALES EN EL CENTRO POBLADO JARRIA (LA MERCED DE JARRIA) DEL DISTRITO DE PALLANCHACRA - PROVINCIA DE PASCO - DEPARTAMENTO DE PASCO,Contrata,En Ejecución,20/04/2026 00:00:00,4002489.40,PALLANCHACRA,PASCO,PASCO
549340,2623353,2623353,"RENOVACION DE PUENTE; EN EL(LA) AV. YANIZU (PUENTE MERETO) DE LA LOCALIDAD DE PUERTO BERMUDEZ DEL DISTRITO DE PUERTO BERMUDEZ, PROVINCIA OXAPAMPA, DEPARTAMENTO PASCO",Contrata,En Ejecución,13/04/2026 00:00:00,1649937.52,PUERTO BERMUDEZ,OXAPAMPA,PASCO
549339,2623230,2623230,"RENOVACION DE PUENTE; EN EL(LA) AV. INDUSTRIAL (PUENTE BELLAVISTA) DE LA LOCALIDAD DE PUERTO BERMUDEZ DEL DISTRITO DE PUERTO BERMUDEZ, PROVINCIA OXAPAMPA, DEPARTAMENTO PASCO",Contrata,En Ejecución,13/04/2026 00:00:00,1575820.69,PUERTO BERMUDEZ,OXAPAMPA,PASCO
549337,2623298,2623298,"RENOVACION DE PUENTE; EN EL(LA) AV. EVITAMIENTO (PUENTE TURISTICO) DE LA LOCALIDAD DE PUERTO BERMUDEZ DEL DISTRITO DE PUERTO BERMUDEZ, PROVINCIA OXAPAMPA, DEPARTAMENTO PASCO",Contrata,En Ejecución,29/12/2025 00:00:00,2759614.83,PUERTO BERMUDEZ,OXAPAMPA,PASCO
549228,2668952,2668952,"CONSTRUCCION DE COBERTURA; EN EL(LA) I.E. 34226 REVERENDO PADRE JOSE EGG DISTRITO DE POZUZO, PROVINCIA OXAPAMPA, DEPARTAMENTO PASCO",Administración directa,En Ejecución,18/11/2025 00:00:00,429251.31,POZUZO,OXAPAMPA,PASCO
549196,2672339,2672339,CREACION DEL SERVICIO DE PRÁCTICA DEPORTIVA Y/O RECREATIVA EN LA LOSA DEPORTIVA DE LA LOCALIDAD DE CHINCHIHUAQUI DEL DISTRITO DE PUERTO BERMUDEZ DE LA PROVINCIA DE OXAPAMPA DEL DEPARTAMENTO DE PASCO,Administración directa,Finalizado,1/12/2025 00:00:00,216268.66,PUERTO BERMUDEZ,OXAPAMPA,PASCO
549011,2700665,2700665,"RENOVACION DE PUENTE; EN EL(LA) QUEBRADA DOS DE MAYO EN LA VIA VECINAL PA 630 (EMP PA 631 - SAN CARLOS - SAN JOSE - DV. PTE. CHONTABAMBA - DOS DE MAYO - TINGO IZQUIERDO) EN EL CENTRO POBLADO DOS DE MAYO, DISTRITO DE CHONTABAMBA, PROVINCIA OXAPAMPA, DEPARTAMENTO PASCO",Contrata,Finalizado,14/11/2025 00:00:00,1017821.15,CHONTABAMBA,OXAPAMPA,PASCO
549001,2591645,2591645,"SALDO DE OBRA, CONSTRUCCION DE COBERTURA DE INSTALACIONES DEPORTIVAS Y ; REMODELACION DE LUMINARIA; EN EL(LA) LOCALIDAD DE RANCAS DEL DISTRITO DE SIMON BOLIVAR, PROVINCIA PASCO, DEPARTAMENTO PASCO",Contrata,Finalizado,14/08/2025 00:00:00,638197.78,SIMON BOLIVAR,PASCO,PASCO
548908,2498609,2498609,MEJORAMIENTO DEL SERVICIO DEPORTIVO Y RECREATIVO EN LA LOSA DEPORTIVA DEL JR. AYACUCHO CENTRO POBLADO DE PARAGSHA DEL DISTRITO DE SIMON BOLIVAR - PROVINCIA DE PASCO - DEPARTAMENTO DE PASCO,Contrata,En Ejecución,18/02/2026 00:00:00,1250538.18,SIMON BOLIVAR,PASCO,PASCO
548652,2706860,2706860,"REPARACION DE SUPERFICIE DE RODADURA; EN EL(LA) VIAS URBANAS EN ESTADO CRITICO DE LA LOCALIDAD DE PUERTO BERMUDEZ, DISTRITO DE PUERTO BERMUDEZ, PROVINCIA OXAPAMPA, DEPARTAMENTO PASCO",Administración directa,Sin Ejecución,"",611968.32,PUERTO BERMUDEZ,OXAPAMPA,PASCO
548649,2624801,2624801,"CONSTRUCCION DE SEMAFORO; EN EL(LA) INTERSECCIÓN DEL JR. ENRIQUE BOTTGER - JR. MULLEMBRUCK, JR. THOMAS SCHAUTZ-JR. MARISCAL CASTILLA, JR. ANGELICA FREY- JR. SIMON BOLÍVAR Y JR. GUSTAVSON- JR. INDEPENDENCIA DE LAS VIAS DE LA CIUDAD DE OXAPAMPA DISTRITO DE OXAPAMPA, PROVINCIA OXAPAMPA, DEPARTAMENTO PASCO",Contrata,En Ejecución,5/07/2024 00:00:00,253239.65,OXAPAMPA,OXAPAMPA,PASCO
548355,2669855,2669855,"CONSTRUCCION DE SERVICIOS HIGIENICOS Y/O VESTIDORES PARA ESTUDIANTES; EN EL(LA) I.E. 34633 NUEVO AMANECER DISTRITO DE TICLACAYAN, PROVINCIA PASCO, DEPARTAMENTO PASCO",Administración directa,Finalizado,3/11/2025 00:00:00,69789.59,TICLACAYAN,PASCO,PASCO
548273,2668928,2668928,CREACION DEL SERVICIO DE PRACTICA DEPORTIVA Y/O RECREATIVA EN LA LOSA DEPORTIVA DE LA CC.NN. SANTA ISABEL DE NEGUACHI DISTRITO DE PUERTO BERMUDEZ DE LA PROVINCIA DE OXAPAMPA DEL DEPARTAMENTO DE PASCO,Administración directa,Finalizado,14/11/2025 00:00:00,222370.83,PUERTO BERMUDEZ,OXAPAMPA,PASCO
548198,2669493,2669493,"REMODELACION DE LOSA DEPORTIVA; EN EL(LA) COLISEO MUNICIPAL EN EL CENTRO POBLADO ISCOZACIN, DISTRITO DE PALCAZU, PROVINCIA OXAPAMPA, DEPARTAMENTO PASCO",Administración directa,En Ejecución,13/01/2026 00:00:00,345995.81,PALCAZU,OXAPAMPA,PASCO
548197,2625496,2625496,"RENOVACION DE COBERTURA; EN EL(LA) MALLAMPAMPA DEL PUESTO DE SALUD DE MALLAMPAMPA DISTRITO DE HUANCABAMBA, PROVINCIA OXAPAMPA, DEPARTAMENTO PASCO",Administración directa,Finalizado,4/10/2025 00:00:00,238358.89,HUANCABAMBA,OXAPAMPA,PASCO
548134,2654348,2654348,"RENOVACION DE PUENTE; EN EL(LA) CAMINO VECINAL CON CODIGO DE RUTA EMP. PA-106 - AGOCHINCHAN - TUCTO - HUANGOSH - PTA. CARRETERA: PUENTE GAGANANI, PUENTE PICHUGAYAN Y PUENTE ALAQUIN DISTRITO DE HUACHON, PROVINCIA PASCO, DEPARTAMENTO PASCO",Contrata,Sin Ejecución,"",5135764.16,HUACHON,PASCO,PASCO
548132,2654344,2654344,"RENOVACION DE PUENTE; EN EL(LA) CAMINO VECINAL CON CODIGO DE RUTA R.1901012: CHUQUIMAYO - MALLAPAMPA - LUCMA: PUENTE CHUQUIMAYO Y PUENTE ACOMAYO DISTRITO DE HUACHON, PROVINCIA PASCO, DEPARTAMENTO PASCO",Contrata,Sin Ejecución,"",3549571.79,HUACHON,PASCO,PASCO
548009,2684228,2684228,MEJORAMIENTO Y AMPLIACION DEL SERVICIO DE EDUCACION PRIMARIA EN I.E. 34007 ISABEL ALCANTARA E DE CENTRO POBLADO QUIPARACRA DISTRITO DE HUACHON DE LA PROVINCIA DE PASCO DEL DEPARTAMENTO DE PASCO,Contrata,Sin Ejecución,"","",HUACHON,PASCO,PASCO
547796,2689355,2689355,"REPARACION DE CALZADA Y CUNETA; EN EL(LA) CAMINO VECINAL, TRAMO EMP. PE-18 (USPACHACA) - EMP. PA-519 (YACAS) DE LA LOCALIDAD DE USPACHACA, DISTRITO DE TAPUC, PROVINCIA DANIEL ALCIDES CARRION, DEPARTAMENTO PASCO",Administración directa,En Ejecución,22/09/2025 00:00:00,11772.13,TAPUC,DANIEL ALCIDES CARRION,PASCO
547760,2617266,2617266,CREACION DE LOS SERVICIOS OPERATIVOS O MISIONALES INSTITUCIONALES EN LOCAL DE USOS MULTIPLES EN EL CENTRO POBLADO DE SACRA FAMILIA DISTRITO DE SIMON BOLIVAR DE LA PROVINCIA DE PASCO DEL DEPARTAMENTO DE PASCO,Contrata,En Ejecución,6/11/2025 00:00:00,2144904.10,SIMON BOLIVAR,PASCO,PASCO
547737,2671655,2671655,"CONSTRUCCIÓN DE CAPTACIÓN DE AGUA ; EN EL(LA) RECARGA HÍDRICA PARA LA UNIDAD PRODUCTORA CANAL DE RIEGO DEL PARAJE CARHUAMARAN SAN ANTONIO LEGUA, CANALES LATERALES ZONA BAJA; DISTRITO VICCO Y DISTRITO DE NINACACA, PROVINCIA PASCO, DEPARTAMENTO PASCO",Administración directa,Sin Ejecución,"",3353361.17,VICCO,PASCO,PASCO
547481,2650054,2650054,"REPARACION DE PTAR; EN EL(LA) CENTRO POBLADO DE CHINCHE YANAHUANCA DISTRITO DE YANAHUANCA, PROVINCIA DANIEL ALCIDES CARRION, DEPARTAMENTO PASCO",Contrata,Finalizado,15/11/2025 00:00:00,467229.18,YANAHUANCA,DANIEL ALCIDES CARRION,PASCO
547456,2592165,2592165,"MEJORAMIENTO Y AMPLIACION DEL SERVICIO DE MOVILIDAD URBANA EN LAS CALLES DEL JR. MARISCAL CASTILLA, JR. JUNÍN, JR. TARMA, JR. PASCO JR. BOLIVAR, CA. PROGRESO, CA. MIGUEL GRAU Y CA. DANIEL ALCIDES CARRION EN EL CENTRO POBLADO NINACACA DISTRITO DE NINACACA DE LA PROVINCIA DE PASCO DEL DEPARTAMENTO DE PASCO",Contrata,En Ejecución,24/12/2025 00:00:00,9075783.33,NINACACA,DANIEL ALCIDES CARRION,PASCO
547174,2668930,2668930,"CONSTRUCCION DE COBERTURA; EN EL(LA) I.E. SAN JOSE DISTRITO DE POZUZO, PROVINCIA OXAPAMPA, DEPARTAMENTO PASCO",Administración directa,Finalizado,28/10/2025 00:00:00,170207.25,POZUZO,OXAPAMPA,PASCO
547167,2655509,2655509,CREACION DEL SERVICIO DE TRANSITABILIDAD VIAL INTERURBANA EN TROCHA CARROZABLE TRAMO PICHUYGAYAN ¿ ROSA PATA ¿ YACHICANCHAN - ACLAPUNCO EN EL CENTRO POBLADO DE QUIPARACRA DISTRITO DE HUACHON DE LA PROVINCIA DE PASCO DEL DEPARTAMENTO DE PASCO,Contrata,En Ejecución,20/11/2025 00:00:00,668527.56,HUACHON,PASCO,PASCO
547121,2673519,2673519,"CONSTRUCCION DE ESPACIO DE RECREACION PASIVA; EN EL(LA) PARQUE DE CARTAGENA DISTRITO DE CONSTITUCION, PROVINCIA OXAPAMPA, DEPARTAMENTO PASCO",Contrata,En Ejecución,21/10/2025 00:00:00,358209.52,CONSTITUCION,OXAPAMPA,PASCO
546761,2672322,2672322,CREACION DEL SERVICIO DE PRÁCTICA DEPORTIVA Y/O RECREATIVA EN LA LOSA DEPORTIVA DE LA LOCALIDAD DE PASCUALA DEL DISTRITO DE PUERTO BERMUDEZ DE LA PROVINCIA DE OXAPAMPA DEL DEPARTAMENTO DE PASCO,Administración directa,Finalizado,23/10/2025 00:00:00,230310.26,PUERTO BERMUDEZ,OXAPAMPA,PASCO
546608,2672318,2672318,CREACION DEL SERVICIO DE PRÁCTICA DEPORTIVA Y/O RECREATIVA EN LA LOSA DEPORTIVA DE LA LOCALIDAD DE SAN MARTIN DEL DISTRITO DE PUERTO BERMUDEZ DE LA PROVINCIA DE OXAPAMPA DEL DEPARTAMENTO DE PASCO,Administración directa,Finalizado,24/10/2025 00:00:00,226985.91,PUERTO BERMUDEZ,OXAPAMPA,PASCO
546588,2654207,2654207,CREACION DEL SERVICIOS DE ESPACIOS PÚBLICOS URBANOS EN /CON LOCAL COMUNAL EN EL CASERIO DE GORGORIN DISTRITO DE CHACAYAN DE LA PROVINCIA DE DANIEL ALCIDES CARRION DEL DEPARTAMENTO DE PASCO,Contrata,Finalizado,6/10/2025 00:00:00,179225.29,CHACAYAN,DANIEL ALCIDES CARRION,PASCO
546584,2654208,2654208,CREACION DEL SERVICIOS DE ESPACIOS PÚBLICOS URBANOS EN /CON LOCAL DE USOS MULTIPLES EN EL CASERIO DE ISCAYCOCHA DISTRITO DE CHACAYAN DE LA PROVINCIA DE DANIEL ALCIDES CARRION DEL DEPARTAMENTO DE PASCO,Contrata,Finalizado,13/10/2025 00:00:00,180971.01,CHACAYAN,DANIEL ALCIDES CARRION,PASCO
546551,2682902,2682902,CREACION DE LOS SERVICIOS OPERATIVOS O MISIONALES INSTITUCIONALES EN EL LOCAL DE USOS MÚLTIPLES DE CENTRO POBLADO PARIACANCHA (SAN MIGUEL DE PARIACANCHA) DISTRITO DE PALLANCHACRA DE LA PROVINCIA DE PASCO DEL DEPARTAMENTO DE PASCO,Contrata,En Ejecución,27/10/2025 00:00:00,426071.04,PALLANCHACRA,PASCO,PASCO
546475,0,0,"MEJORAMIENTO DE VIVIENDA RURAL EN LOS CENTROS POBLADOS BELLAVISTA, DIVISORIA DE ZUNGARO Y TUNUNGA -DISTRITO DE CODO DEL POZUZO - PROVINCIA DE PUERTO INCA -DEPARTAMENTO DE HUÁNUCO -Convenio NE N.o 1082-1009-2023-114-HUA/VMVU/PNVR",Por núcleo ejecutor,Finalizado,1/07/2024 00:00:00,1240931.33,POZUZO,OXAPAMPA,PASCO
546456,2672327,2672327,CREACION DEL SERVICIO DE PRÁCTICA DEPORTIVA Y/O RECREATIVA EN LA LOSA DEPORTIVA DE LA LOCALIDAD DE REDENCION NEVATI DEL DISTRITO DE PUERTO BERMUDEZ DE LA PROVINCIA DE OXAPAMPA DEL DEPARTAMENTO DE PASCO,Administración directa,Finalizado,3/10/2025 00:00:00,221166.63,PUERTO BERMUDEZ,OXAPAMPA,PASCO
546039,2693515,2693515,CREACION DEL SERVICIO DE MOVILIDAD URBANA EN EL JIRON ALFONSO UGARTE DEL DISTRITO DE NINACACA DE LA PROVINCIA DE PASCO DEL DEPARTAMENTO DE PASCO,Contrata,En Ejecución,27/10/2025 00:00:00,1761378.79,NINACACA,PASCO,PASCO
545943,2547215,2547215,CREACION DEL SERVICIO DEPORTIVO EN LA LOCALIDAD DE ACO DEL DISTRITO DE PAUCARTAMBO - PROVINCIA DE PASCO - DEPARTAMENTO DE PASCO,Contrata,Finalizado,22/08/2025 00:00:00,659917.63,PAUCARTAMBO,PASCO,PASCO
545870,0,0,MEJORAMIENTO DE VIVIENDA RURAL EN EL CENTRO POBLADO LOS ANDES DE PUCARA - DISTRITO DE HUAYLLAY; CENTROS POBLADOS UCRUCANCHA Y JANCAPARIA ¿ DISTRITO DE SIMON BOLIVAR -PROVINCIA DE PASCO - DEPARTAMENTO DE PASCO - CONVENIO NE N° 1082-1901-2022-053-PAS/VMVU/PNVR,Por núcleo ejecutor,Finalizado,10/07/2023 00:00:00,1399622.95,SIMON BOLIVAR,PASCO,PASCO
545869,0,0,"MEJORAMIENTO DE VIVIENDA RURAL EN LOS CENTROS POBLADOS HUAYO, UCRO (SANTA ROSA DE UCRO) Y OTROS - DISTRITO DE SANTA ANA DE TUSI - PROVINCIA DE DANIEL ALCIDES CARRION - DEPARTAMENTO DE PASCO - CONVENIO NE Nº 1082-1902-2022-052-PAS/VMVU/PNVR",Por núcleo ejecutor,Finalizado,10/07/2023 00:00:00,1265323.78,SANTA ANA DE TUSI,DANIEL ALCIDES CARRION,PASCO
545647,2618074,2618074,CREACION DEL SERVICIO DE PRÁCTICA DEPORTIVA Y/O RECREATIVA EN LA COMUNIDAD CAMPESINA LA QUINUA DEL CENTRO POBLADO LA QUINUA DISTRITO DE YANACANCHA DE LA PROVINCIA DE PASCO DEL DEPARTAMENTO DE PASCO,Contrata,Finalizado,22/10/2025 00:00:00,478902.09,YANACANCHA,PASCO,PASCO
545646,2669446,2669446,CREACION DEL SERVICIO DE PRÁCTICA DEPORTIVA Y/O RECREATIVA EN LA COMUNIDAD CAMPESINA SANTA ROSA DE PITIC DE CENTRO POBLADO LA QUINUA DISTRITO DE YANACANCHA DE LA PROVINCIA DE PASCO DEL DEPARTAMENTO DE PASCO,Contrata,Finalizado,17/12/2025 00:00:00,322782.44,YANACANCHA,PASCO,PASCO
545329,2604728,2604728,"RENOVACION DE PUENTE; EN EL(LA) PUENTE ANDACHACA EN LA LOCALIDAD ANDACHACA, DISTRITO DE YANAHUANCA, PROVINCIA DANIEL ALCIDES CARRION, DEPARTAMENTO PASCO",Contrata,Finalizado,9/10/2025 00:00:00,782846.33,YANAHUANCA,DANIEL ALCIDES CARRION,PASCO
545328,2605539,2605539,"RENOVACION DE PUENTE; EN EL(LA) PUENTE HUCHUGYACU DISTRITO DE SANTA ANA DE TUSI, PROVINCIA DANIEL ALCIDES CARRION, DEPARTAMENTO PASCO",Contrata,Finalizado,12/11/2025 00:00:00,528741.25,SANTA ANA DE TUSI,DANIEL ALCIDES CARRION,PASCO
545326,2524960,2524960,EJECUCION DE OBRA MEJORAMIENTO E IMPLEMENTACION DEL PUESTO DE SALUD HUARAUCACA DE LA COMUNIDAD CAMPESINA DE HUARAUCACA DEL DISTRITO DE TINYAHUARCO - PROVINCIA DE PASCO - DEPARTAMENTO DE PASCO,Administración directa,Sin Ejecución,"",365197.33,TINYAHUARCO,PASCO,PASCO
544787,2647335,2647335,"CREACION DEL SERVICIO DE MOVILIDAD URBANA EN PISTAS, VEREDAS , ACCESOS PEATONALES Y ESCALINATAS EN EL BARRIO ALLAUCA DEL DISTRITO DE TAPUC DE LA PROVINCIA DE DANIEL ALCIDES CARRION DEL DEPARTAMENTO DE PASCO",Administración directa,Finalizado,22/07/2025 00:00:00,653881.75,TAPUC,DANIEL ALCIDES CARRION,PASCO
544479,2648324,2648324,"CONSTRUCCION DE INFRAESTRUCTURA DE ALMACENAMIENTO; EN EL(LA) RELLENO SANITARIO PARA LAS CIUDADES DE OXAPAMPA, CHONTABAMBA Y HUANCABAMBA DISTRITO DE HUANCABAMBA, PROVINCIA OXAPAMPA, DEPARTAMENTO PASCO",Contrata,En Ejecución,23/09/2025 00:00:00,1717151.31,HUANCABAMBA,OXAPAMPA,PASCO
544301,0,0,MEJORAMIENTO DE VIVIENDA RURAL EN LOS CENTROS POBLADOS DIECINUEVE Y HUANDO - DISTRITO DE NINACACA- PROVINCIA DE PASCO - DEPARTAMENTO DE PASCO - CONVENIO 1082-1901-2023-196-PAS/VMVU/PNVR (196-2025),Por núcleo ejecutor,Finalizado,16/06/2025 00:00:00,837543.92,NINACACA,PASCO,PASCO
544300,0,0,"MEJORAMIENTO DE VIVIENDA RURAL EN LOS CENTROS POBLADOS DE HUAGLAYOC (SAN JUAN DE HUAGLAYOC), POGOG (SAN ANTONIO DE POGOG) Y PITIGCHACA - DISTRITO DE SANTA ANA DE TUSI - PROVINCIA DE DANIEL ALCIDES CARRION; CENTRO POBLADO DE GARACANCHA - DISTRITO DE SIMON BOLIVAR - PROVINCIA DE PASCO - DEPARTAMENTO DE PASCO - CONVENIO 1082-1902-2024-194-PAS/VMVU/PNVR (194-2025)",Por núcleo ejecutor,Finalizado,16/06/2025 00:00:00,1542205.94,SANTA ANA DE TUSI,DANIEL ALCIDES CARRION,PASCO
544177,2563401,2563401,"I ETAPA: MEJORAMIENTO DE VIA Y TRATAMIENTO PAISAJISTICO EN EL JIRON LIMA DEL ASENTAMIENTO HUMANO ULIACHIN, DISTRITO DE CHAUPIMARCA - PROVINCIA DE PASCO - DEPARTAMENTO DE PASCO",Contrata,En Ejecución,11/09/2025 00:00:00,1784682.12,CHAUPIMARCA,PASCO,PASCO
544112,2568491,2568491,CREACION DE PISTAS Y VEREDAS DEL JR. TARMA TRAMO PJE. TIWINZA - PJE. LIBERTAD DEL BARRIO HUALGAYGAGA DEL DISTRITO DE HUAYLLAY - PROVINCIA DE PASCO - DEPARTAMENTO DE PASCO,Administración directa,En Ejecución,11/08/2025 00:00:00,590200.09,HUAYLLAY,PASCO,PASCO
543867,2651219,2651219,CREACION DE LOS SERVICIOS DE APOYO AL DESARROLLO PRODUCTIVO EN PARA GANADO EN LA LOCALIDAD DE TAMBILLO DEL C.P DE QUIULACOCHA DISTRITO DE SIMON BOLIVAR DE LA PROVINCIA DE PASCO DEL DEPARTAMENTO DE PASCO,Contrata,En Ejecución,4/11/2025 00:00:00,455553.81,SIMON BOLIVAR,PASCO,PASCO
543788,2664371,2664371,MEJORAMIENTO DE LOS SERVICIOS DE APOYO AL DESARROLLO PRODUCTIVO EN CADENA PRODUCTIVA DEL PLATANO EN 14 LOCALIDADES DEL DISTRITO DE PUERTO BERMUDEZ DE LA PROVINCIA DE OXAPAMPA DEL DEPARTAMENTO DE PASCO,Administración directa,Sin Ejecución,"",3166928,PUERTO BERMUDEZ,OXAPAMPA,PASCO
543655,2336369,375412,MEJORAMIENTO DE LOS SERVICIOS EDUCATIVOS DE LA ESPECIALIDAD DE MECANICA AUTOMOTRIZ Y COMPUTACION INFORMATICA DEL INSTITUTO TECNOLOGICO DANIEL ALCIDES CARRION DISTRITO DE YANAHUANCA PROVINCIA DANIEL ALCIDES CARRION DEPARTAMENTO DE PASCO,Contrata,Sin Ejecución,"",2953025.93,YANAHUANCA,DANIEL ALCIDES CARRION,PASCO
543625,2650755,2650755,"CONSTRUCCION DE INFRAESTRUCTURA DEPORTIVA; EN EL(LA) ESTADIO MUNICIPAL DE CIUDAD CONSTITUCION IV ETAPA DISTRITO DE CONSTITUCION, PROVINCIA OXAPAMPA, DEPARTAMENTO PASCO",Administración directa,Sin Ejecución,"",1028671.15,CONSTITUCION,OXAPAMPA,PASCO
543380,2598518,2598518,CREACION DEL SERVICIO DE TRANSITABILIDAD VIAL INTERURBANA EN EL EMP.PA-515 (SAN SEBASTIAN) - UNTUPUQUIO DE LA LOCALIDAD DE VILCABAMBA DEL DISTRITO DE VILCABAMBA DE LA PROVINCIA DE DANIEL ALCIDES CARRION DEL DEPARTAMENTO DE PASCO,Administración directa,Sin Ejecución,"","",VILCABAMBA,DANIEL ALCIDES CARRION,PASCO
543363,0,0,"MEJORAMIENTO DE VIVIENDA RURAL EN LOS CENTROS POBLADOS DE SANTA ROSA DE PUTAJA, CHICHURAQUINA (VILLA CORAZON DE JESUS) Y POCOBAMBA - DISTRITO DE SANTA ANA DE TUSI - PROVINCIA DE DANIEL ALCIDES CARRION - DEPARTAMENTO DE PASCO - CONVENIO 1082-1902-2024-193-PAS/VMVU/PNVR (193-2025)",Por núcleo ejecutor,Finalizado,3/06/2025 00:00:00,1584925.02,SANTA ANA DE TUSI,DANIEL ALCIDES CARRION,PASCO
543358,0,0,"MEJORAMIENTO DE VIVIENDA RURAL EN LOS CENTROS POBLADOS TACTAYOC, JUMAR Y OTROS - DISTRITO DE SANTA ANA DE TUSI - PROVINCIA DE DANIEL ALCIDES CARRION; CENTRO POBLADO HUANCAMACHAY - DISTRITO DE SAN FRANCISCO DE ASIS DE YARUSYACAN - PROVINCIA DE PASCO - DEPARTAMENTO DE PASCO - CONVENIO 1082-1902-2023-195-PAS/VMVU/PNVR (195-2025)",Por núcleo ejecutor,Finalizado,3/06/2025 00:00:00,2102983.74,SANTA ANA DE TUSI,DANIEL ALCIDES CARRION,PASCO
543331,2630861,2630861,"MEJORAMIENTO SERVICIOS DE ESPACIOS PÚBLICOS URBANOS CON VEREDAS EN AREAS VERDES EN LA AVENIDA LOS ANGELES MARGEN IZQUIERDA, TRAMO CALLE S/N, CALLE VISTA ALEGRE DEL AA.HH. JOSE CARLOS MARIATEGUI SECTOR 4 DEL DISTRITO DE SIMON BOLIVAR - PROVINCIA DE PASCO - DEPARTAMENTO DE PASCO",Administración directa,En Ejecución,4/09/2025 00:00:00,672939.75,SIMON BOLIVAR,PASCO,PASCO
543315,2668176,2668176,CREACION DEL SERVICIOS DE ESPACIOS PÚBLICOS URBANOS EN EL PARQUE PRINCIPAL DE LA LOCALIDAD DE JATUNPAMPA DISTRITO DE HUACHON DE LA PROVINCIA DE PASCO DEL DEPARTAMENTO DE PASCO,Contrata,En Ejecución,12/11/2025 00:00:00,413326.72,HUACHON,PASCO,PASCO
543199,2341221,379962,"MEJORAMIENTO, AMPLIACION DEL SERVICIO DE AGUA POTABLE E INSTALACION DEL SERVICIO DE DISPOSION SANITARIA DE EXCRETAS EN LA LOCALIDAD DE PAMPANIA, DISTRITO DE SANTA ANA DE TUSI - DANIEL ALCIDES CARRION - PASCO - PRIMERA ETAPA",Contrata,En Ejecución,7/10/2025 00:00:00,4407280.97,SANTA ANA DE TUSI,DANIEL ALCIDES CARRION,PASCO
543182,2449568,2449568,"MEJORAMIENTO DEL APROVECHAMIENTO FORESTAL DE ESPECIES DE RAPIDO CRECIMIENTO, PARA MITIGAR LA PERDIDA DE LA BIODIVERSIDAD (SUELO-BOSQUE) EN LAS 21 LOCALIDADES DEL DISTRITO DE PUERTO BERMUDEZ - PROVINCIA DE OXAPAMPA - DEPARTAMENTO DE PASCO",Administración directa,Finalizado,20/05/2025 00:00:00,4355989.74,PUERTO BERMUDEZ,OXAPAMPA,PASCO
543172,2329118,365454,MEJORAMIENTO DE LOS SERVICIOS DE PROTECCION CONTRA INUNDACIONES DEL RIO HUARAUTAMBO MARGEN IZQUIERDA EN EL CENTRO POBLADO DE HUARAUTAMBO DISTRITO DE YANAHUANCA PROVINCIA DANIEL ALCIDES CARRION DEPARTAMENTO PASCO,Contrata,Finalizado,3/05/2023 00:00:00,2500000,YANAHUANCA,DANIEL ALCIDES CARRION,PASCO
542858,2534679,2534679,CREACION DEL PARQUE DEL CENTRO POBLADO DE YANAPAMPA DEL DISTRITO DE TICLACAYAN - PROVINCIA DE PASCO - DEPARTAMENTO DE PASCO,Administración directa,En Ejecución,18/08/2025 00:00:00,330577,TICLACAYAN,PASCO,PASCO
542664,2554771,2554771,"CREACION DEL PARQUE INFANTIL EN EL CENTRO POBLADO DE SHELBY, DISTRITO DE VICCO - PROVINCIA DE PASCO - DEPARTAMENTO DE PASCO",Administración directa,Finalizado,4/09/2025 00:00:00,573117.39,VICCO,PASCO,PASCO
542656,2718878,2718878,AMPLIACION DE LOS SERVICIOS OPERATIVOS O MISIONALES INSTITUCIONALES EN LA UNIDAD DE CONTROL PATRIMONIAL Y MAESTRANZA EN LA MUNICIPALIDAD DISTRITAL DE PALCAZÚ DISTRITO DE PALCAZU DE LA PROVINCIA DE OXAPAMPA DEL DEPARTAMENTO DE PASCO,Obras por impuestos,Sin Ejecución,"","",PALCAZU,OXAPAMPA,PASCO
542556,2639990,2639990,"ADQUISICION DE EQUIPAMIENTO DE AMBIENTES COMPLEMENTARIOS; RENOVACION DE SISTEMA ELECTRICO DATA CENTER (GRUPO ELECTROGENO, TTA/TTM, TRANSFORMADORES, SAI, STS); REPARACION DE EQUIPAMIENTO DE AMBIENTES COMPLEMENTARIOS; EN EL(LA) MUNICIPALIDAD DISTRITAL DE HUACHON MUNICIPALIDAD DISTRITAL DE HUACHON DISTRITO DE HUACHON, PROVINCIA PASCO, DEPARTAMENTO PASCO",Contrata,En Ejecución,10/11/2025 00:00:00,265453.73,HUACHON,PASCO,PASCO
541619,2502138,2502138,CREACION DE LOSA DEPORTIVA MULTIUSOS EN LA LOCALIDAD DE TUPAC AMARU DEL DISTRITO DE PUERTO BERMUDEZ - PROVINCIA DE OXAPAMPA - DEPARTAMENTO DE PASCO,Administración directa,Finalizado,15/07/2025 00:00:00,226668.10,PUERTO BERMUDEZ,OXAPAMPA,PASCO
541593,2571846,2571846,MEJORAMIENTO Y AMPLIACION DE LA INFRAESTRUCTURA DE RIEGO EN LA LOCALIDAD HUACCHAL DEL DISTRITO DE YANACANCHA - PROVINCIA DE PASCO - DEPARTAMENTO DE PASCO,Contrata,Sin Ejecución,"","",YANACANCHA,PASCO,PASCO
541442,2670163,2670163,EJECUCION CREACION DEL SERVICIO DE PRÁCTICA DEPORTIVA Y/O RECREATIVA EN LA I.E. N° 34043 SIMÓN BOLÍVAR DE CENTRO POBLADO VILLA DE PASCO DISTRITO DE TINYAHUARCO DE LA PROVINCIA DE PASCO DEL DEPARTAMENTO DE PASCO.,Contrata,Sin Ejecución,"",1498714.46,TINYAHUARCO,PASCO,PASCO
541440,2638594,2638594,"REPARACION DE PTAP; REMODELACION DE CERCO PERIMETRICO; EN EL(LA) PLANTA DE TRATAMIENTO DE AGUA POTABLE EN EL CENTRO POBLADO COLQUIJIRCA, DISTRITO DE TINYAHUARCO, PROVINCIA PASCO, DEPARTAMENTO PASCO",Contrata,En Ejecución,10/09/2025 00:00:00,344123.52,TINYAHUARCO,PASCO,PASCO
541155,2635182,2635182,"RENOVACION DE PUENTE; EN EL(LA) CAMINO VECINAL R-190399, KM 00+330 (PUENTE LA BRUJA I) Y KM 01+320 (PUENTE LA BRUJA II) DISTRITO DE VILLA RICA, PROVINCIA OXAPAMPA, DEPARTAMENTO PASCO",Contrata,En Ejecución,4/08/2025 00:00:00,2732420,VILLA RICA,OXAPAMPA,PASCO
541152,2636079,2636079,"RENOVACION DE PUENTE; EN EL(LA) CAMINO VECINAL R-190359, KM 00+900 (PUENTE ALTO CACAZU) DISTRITO DE VILLA RICA, PROVINCIA OXAPAMPA, DEPARTAMENTO PASCO",Contrata,En Ejecución,18/06/2025 00:00:00,1730971,VILLA RICA,OXAPAMPA,PASCO
540749,2679566,2679566,"REMODELACION DE EDIFICACION; EN EL(LA) CENTRO DE PROMOCION Y VIGILANCIA COMUNAL EN EL CENTRO POBLADO CIUDAD CONSTITUCION, DISTRITO DE CONSTITUCION, PROVINCIA OXAPAMPA, DEPARTAMENTO PASCO",Administración directa,Finalizado,8/05/2025 00:00:00,321580.38,CONSTITUCION,OXAPAMPA,PASCO
540718,2285186,2285186,"CREACION DE PISTAS Y VEREDAS EN EL BARRIO VIRGEN DE FATIMA DEL CENTRO POBLADO DE YANACOCHA, DISTRITO DE YANAHUANCA, PROVINCIA DE DANIEL ALCIDES CARRION - PASCO",Contrata,En Ejecución,21/04/2026 00:00:00,244442.69,YANAHUANCA,DANIEL ALCIDES CARRION,PASCO
540653,2639502,2639502,"RENOVACION DE PUENTE; EN EL(LA) R-1903038: MONTECARLOS - CHOSICA (PUENTE MONTECARLO) CASERIO DE MONTE CARLO DISTRITO DE HUANCABAMBA, PROVINCIA OXAPAMPA, DEPARTAMENTO PASCO",Contrata,En Ejecución,27/06/2025 00:00:00,3077681.33,HUANCABAMBA,OXAPAMPA,PASCO
540539,2677632,2677632,"RENOVACION DE SUPERFICIE DE RODADURA Y ALCANTARILLA; CONSTRUCCION DE BADEN; EN EL(LA) PA 629 (EMP. PA-106 LA FLORIDA - SAN MARCOS) EN EL CENTRO POBLADO SAN MARCOS, DISTRITO DE CHONTABAMBA, PROVINCIA OXAPAMPA, DEPARTAMENTO PASCO",Contrata,Finalizado,18/06/2025 00:00:00,476318.19,CHONTABAMBA,OXAPAMPA,PASCO
540525,2564338,2564338,"CREACION DEL PALACIO MUNICIPAL ANTAPIRCA DEL CENTRO POBLADO DE ANTAPIRCA, DISTRITO DE SANTA ANA DE TUSI - PROVINCIA DE DANIEL ALCIDES CARRION - DEPARTAMENTO DE PASCO",Contrata,En Ejecución,6/08/2025 00:00:00,1980557.28,SANTA ANA DE TUSI,DANIEL ALCIDES CARRION,PASCO
540516,2672353,2672353,CREACION DEL SERVICIO DE PRÁCTICA DEPORTIVA Y/O RECREATIVA EN LA LOSA DEPORTIVA DE LA LOCALIDAD DE ACOLLA DEL DISTRITO DE PUERTO BERMUDEZ DE LA PROVINCIA DE OXAPAMPA DEL DEPARTAMENTO DE PASCO,Administración directa,Finalizado,16/06/2025 00:00:00,224687.20,PUERTO BERMUDEZ,OXAPAMPA,PASCO
540455,2640597,2640597,"RENOVACION DE PUENTE; EN EL(LA) VIA VECINAL PA-662: (SAN DANIEL) - PTA CARRETERA (YANAJANCA), (PUENTE YANAJANCA) SECTOR DE YANAJANCA DISTRITO DE HUANCABAMBA, PROVINCIA OXAPAMPA, DEPARTAMENTO PASCO",Contrata,En Ejecución,12/09/2025 00:00:00,1219042.29,HUANCABAMBA,OXAPAMPA,PASCO
540446,2403650,2403650,MEJORAMIENTO DE LA VÍA ARGENTINA Y PROLONGACIÓN ARGENTINA EN EL AA. HH. BUENOS AIRES - DISTRITO DE SIMON BOLIVAR - PROVINCIA DE PASCO - REGIÓN PASCO,Contrata,En Ejecución,22/09/2025 00:00:00,2635809.51,SIMON BOLIVAR,PASCO,PASCO
540349,2652606,2652606,"CONSTRUCCION DE RESERVORIO; EN EL(LA) SISTEMA DE AGUA POTABLE DEL CENTRO POBLADO DE VILLO DISTRITO DE YANAHUANCA, PROVINCIA DANIEL ALCIDES CARRION, DEPARTAMENTO PASCO",Contrata,Finalizado,19/09/2025 00:00:00,192209.81,YANAHUANCA,DANIEL ALCIDES CARRION,PASCO
539301,2625503,2625503,"REPARACION DE VEHICULO; EN EL(LA) DE MAQUINARIAS, EQUIPOS Y OTROS ACTIVOS EN EL ÁREA DE MAESTRANZA DISTRITO DE NINACACA, PROVINCIA PASCO, DEPARTAMENTO PASCO",Administración directa,Sin Ejecución,"",180774.27,NINACACA,PASCO,PASCO
539140,2631118,2631118,CREACION DEL SERVICIO DE MOVILIDAD URBANA EN LA CONTRUCCION DE GRADERIAS EMPEDRADAS DE LA LOCALIDAD DE QUISHUARCANCHA DEL DISTRITO DE VILCABAMBA DE LA PROVINCIA DE DANIEL ALCIDES CARRION DEL DEPARTAMENTO DE PASCO,Administración directa,Finalizado,2/04/2025 00:00:00,476264.02,VILCABAMBA,DANIEL ALCIDES CARRION,PASCO
539103,2651001,2651001,"CONSTRUCCION DE CAPTACION DE AGUA ; EN EL(LA) RECARGA HIDRICA PARA LA UNIDAD PRODUCTORA SISTEMA DE RIEGO EN LA LOCALIDAD DE USPACHACA; DISTRITO DE SAN PEDRO DE PILLAO, PROVINCIA DANIEL ALCIDES CARRION, DEPARTAMENTO PASCO",Administración directa,Finalizado,25/08/2025 00:00:00,389063.12,SAN PEDRO DE PILLAO,DANIEL ALCIDES CARRION,PASCO
539064,2644229,2644229,CREACION DEL SERVICIO DE PRÁCTICA DEPORTIVA Y/O RECREATIVA EN I.E. 34018 FRANCISCO HUARICAPCHA DISTRITO DE NINACACA DE LA PROVINCIA DE PASCO DEL DEPARTAMENTO DE PASCO,Contrata,Finalizado,6/06/2025 00:00:00,293327.46,NINACACA,PASCO,PASCO
539062,2666287,2666287,"REPARACION DE AMBIENTE DE ARTICULACION COMERCIAL; EN EL(LA) DEL CAMAL MUNICIPAL DISTRITO DE NINACACA, PROVINCIA PASCO, DEPARTAMENTO PASCO",Contrata,En Ejecución,10/06/2025 00:00:00,202254.87,NINACACA,PASCO,PASCO
539049,2643252,2643252,"REPARACION DE PTAR Y RESERVORIO; EN EL(LA) CENTRO POBLADO DE UCHUMARCA DISTRITO DE YANAHUANCA, PROVINCIA DANIEL ALCIDES CARRION, DEPARTAMENTO PASCO",Contrata,Finalizado,23/05/2025 00:00:00,250980,YANAHUANCA,DANIEL ALCIDES CARRION,PASCO
539044,2189352,2189352,"MEJORAMIENTO Y AMPLIACION DEL SERVICIO EDUCATIVO DEL NIVEL PRIMARIO DE LA I.E. N° 34456 VILLA CARIÑO, DISTRITO DE CONSTITUCION - PROVINCIA DE OXAPAMPA - DEPARTAMENTO DE PASCO. ETAPA II",Administración directa,En Ejecución,16/06/2025 00:00:00,3106360.79,CONSTITUCION,OXAPAMPA,PASCO
539005,2589739,2589739,CREACION DEL SERVICIO DE TRANSITABILIDAD VIAL INTERURBANA EN EL TRAMO GANISH-CUYUMA DEL CACERIO DE GANISH DISTRITO DE HUARIACA DE LA PROVINCIA DE PASCO DEL DEPARTAMENTO DE PASCO,Administración directa,En Ejecución,25/06/2024 00:00:00,2195784.70,HUARIACA,PASCO,PASCO
539003,2591187,2591187,"CREACION DEL SERVICIO DE PROVISIÓN DE AGUA PARA RIEGO EN LAS LOCALIDADES DE SAN JOSE PATARAYOG, SAN ANTONIO DE QUECHCHA Y SAN MIGUEL DE CUCHIS DEL DISTRITO DE VILCABAMBA DE LA PROVINCIA DE DANIEL ALCIDES CARRION DEL DEPARTAMENTO DE PASCO",Contrata,En Ejecución,2/06/2025 00:00:00,4658335.89,VILCABAMBA,DANIEL ALCIDES CARRION,PASCO
538594,2598403,2598403,"CONSTRUCCION DE EDIFICACION; ADQUISICION DE EQUIPOS COMPLEMENTARIOS; EN EL(LA) MUNICIPALIDAD DEL DISTRITO DE CONSTITUCION, PROVINCIA OXAPAMPA, DEPARTAMENTO PASCO",Administración directa,En Ejecución,22/12/2023 00:00:00,386368.90,CONSTITUCION,OXAPAMPA,PASCO
538375,2674453,2674453,"MEJORAMIENTO DEL SERVICIO DE MOVILIDAD URBANA EN LA CALLE LA OROYA, AVENIDA OXAPAMPA Y CALLE TISHGO DE CENTRO POBLADO QUIPARACRA DISTRITO DE HUACHON DE LA PROVINCIA DE PASCO DEL DEPARTAMENTO DE PASCO",Contrata,Sin Ejecución,"",11781832.33,OXAPAMPA,OXAPAMPA,PASCO
538172,2321390,2321390,"CREACION DEL CENTRO DE MASIFICACIÓN DE LA CULTURA Y EL DEPORTE PARA EL DISTRITO DE YANAHUANCA, PROVINCIA DE DANIEL ALCIDES CARRION - PASCO",Contrata,En Ejecución,27/10/2025 00:00:00,4551649.87,YANAHUANCA,DANIEL ALCIDES CARRION,PASCO
538071,2663532,2663532,"REMODELACION DE AULA GENERAL, LABORATORIO GENERAL, TALLER LIVIANO Y AMBIENTE DE USOS MULTIPLES; ADEMÁS DE OTROS ACTIVOS EN EL(LA) ESCUELA DE FORMACION PROFECIONAL DE ZOOTECNIA DE LA UNIVERSIDAD NACIONAL DANIEL ALCIDES CARRION DISTRITO DE YANACANCHA, PROVINCIA PASCO, DEPARTAMENTO PASCO",Contrata,Sin Ejecución,"",1014522.96,YANACANCHA,DANIEL ALCIDES CARRION,PASCO
538070,2663839,2663839,"REMODELACION DE AULA GENERAL, LABORATORIO GENERAL, LABORATORIO ESPECIFICO Y/O ESPECIALIDAD Y TALLER LIVIANO; ADEMÁS DE OTROS ACTIVOS EN EL(LA) ESCUELA DE FORMACION PROFESIONAL DE AGRONOMIA DE LA UNIVERSIDAD NACIONAL DANIEL ALCIDES CARRION EN EL CENTRO POBLADO YANACANCHA, DISTRITO DE YANACANCHA, PROVINCIA PASCO, DEPARTAMENTO PASCO",Contrata,Sin Ejecución,"",1930604.69,YANACANCHA,DANIEL ALCIDES CARRION,PASCO
538069,2663746,2663746,"REMODELACION DE AULA GENERAL, LABORATORIO GENERAL, LABORATORIO ESPECIFICO Y/O ESPECIALIDAD Y SALA DE PRACTICA Y/O SIMULACION; ADEMÁS DE OTROS ACTIVOS EN EL(LA) ESCUELA DE FORMACION PROFESIONAL DE ENFERMERIA DE LA UNIVERSIDAD NACIONAL DANIEL ALCIDES CARRION DISTRITO DE YANACANCHA, PROVINCIA PASCO, DEPARTAMENTO PASCO",Contrata,Sin Ejecución,"",1469438.49,YANACANCHA,DANIEL ALCIDES CARRION,PASCO
537733,2195131,2195131,"ETAPA: SANTUARIO NACIONAL DE HUAYLLAY: ""MEJORAMIENTO DEL SERVICIO DE BELLEZA ESCÉNICA Y PAISAJÍSTICA DE LAS ÁREAS NATURALES PROTEGIDAS DEL PARQUE NACIONAL TINGO MARÍA, PARQUE NACIONAL YANACHAGA CHEMILLÉN, RESERVA NACIONAL DE JUNÍN, SANTUARIO HISTÓRICO DE CHACAMARCA Y SANTUARIO NACIONAL DE HUAYLLAY, DEPARTAMENTO DE HUÁNUCO, PASCO Y JUNÍN"", CON CUI N° 2195131",Contrata,Finalizado,25/09/2025 00:00:00,584252.85,HUAYLLAY,PASCO,PASCO
537641,2454486,2454486,CREACION DE LA PLAZA PRINCIPAL EN EL CASERÍO SANTA ROSA DE HUANAG DEL DISTRITO DE HUARIACA - PROVINCIA DE PASCO - DEPARTAMENTO DE PASCO,Administración directa,En Ejecución,24/03/2025 00:00:00,744968.79,HUARIACA,PASCO,PASCO
537635,2630971,2630971,"CREACION DEL SERVICIO DE MOVILIDAD URBANA EN EL BARRIO PAMPA VERDE ARRIBA DE LA LOCALIDAD DE GOYLLARISQUIZGA, DISTRITO DE GOYLLARISQUIZGA DE LA PROVINCIA DE DANIEL ALCIDES CARRION DEL DEPARTAMENTO DE PASCO",Administración directa,Finalizado,10/03/2025 00:00:00,360673.41,GOYLLARISQUIZGA,DANIEL ALCIDES CARRION,PASCO
537295,2631525,2631525,CREACION DEL SERVICIO DE MOVILIDAD URBANA EN EL BARRIO DE ROSAPATA DE CENTRO POBLADO JARRIA (LA MERCED DE JARRIA) DISTRITO DE PALLANCHACRA DE LA PROVINCIA DE PASCO DEL DEPARTAMENTO DE PASCO,Administración directa,Finalizado,12/05/2025 00:00:00,702646.95,PALLANCHACRA,PASCO,PASCO
537281,2630223,2630223,CREACION DEL SERVICIOS DE ESPACIOS PUBLICOS URBANOS EN LA PLAZA DE CENTRO POBLADO SAN JUAN DE CACAZU DISTRITO DE VILLA RICA DE LA PROVINCIA DE OXAPAMPA DEL DEPARTAMENTO DE PASCO,Administración directa,Finalizado,2/04/2025 00:00:00,1102178.65,VILLA RICA,OXAPAMPA,PASCO
537211,2619934,2619934,"ADQUISICION DE SEMAFORO; EN EL(LA) LOCALIDAD DE HUARIACA DISTRITO DE HUARIACA, PROVINCIA PASCO, DEPARTAMENTO PASCO",Administración directa,Finalizado,15/03/2024 00:00:00,200794.38,HUARIACA,PASCO,PASCO
537148,2611787,2611787,"CONSTRUCCION DE CERCO PERIMETRICO; EN EL(LA) MONTECARLO DISTRITO DE HUANCABAMBA, PROVINCIA OXAPAMPA, DEPARTAMENTO PASCO",Administración directa,En Ejecución,3/03/2025 00:00:00,63242.03,HUANCABAMBA,OXAPAMPA,PASCO
536678,2609118,2609118,"CREACION DEL SERVICIO DE PRÁCTICA DEPORTIVA Y/O RECREATIVA EN CON GRASS SINTETICO EN EL BARRIO SAN JUAN, DEL CENTRO POBLADO DE CHANGO DISTRITO DE CHACAYAN DE LA PROVINCIA DE DANIEL ALCIDES CARRION DEL DEPARTAMENTO DE PASCO",Contrata,Finalizado,5/11/2024 00:00:00,230353,CHACAYAN,DANIEL ALCIDES CARRION,PASCO
536653,2495596,2495596,CREACION DE LOCAL DE USOS MULTIPLES EN EL AA.HH. DANIEL ALCIDES CARRION DISTRITO DE YANACANCHA - PROVINCIA DE PASCO - DEPARTAMENTO DE PASCO - II ETAPA,Contrata,Finalizado,4/12/2024 00:00:00,378633.98,YANACANCHA,DANIEL ALCIDES CARRION,PASCO
536649,2673104,2673104,"REPARACION DE ESPACIO DE CIRCULACION PEATONAL HORIZONTAL Y/O VERTICAL; EN EL(LA) ESPACIOS PÚBLICOS URBANOS EN EL CENTRO POBLADO PAUCAR, DISTRITO DE PAUCAR, PROVINCIA DANIEL ALCIDES CARRION, DEPARTAMENTO PASCO",Administración directa,Finalizado,30/12/2024 00:00:00,33277.04,PAUCAR,DANIEL ALCIDES CARRION,PASCO
536647,2637766,2637766,"RENOVACION DE AMBIENTE DE MANTENIMIENTO DE EQUIPOS Y VEHICULOS; EN EL(LA) MUNICIPALIDAD DISTRITAL DE PAUCAR DISTRITO DE PAUCAR, PROVINCIA DANIEL ALCIDES CARRION, DEPARTAMENTO PASCO",Administración directa,Sin Ejecución,"",99998.86,PAUCAR,DANIEL ALCIDES CARRION,PASCO
536435,2642120,2642120,"REMODELACION DE AMBIENTE DE SERVICIOS GENERALES; EN EL(LA) DEL CENTRO CIVICO DISTRITO DE NINACACA, PROVINCIA PASCO, DEPARTAMENTO PASCO",Contrata,Finalizado,19/03/2025 00:00:00,34511.40,NINACACA,PASCO,PASCO
536398,2661361,2661361,"RENOVACION DE MURO DE CONTENCION Y COBERTURA PARA PROTECCION DE ESTRUCTURAS; REPARACION DE SERVICIOS HIGIENICOS Y/O VESTIDORES PARA PERSONAL; EN EL(LA) AGENCIA AGRARIA DANIEL ALCIDES CARRIÓN DISTRITO DE YANAHUANCA, PROVINCIA DANIEL ALCIDES CARRION, DEPARTAMENTO PASCO",Contrata,Finalizado,18/03/2025 00:00:00,559519.96,YANAHUANCA,DANIEL ALCIDES CARRION,PASCO
536389,2617900,2617900,"CONSTRUCCION DE LÍNEA DE CONDUCCIÓN; EN EL(LA) CENTRO POBLADO DE PARAGSHA DISTRITO DE SIMON BOLIVAR, PROVINCIA PASCO, DEPARTAMENTO PASCO",Contrata,En Ejecución,15/04/2025 00:00:00,2418739.23,SIMON BOLIVAR,PASCO,PASCO
536377,2639360,2639360,"RENOVACION DE PUENTE; EN EL(LA) CAMINO VECINAL RUTA PA-519 (PUENTE BEMIS) EN EL CENTRO POBLADO MITO, DISTRITO DE CHACAYAN, PROVINCIA DANIEL ALCIDES CARRION, DEPARTAMENTO PASCO",Contrata,Finalizado,9/06/2025 00:00:00,668287.01,CHACAYAN,DANIEL ALCIDES CARRION,PASCO
535802,2638551,2638551,"RENOVACION DE PUENTE; EN EL(LA) CAMINO VECINAL PA-634: EMP. PA-631 - EMP. PA-631(GRAMAZÚ) - SAN JORGE - ZARAGOZA (PUENTE SAN JORGE) SECTOR DE SAN JORGE DISTRITO DE HUANCABAMBA, PROVINCIA OXAPAMPA, DEPARTAMENTO PASCO",Contrata,En Ejecución,5/02/2025 00:00:00,1745431.63,HUANCABAMBA,OXAPAMPA,PASCO
535768,2663534,2663534,"RENOVACION DE PUENTE; CONSTRUCCION DE PLATAFORMA; EN EL(LA) PUENTE MUSHUYUNCA TRAMO DESVIO MUSHUYUNCA, DISTRITO DE POZUZO, PROVINCIA OXAPAMPA, DEPARTAMENTO PASCO",Administración directa,En Ejecución,4/06/2025 00:00:00,36618113,POZUZO,OXAPAMPA,PASCO
535715,2662714,2662714,"CONSTRUCCION DE COBERTURA DE INSTALACIONES DEPORTIVAS; EN EL(LA) I.E.I. 34225 ALEXANDER VON HUMBOLT, LOCALIDAD DE PRUSIA, DISTRITO DE POZUZO, PROVINCIA OXAPAMPA, DEPARTAMENTO PASCO",Administración directa,En Ejecución,19/02/2025 00:00:00,286644.15,POZUZO,OXAPAMPA,PASCO
535702,2644861,2644861,CREACION DEL SERVICIO DE PRÁCTICA DEPORTIVA Y/O RECREATIVA EN CENTRO POBLADO PUERTO AMISTAD DISTRITO DE CONSTITUCION DE LA PROVINCIA DE OXAPAMPA DEL DEPARTAMENTO DE PASCO,Administración directa,Sin Ejecución,"",109442.95,CONSTITUCION,OXAPAMPA,PASCO
535697,2644862,2644862,CREACION DEL SERVICIO DE PRÁCTICA DEPORTIVA Y/O RECREATIVA EN EL SECTOR SAN LUIS DE CENTRO POBLADO FLOR DE UN DIA DISTRITO DE CONSTITUCION DE LA PROVINCIA DE OXAPAMPA DEL DEPARTAMENTO DE PASCO,Administración directa,Sin Ejecución,"",106123.23,CONSTITUCION,OXAPAMPA,PASCO
535696,2644858,2644858,CREACION DEL SERVICIO DE PRÁCTICA DEPORTIVA Y/O RECREATIVA EN CENTRO POBLADO ALTO LORENCILLO II DISTRITO DE CONSTITUCION DE LA PROVINCIA DE OXAPAMPA DEL DEPARTAMENTO DE PASCO,Administración directa,Sin Ejecución,"",107216.85,CONSTITUCION,OXAPAMPA,PASCO
535695,2644863,2644863,CREACION DEL SERVICIO DE PRÁCTICA DEPORTIVA Y/O RECREATIVA EN CENTRO POBLADO ORELLANA DISTRITO DE CONSTITUCION DE LA PROVINCIA DE OXAPAMPA DEL DEPARTAMENTO DE PASCO,Administración directa,En Ejecución,24/11/2025 00:00:00,106095.68,CONSTITUCION,OXAPAMPA,PASCO
535694,2644860,2644860,CREACION DEL SERVICIO DE PRÁCTICA DEPORTIVA Y/O RECREATIVA EN CENTRO POBLADO NUEVO PORVENIR DISTRITO DE CONSTITUCION DE LA PROVINCIA DE OXAPAMPA DEL DEPARTAMENTO DE PASCO,Administración directa,En Ejecución,5/03/2025 00:00:00,103794.13,CONSTITUCION,OXAPAMPA,PASCO
535690,2644857,2644857,CREACION DEL SERVICIO DE PRÁCTICA DEPORTIVA Y/O RECREATIVA EN LA ASOCIACIÓN DE VIVIENDA 15 DE ABRIL DE LA CIUDAD DE CONSTITUCION DISTRITO DE CONSTITUCION DE LA PROVINCIA DE OXAPAMPA DEL DEPARTAMENTO DE PASCO,Administración directa,Finalizado,26/05/2025 00:00:00,102838.64,CONSTITUCION,OXAPAMPA,PASCO
535616,2644859,2644859,CREACION DEL SERVICIO DE PRÁCTICA DEPORTIVA Y/O RECREATIVA EN EL SECTOR GOLONDRINAS DE CENTRO POBLADO FLOR DE UN DIA DISTRITO DE CONSTITUCION DE LA PROVINCIA DE OXAPAMPA DEL DEPARTAMENTO DE PASCO,Administración directa,Sin Ejecución,"",105786.89,CONSTITUCION,OXAPAMPA,PASCO
535583,2638658,2638658,"RENOVACION DE PUENTE; EN EL(LA) VIA VECINAL PA-675 EN EL CENTRO POBLADO ALTO PLAYA PAMPA, DISTRITO DE OXAPAMPA, PROVINCIA OXAPAMPA, DEPARTAMENTO PASCO",Contrata,En Ejecución,26/04/2025 00:00:00,1415397.09,OXAPAMPA,OXAPAMPA,PASCO
535547,2627978,2627978,CREACIÓN DEL SERVICIOS DE ESPACIOS PÚBLICOS URBANOS EN PARQUE RECREACIONAL EN EL ANEXO DE ANGELES DEL DENTRO POBLADO DE ACOPALCA DISTRITO DE PAUCARTAMBO DE LA PROVINCIA DE PASCO DEL DEPARTAMENTO DE PASCO,Administración directa,Finalizado,8/05/2025 00:00:00,802409.55,PAUCARTAMBO,PASCO,PASCO
535202,2233765,258451,AMPLIACION DEL SISTEMA ELECTRICO RURAL DE LAS LOCALIDADES DEL DISTRITO DE PUERTO BERMUDEZ-PROVINCIA DE OXAPAMPA-PASCO,Contrata,En Ejecución,9/08/2024 00:00:00,22977563.07,PUERTO BERMUDEZ,OXAPAMPA,PASCO
535053,2226795,236633,"SALDO DE LA OBRA: REHABILITACION, MEJORAMIENTO DEL CAMINO VECINAL, DESVIO CARRETERA FERNANDO BELAUNDE TERRY - YARINA - PUERTO LIBRE, DISTRITO DE CONSTITUCION - OXAPAMPA - PASCO",Contrata,Paralizada,27/05/2024 00:00:00,5416268.58,CONSTITUCION,OXAPAMPA,PASCO
534710,2255598,299448,"MEJORAMIENTO DEL CULTIVO DE PIÑA ORGÁNICO EN SISTEMAS AGROFORESTALES EN LOS VALLES DE PICHIS Y PALCAZU, PROVINCIA OXAPAMPA - REGIÓN PASCO",Administración directa,En Ejecución,2/03/2023 00:00:00,11671994.33,PALCAZU,OXAPAMPA,PASCO
531626,2188571,260971,"MEJORAMIENTO Y AMPLIACION DE LA RED PRIMARIA Y SECUNDARIA DE ELECTRIFICACION EN LOS CENTROS POBLADOS DE SAN AGUSTIN DE HUAYCHAO Y LOS ANDES DE PUCARA, DISTRITO DE HUAYLLAY - PASCO - PASCO",Contrata,Sin Ejecución,"",4466624.07,HUAYLLAY,PASCO,PASCO
531591,2156466,208937,"CREACION DEL CAMINO VECINAL KM 2+700 SANTA ANITA, TINDALPATA - CEDROPAMPA C.P. HUALLAMAYO, DISTRITO DE PAUCARTAMBO - PASCO - PASCO",Contrata,Finalizado,14/01/2013 00:00:00,1470078.19,PAUCARTAMBO,PASCO,PASCO
531458,2212845,214689,"MEJORAMIENTO DE PISTAS Y VEREDAS DEL JR. SANTA ROSA DE QUIVES, PJE. CHAVIN Y CALLE MARAVILCA DEL BARRIO SANTA ROSA DE QUIVES DE LA LOCALIDAD DE HUAYLLAY, DISTRITO DE HUAYLLAY - PASCO - PASCO",Contrata,Sin Ejecución,"","",HUAYLLAY,PASCO,PASCO
531310,2219186,238953,"CREACION DEL CENTRO CULTURAL EDUCATIVO Y SOCIAL DE LA LOCALIDAD DE PAUCARTAMBO , DISTRITO DE PAUCARTAMBO - PASCO - PASCO",Contrata,Finalizado,13/06/2013 00:00:00,972442.76,PAUCARTAMBO,PASCO,PASCO
530486,2218022,222909,"CONSTRUCCION DEL MURO DE CONTENCION EN LA VIA ALTERNA EN EL BARRIO 14 DE SETIEMBRE DE LA LOCALIDAD DE HUAYLLAY, DISTRITO DE HUAYLLAY - PASCO - PASCO",Contrata,Sin Ejecución,"",2078727.38,HUAYLLAY,PASCO,PASCO
530450,2219429,237077,"CREACION DEL PARQUE PRINCIPAL DEL ANEXO DE SAN GENARO CENTRO POBLADO DE LA VICTORIA, DISTRITO DE PAUCARTAMBO - PASCO - PASCO",Contrata,Finalizado,23/09/2013 00:00:00,607979.78,PAUCARTAMBO,PASCO,PASCO
530370,2204482,213712,"AMPLIACION, MEJORAMIENTO DEL CAMINO VECINAL DE HUAMBRAC - HUAMBRACUCHO L=1+292KM DEL C.P. DE HUALLAMAYO, DISTRITO DE PAUCARTAMBO - PASCO - PASCO",Contrata,Finalizado,1/07/2013 00:00:00,263979.62,PAUCARTAMBO,PASCO,PASCO
530208,2218917,236320,"CREACION DE PISTAS Y VEREDAS DEL JR. ALFONSO UGARTE Y CALLE GRAU EN EL ANEXO DE LA LIBERTAD DEL CENTRO POBLADO DE BELLAVISTA, DISTRITO DE PAUCARTAMBO - PASCO - PASCO",Contrata,Finalizado,2/07/2013 00:00:00,421695.12,PAUCARTAMBO,PASCO,PASCO
530183,2206253,218764,"CREACION DE TROCHA CARROZABLE DE IRANA - PACLINEA CENTRO POBLADO DE CHUPACA, DISTRITO DE PAUCARTAMBO - PASCO - PASCO",Contrata,Finalizado,8/01/2013 00:00:00,385926.54,PAUCARTAMBO,PASCO,PASCO
530054,2162083,222290,"CREACION DE PISTAS Y REMODELACION DE SERVICIOS HIGIENICOS PUBLICOS EN EL PSJ. PROGRESO, DEL BARRIO CENTRO DE LA LOCALIDAD DE HUAYLLAY, DISTRITO DE HUAYLLAY - PASCO - PASCO",Contrata,Sin Ejecución,"",170441.25,HUAYLLAY,PASCO,PASCO
529989,2163531,237181,"AMPLIACION DEL CEMENTERIO GENERAL ANGEL DE LA GUARDA , DISTRITO DE PAUCARTAMBO - PASCO - PASCO",Contrata,Finalizado,11/10/2011 00:00:00,1085394.77,PAUCARTAMBO,PASCO,PASCO
529398,2164244,224536,"CREACION DE TROCHA CARROZABLE BELLAVISTA - MULLAY C.P. DE BELLAVISTA, DISTRITO DE PAUCARTAMBO - PASCO - PASCO",Contrata,Finalizado,28/02/2013 00:00:00,462232.76,PAUCARTAMBO,PASCO,PASCO
529329,2206252,211920,"CREACION DE TROCHA CARROZABLE DE 5,5 KM COCHAMBRA - UTUTUPAMPA, C.P. DE CHUPACA, DISTRITO DE PAUCARTAMBO - PASCO - PASCO",Contrata,Finalizado,14/01/2013 00:00:00,768417.19,PAUCARTAMBO,PASCO,PASCO
527665,2319156,2319156,"MEJORAMIENTO LOSA DEPORTIVA AVENIDA OXAPAMPA, DISTRITO DE PUERTO BERMUDEZ - OXAPAMPA - PASCO",Contrata,Finalizado,11/10/2024 00:00:00,3637671.37,PUERTO BERMUDEZ,OXAPAMPA,PASCO
526926,2632465,2632465,CREACION DEL SERVICIO DE TRANSITABILIDAD VIAL INTERURBANA EN TROCHA CARROZABLE TRAMO CANCHARS ¿ RIRCUY EN EL CENTRO POBLADO DE SOCORRO DISTRITO DE NINACACA DE LA PROVINCIA DE PASCO DEL DEPARTAMENTO DE PASCO,Contrata,Sin Ejecución,"",489372.05,NINACACA,PASCO,PASCO
526659,2610501,2610501,"CONSTRUCCION DE LABORATORIO, CONSULTORIO Y SERVICIOS HIGIENICOS Y/O VESTIDORES; EN EL(LA) MIRAFLORES DE TSACHOPEN DISTRITO DE CHONTABAMBA, PROVINCIA OXAPAMPA, DEPARTAMENTO PASCO",Administración directa,Sin Ejecución,"","",CHONTABAMBA,OXAPAMPA,PASCO
526460,2613655,2613655,"REPARACION DE SUPERFICIE DE RODADURA; EN EL(LA) VIAS URBANAS DE LOS BARRIOS SAN JERONIMO, MIRAFLORES, LORETO Y CIRCUNVALACION, DISTRITO DE PUERTO BERMUDEZ, PROVINCIA OXAPAMPA, DEPARTAMENTO PASCO",Administración directa,Finalizado,5/12/2023 00:00:00,48735.67,PUERTO BERMUDEZ,OXAPAMPA,PASCO
526363,2426995,2426995,MONTAJE INSTALACION Y CONSTRUCCION DE OBRAS CIVILES DEL PUENTE MODULAR PUGA,Por convenio entre entidades,Finalizado,6/10/2022 00:00:00,594386.29,,,PASCO
526167,2640210,2640210,"RENOVACION DE PUENTE; EN EL(LA) CAMINO VECINAL R 190306 (PUENTE TUKER) DE LA CC.NN. SAN JOSE DE AZUPIZU, DISTRITO DE PUERTO BERMUDEZ, PROVINCIA OXAPAMPA, DEPARTAMENTO PASCO",Contrata,Finalizado,20/08/2025 00:00:00,1898504.67,PUERTO BERMUDEZ,OXAPAMPA,PASCO
526002,2652475,2652475,"MEJORAMIENTO DEL SERVICIO DE MOVILIDAD URBANA EN LAS VIAS LOCALES DEL JR. EULOGIO FERNANDINI EN EL TRAMO: AV. TUPAC AMARU AL JR. NICOMEDEZ MEZA DÍAZ, Y LA AV. DANIEL ALCIDES CARRION EN EL TRAMO: JR. MORALES JAMANPA AL JR. EULOGIO FERNANDINI DE CENTRO POBLADO COLQUIJIRCA DISTRITO DE TINYAHUARCO DE LA PROVINCIA DE PASCO DEL DEPARTAMENTO DE PASCO",Contrata,Finalizado,10/02/2025 00:00:00,1050785.47,TINYAHUARCO,DANIEL ALCIDES CARRION,PASCO
525815,2656196,2656196,"REPARACION DE INFRAESTRUCTURA DEPORTIVA; EN EL(LA) LOSAS DEPORTIVAS DE LA I.E. 35003 MARIANO MELGAR, I.E. SAN JUAN BAUTISTA, I.E.S.T.P. ALFRED NOBEL, LA I.E.P. ANTIOQUIA Y ESTADIO MUNICIPAL AUGUSYO LAGOS DISTRITO DE HUARIACA, PROVINCIA PASCO, DEPARTAMENTO PASCO",Administración directa,En Ejecución,16/08/2024 00:00:00,188331.11,HUARIACA,PASCO,PASCO
525793,2643385,2643385,"REPARACION DE PUENTE; EN EL(LA) CARRETERA DEPARTAMENTAL DE LA PA-110 PROGRESIVA-0+122 DISTRITO DE PAUCAR, PROVINCIA DANIEL ALCIDES CARRION, DEPARTAMENTO PASCO",Contrata,Finalizado,7/04/2025 00:00:00,752510.54,PAUCAR,DANIEL ALCIDES CARRION,PASCO
525042,2507621,2507621,CREACION DEL SERVICIO DE TRANSITABILIDAD DE PISTA Y VEREDAS EN EL CENTRO POBLADO VALLE DE JUNIPALCA DEL DISTRITO DE SAN FRANCISCO DE ASIS DE YARUSYACAN - PROVINCIA DE PASCO - DEPARTAMENTO DE PASCO,Contrata,En Ejecución,15/03/2024 00:00:00,1316637.24,SAN FRANCISCO DE ASIS DE YARUSYACAN,PASCO,PASCO
524892,2661190,2661190,"REPARACION DE CRUCE DE CARRETERA CON UNA CARRETERA PRINCIPAL; EN EL(LA) VIA VECINAL, R1903435 EN EL CAMINO VECINAL EMP.PA-109 (SECTOR PAN DE AZUCAR) - CC.NN. ALTO CHONTILLA EN EL CENTRO POBLADO ALDEA NATIVA PAN DE AZUCAR (PAN DE AZUCAR), DISTRITO DE PALCAZU, PROVINCIA OXAPAMPA, DEPARTAMENTO PASCO",Administración directa,En Ejecución,18/12/2024 00:00:00,222179.92,PALCAZU,OXAPAMPA,PASCO
524816,2440419,2440419,CREACION DE SERVICIO DE AGUA POTABLE Y ALCANTARILLADO EN LA LOCALIDAD DE SAN JUAN DE YACAN (YACAN) DEL DISTRITO DE PAUCAR - PROVINCIA DE DANIEL ALCIDES CARRION - DEPARTAMENTO DE PASCO,Contrata,Paralizada,30/12/2024 00:00:00,11631632,PAUCAR,DANIEL ALCIDES CARRION,PASCO
524645,2626000,2626000,CREACION DEL SERVICIO DE MOVILIDAD URBANA EN LA AV. TAHUANTINSUYO DEL AA.HH. TAHUANTINSUYO DISTRITO DE CHAUPIMARCA DE LA PROVINCIA DE PASCO DEL DEPARTAMENTO DE PASCO,Obras por impuestos,Sin Ejecución,"",10646892.78,CHAUPIMARCA,PASCO,PASCO
524622,2594008,2594008,"REMODELACION DE CERCO Y/O PORTADA; EN EL(LA) SEDE CENTRAL DE LA UNIVERSIDAD NACIONAL DANIEL ALCIDES CARRION DISTRITO DE YANACANCHA, PROVINCIA PASCO, DEPARTAMENTO PASCO",Contrata,En Ejecución,18/03/2025 00:00:00,3681391.90,YANACANCHA,DANIEL ALCIDES CARRION,PASCO
524505,2640935,2640935,"¿RENOVACION DE PUENTE PEATONAL; EN EL(LA) QUEBRADA ENRIQUE NANO EN LA VIA PA 716 HACIA ATAZ, EN EL CASERIO BELEN, CENTRO POBLADO 7 DE JUNIO EN EL CENTRO POBLADO 7 DE JUNIO (VILLA AMERICA), DISTRITO DE PALCAZU, PROVINCIA OXAPAMPA, DEPARTAMENTO PASCO¿",Contrata,Finalizado,5/04/2025 00:00:00,677403.53,PALCAZU,OXAPAMPA,PASCO
524311,2308235,2308235,"MEJORAMIENTO DE LA CAPACIDAD RESOLUTIVA DEL PUESTO DE SALUD DE MISCA, DISTRITO DE CHACAYAN - DANIEL ALCIDES CARRION - PASCO",Contrata,Sin Ejecución,"",5505085.52,CHACAYAN,DANIEL ALCIDES CARRION,PASCO
524222,2655646,2655646,"RENOVACION DE MURO DE CONTENCION; EN EL(LA) MARGEN DERECHA DEL RIO HUACHON EN EL CENTRO POBLADO POAGMARAY, DISTRITO DE HUACHON, PROVINCIA PASCO, DEPARTAMENTO PASCO",Contrata,Finalizado,15/11/2024 00:00:00,176627.91,HUACHON,PASCO,PASCO
524197,2658163,2658163,CREACION DEL SERVICIOS DE ESPACIOS PÚBLICOS URBANOS EN EN PARQUE RECREACIONAL DE LA LOCALIDAD DE PUAGMARAY DISTRITO DE HUACHON DE LA PROVINCIA DE PASCO DEL DEPARTAMENTO DE PASCO,Contrata,Finalizado,26/05/2025 00:00:00,533058.05,HUACHON,PASCO,PASCO
524143,2638513,2638513,"RENOVACION DE PUENTE; EN EL(LA) VIA VECINAL R-1903021: SANTA BARBARA-HUAYLAS-CHINCHAYCOCHA-SAN CARLOS-RINCONADA (PUENTES: LEON PAMPA, BLANCO Y HUAYLAS) DEL SECTOR DE HUAYLAS DISTRITO DE HUANCABAMBA, PROVINCIA OXAPAMPA, DEPARTAMENTO PASCO",Contrata,En Ejecución,26/08/2025 00:00:00,3077681.33,HUANCABAMBA,OXAPAMPA,PASCO
524107,2646201,2646201,"REMODELACION DE LOSA DEPORTIVA; CONSTRUCCION DE COBERTURA DE INSTALACIONES DEPORTIVAS Y SERVICIOS HIGIENICOS Y/O VESTIDORES; EN EL(LA) LOSA DEPORTIVA LOS ANDES DE PUCARA DEL DISTRITO DE HUAYLLAY, PROVINCIA PASCO, DEPARTAMENTO PASCO",Contrata,En Ejecución,7/07/2025 00:00:00,1259385.48,HUAYLLAY,PASCO,PASCO
524064,2313174,2313174,"INSTALACION DEL SERVICIO DE AGUA PARA EL SISTEMA DE RIEGO POR ASPERSION EN EL CASERIO DE NUEVA AURORA, DISTRITO DE TICLACAYAN - PASCO - PASCO",Contrata,En Ejecución,25/01/2025 00:00:00,8673888.99,TICLACAYAN,PASCO,PASCO
523855,2652468,2652468,"MEJORAMIENTO DE LOS SERVICIOS ECOSISTÉMICOS EN LAS AREAS DEGRADADAS MEDIANTE FORESTACION Y REFORESTACION EN LA LOCALIDAD DEL C. P. COLQUIJIRCA, C. C. VILLA DE PASCO, C. C. SMELTER Y C. C. HUARUACACA DISTRITO DE TINYAHUARCO DE LA PROVINCIA DE PASCO DEL DEPARTAMENTO DE PASCO",Administración directa,Finalizado,18/11/2024 00:00:00,266017.13,TINYAHUARCO,PASCO,PASCO
523844,2619534,2619534,"RENOVACION DE PUENTE; EN EL(LA) CAMINO VECINAL CON CODIGO DE RUTA PA ¿ 546 TICLACAYAN ¿ HUAMANMARCA ¿ TOMACONGA: PUENTES: HUAMANMARCA KM 5+750, HUAMANMARCA KM 5+100, PUENTE VILLO MACHAY ENCANTO Y TOMACONGA KM 4+920 DEL DISTRITO DE TICLACAYAN, PROVINCIA PASCO, DEPARTAMENTO PASCO",Contrata,Sin Ejecución,"","",TICLACAYAN,PASCO,PASCO
523811,2651268,2651268,"REPARACION DE TRIBUNA Y/O PALCO, SERVICIOS HIGIENICOS Y/O VESTIDORES Y CAMPO DEPORTIVO; RENOVACION DE INSTALACIONES EXTERIORES DE SERVICIOS BASICOS; EN EL(LA) ESTADIO MUNICIPAL EN EL CENTRO POBLADO HUACHON, DISTRITO DE HUACHON, PROVINCIA PASCO, DEPARTAMENTO PASCO",Contrata,Finalizado,11/11/2024 00:00:00,438312.15,HUACHON,PASCO,PASCO
523808,2448827,2448827,MEJORAMIENTO DE LA CAPACIDAD OPERATIVA DEL SISTEMA DE SEGURIDAD CIUDADANA DE LA MUNICIPALIDAD DISTRITAL DE YANACANCHA DISTRITO DE YANACANCHA - PROVINCIA DE PASCO - DEPARTAMENTO DE PASCO - SEGUNDA ETAPA,Contrata,Sin Ejecución,"",1661094.79,YANACANCHA,PASCO,PASCO
523753,2567576,2567576,"MEJORAMIENTO DE LAS LOSAS MULTIDEPORTIVAS DE LOS CENTROS POBLADOS DE VILLA CORAZON DE JESUS, 8 D EOCTUBRE, JUCLACANCHA Y RAGAN 4 LOCALIDADES DEL DISTRITO DE SANTA ANA DE TUSI - PROVINCIA DE DANIEL ALCIDES CARRION - DEPARTAMENTO DE PASCO",Contrata,Finalizado,21/12/2022 00:00:00,461797.46,SANTA ANA DE TUSI,DANIEL ALCIDES CARRION,PASCO
523729,2475723,2475723,"MEJORAMIENTO DE LAS ACTIVIDADES AGROPECUARIAS EN LOS CENTROS POBLADOS, ANEXOS Y CASERIOS DEL DISTRITO DE SANTA ANA DE TUSI - PROVINCIA DE DANIEL ALCIDES CARRIOS - DEPARTAMENTO PASCO",Administración directa,En Ejecución,20/12/2025 00:00:00,1279950.79,SANTA ANA DE TUSI,PASCO,PASCO
523725,2609417,2609417,"REPARACION DE SISTEMA DE TRATAMIENTO DE AGUAS RESIDUALES; EN EL(LA) LOCALIDAD DE MITO, DISTRITO DE CHACAYAN, PROVINCIA DANIEL ALCIDES CARRION, DEPARTAMENTO PASCO",Administración directa,Finalizado,5/12/2023 00:00:00,22000,CHACAYAN,DANIEL ALCIDES CARRION,PASCO
523650,2612884,2612884,MEJORAMIENTO DEL SERVICIO DE TRANSITABILIDAD VIAL INTERURBANA EN EL TRAMO GOYLLARISQUIZGA (CARRETERA EMP PA-523) - TUSI (CARRETERA EMP PA-527) DISTRITO DE SANTA ANA DE TUSI DE LA PROVINCIA DE DANIEL ALCIDES CARRION DEL DEPARTAMENTO DE PASCO,Contrata,En Ejecución,14/05/2025 00:00:00,18197110.84,SANTA ANA DE TUSI,DANIEL ALCIDES CARRION,PASCO
523649,2461366,2461366,"EJECUCION DE OBRA DEL MEJORAMIENTO DE LA TRANSITABILIDAD VEHICULAR Y PEATONAL EN EL AA.HH. COLUMNA PASCO, DISTRITO DE YANACANCHA - PROVINCIA DE PASCO - DEPARTAMENTO DE PASCO",Contrata,Sin Ejecución,"",15145947.93,YANACANCHA,PASCO,PASCO
523645,2646000,2646000,MEJORAMIENTO DEL SERVICIO DE MOVILIDAD URBANA EN EL CENTRO POBLADO DE SOCORRO DISTRITO DE NINACACA DE LA PROVINCIA DE PASCO DEL DEPARTAMENTO DE PASCO,Contrata,En Ejecución,27/11/2024 00:00:00,819999.28,NINACACA,PASCO,PASCO
523638,2638809,2638809,"CREACION DEL SERVICIOS DE ESPACIOS PÚBLICOS URBANOS EN EL PARQUE DE LA IDENTIDAD MINERA DE LA LOCALIDAD DE GOYLLARISQUIZGA, DISTRITO DE GOYLLARISQUIZGA DE LA PROVINCIA DE DANIEL ALCIDES CARRION DEL DEPARTAMENTO DE PASCO.¿ Código Único de Inversión N° 2638809",Contrata,En Ejecución,19/11/2024 00:00:00,616374.30,GOYLLARISQUIZGA,DANIEL ALCIDES CARRION,PASCO
523456,2288042,2288042,"CREACION DE PISTAS Y VEREDAS, ACCESO A LA INSTITUCIÓN EDUCATIVA EMILIA BARCIA BONIFFATTI, DISTRITO DE YANAHUANCA, PROVINCIA DE DANIEL ALCIDES CARRION - PASCO",Administración directa,Sin Ejecución,"",519698.73,YANAHUANCA,DANIEL ALCIDES CARRION,PASCO
523425,2581856,2581856,"RENOVACION DE PUENTE; EN EL(LA) VIA VECINAL TRAMO: PA ¿ 546 TRAYECTORIA: EMP. PE-3N PUENTE ACOBAMBA ¿ CENTRO POBLADO DE CHINCHAN (PUENTE ACOBAMBA) DISTRITO DE HUARIACA, PROVINCIA PASCO, DEPARTAMENTO PASCO",Contrata,Sin Ejecución,"",640591.95,HUARIACA,PASCO,PASCO
523424,2649712,2649712,"CONSTRUCCION DE GRADERIAS; EN EL(LA) CALLE SOCAVON Y JR. ATAHUALPA DEL AA.HH. TAHUANTINSUYO DISTRITO DE CHAUPIMARCA, PROVINCIA PASCO, DEPARTAMENTO PASCO",Contrata,Finalizado,17/03/2025 00:00:00,107122.50,CHAUPIMARCA,PASCO,PASCO
523423,2627990,2627990,"I ETAPA: MEJORAMIENTO DEL SERVICIO DE MOVILIDAD URBANA EN LAS VIAS LOCALES DE CA. LIMA, JR. 2 DE MAYO, CA. MARQUEZ, PROL. MARQUEZ, PROL. HUANCAYO, CA. SANTIAGO HUARICAPCHA, JR. SAN MARTIN, CA. LOS GIRASOLES, JR. JAUJA, PSJE LIMA, PSJE HUANCAYO, JR. LORETO DISTRITO DE CHAUPIMARCA DE LA PROVINCIA DE PASCO DEL DEPARTAMENTO DE PASCO",Contrata,Finalizado,20/11/2024 00:00:00,1367967.83,CHAUPIMARCA,PASCO,PASCO
523405,2651365,2651365,"REMODELACION DE LOSA DEPORTIVA; REPARACION DE CERCO PERIMETRICO; EN EL(LA) BARRIO 14 DE SETIEMBRE, BARRIO SAN CRISTOBAL, BARRIO HUALGAYGAGA ZONA ALTA Y BAJA DEL DISTRITO DE HUAYLLAY, PROVINCIA PASCO, DEPARTAMENTO PASCO",Contrata,En Ejecución,7/07/2025 00:00:00,913147,HUAYLLAY,PASCO,PASCO
523404,2651484,2651484,"REMODELACION DE LOSA DEPORTIVA; CONSTRUCCION DE CERCO PERIMETRICO; EN EL(LA) INSTITUCIONES EDUCATIVAS N°34414 ""HECTOR MORALES TOLEDO"", N°34421 ""ANDACANCHA"", I.E JEC ""ANTONIO ALVAREZ DE ARENALES Y N°34013 NUESTRA SEÑORA DE LAS MERCEDES DEL DISTRITO DE HUAYLLAY, PROVINCIA PASCO, DEPARTAMENTO PASCO",Contrata,Sin Ejecución,"",583424.36,HUAYLLAY,PASCO,PASCO
523383,2484487,2484487,"CREACION DE ESPACIOS PÚBLICOS PARA LA RECREACIÓN DEPORTIVA EN LA LOCALIDAD DE VILLA RICA, DISTRITO DE VILLA RICA - PROVINCIA DE OXAPAMPA - DEPARTAMENTO DE PASCO",Contrata,En Ejecución,1/11/2024 00:00:00,1302488.92,VILLA RICA,OXAPAMPA,PASCO
523199,2251151,2251151,"MEJORAMIENTO Y AMPLIACION DEL SERVICIO DE AGUA POTABLE E INSTALACION DEL SISTEMA DE SANEAMIENTO BASICO DE LA LOCALIDAD DE PUCUNAN , DISTRITO DE SANTA ANA DE TUSI - DANIEL ALCIDES CARRION - PASCO",Por núcleo ejecutor,Finalizado,7/04/2025 00:00:00,1966615.35,SANTA ANA DE TUSI,DANIEL ALCIDES CARRION,PASCO
522985,2614732,2614732,"REPARACION DE VIAS VECINALES; EN EL(LA) TROCHA CARROZABLE DE ACCESO AL CASERÍO DE CASA BLANCA DISTRITO DE SANTA ANA DE TUSI, PROVINCIA DANIEL ALCIDES CARRION, DEPARTAMENTO PASCO",Administración directa,Finalizado,7/12/2023 00:00:00,255245.11,SANTA ANA DE TUSI,DANIEL ALCIDES CARRION,PASCO
522984,2613456,2613456,"REPARACION DE VIAS VECINALES; EN EL(LA) TROCHA CARROZABLE DE ACCESO A LA LOCALIDAD DE ARUMACHAY DEL CENTRO POBLADO DE POCOBAMBA DISTRITO DE SANTA ANA DE TUSI, PROVINCIA DANIEL ALCIDES CARRION, DEPARTAMENTO PASCO",Administración directa,Finalizado,7/12/2023 00:00:00,230040.47,SANTA ANA DE TUSI,DANIEL ALCIDES CARRION,PASCO
522983,2612745,2612745,"CONSTRUCCION DE SISTEMA DE ABASTECIMIENTO DE AGUA POTABLE; EN EL(LA) BARRIO SAN JUAN DE CHORA EN EL CENTRO POBLADO SANTA ANA DE TUSI, DISTRITO DE SANTA ANA DE TUSI, PROVINCIA DANIEL ALCIDES CARRION, DEPARTAMENTO DE PASCO.",Administración directa,Finalizado,10/11/2023 00:00:00,124895.23,SANTA ANA DE TUSI,DANIEL ALCIDES CARRION,PASCO
522562,2221056,245103,"INSTALACION DEL SISTEMA DE AGUA POTABLE Y ALCANTARILLADO DEL CENTRO POBLADO DE SANTA ANA DE RAGAN DISTRITO DE SANTA ANA DE TUSI, PROVINCIA DE DANIEL ALCIDES CARRION - PASCO",Contrata,En Ejecución,19/12/2024 00:00:00,3748265.05,SANTA ANA DE TUSI,DANIEL ALCIDES CARRION,PASCO
522558,2452064,2452064,CREACION DE LA TROCHA CARROZABLE TRAMO ANTACACA Y AGO PATA DEL DISTRITO DE SANTA ANA DE TUSI - PROVINCIA DE DANIEL ALCIDES CARRION - DEPARTAMENTO DE PASCO,Contrata,Sin Ejecución,"",2751585.99,SANTA ANA DE TUSI,DANIEL ALCIDES CARRION,PASCO
522554,2571406,2571406,CREACION DEL PALACIO MUNICIPAL DE CUYAGHUAIN DISTRITO DE SANTA ANA DE TUSI - PROVINCIA DE DANIEL ALCIDES CARRION - DEPARTAMENTO DE PASCO,Contrata,Finalizado,16/12/2024 00:00:00,1424142.91,SANTA ANA DE TUSI,DANIEL ALCIDES CARRION,PASCO
522415,2617427,2617427,"CONSTRUCCION DE SERVICIOS HIGIENICOS Y/O VESTIDORES; EN EL(LA) PLAZA TEOFILO MORALES JANAMPA EN LA LOCALIDAD DE HUARAUCACA DISTRITO DE TINYAHUARCO, PROVINCIA PASCO, DEPARTAMENTO PASCO",Contrata,Finalizado,17/12/2024 00:00:00,282442.27,TINYAHUARCO,PASCO,PASCO
522414,2646378,2646378,MEJORAMIENTO DEL SERVICIO DE HABITABILIDAD INSTITUCIONAL EN LA LOCALIDAD DE ANCARA CON SS.HH. EN EL DISTRITO DE PAUCARTAMBO DE LA PROVINCIA DE PASCO DEL DEPARTAMENTO DE PASCO,Contrata,Finalizado,11/11/2024 00:00:00,215182.51,PAUCARTAMBO,PASCO,PASCO
522412,2649297,2649297,"CREACION DEL SERVICIO DE PRÁCTICA DEPORTIVA Y/O RECREATIVA EN EL COMPLEJO DEPORTIVO ZOILA AMORETTI DE ODRIA DE LA CALLE LIMA, DISTRITO DE CHAUPIMARCA DE LA PROVINCIA DE PASCO DEL DEPARTAMENTO DE PASCO",Contrata,Finalizado,20/11/2024 00:00:00,1854506.31,CHAUPIMARCA,PASCO,PASCO
522410,2576734,2576734,"SALDO DE OBRA REPARACION DE AMBIENTE ADMINISTRATIVO Y SISTEMA DE VIDEO VIGILANCIA; ADQUISICION DE CAMIONETA Y MOTOCICLETA; EN EL(LA) SUB GERENCIA DE SEGURIDAD CIUDADANA DE LA MUNICIPALIDAD PROVINCIAL DE PASCO DISTRITO DE CHAUPIMARCA, PROVINCIA PASCO, DEPARTAMENTO PASCO",Contrata,Finalizado,21/10/2024 00:00:00,603484.78,CHAUPIMARCA,PASCO,PASCO
522241,2637436,2637436,"¿RENOVACION DE PUENTE; EN EL(LA) CAMINO VECINAL R-190368, KM 02+200 (PUENTE NACIENTE DE UBIRIKI) DISTRITO DE VILLA RICA, PROVINCIA OXAPAMPA, DEPARTAMENTO PASCO¿ CUI: 2637436",Contrata,Finalizado,20/06/2025 00:00:00,1765198.56,VILLA RICA,OXAPAMPA,PASCO
522240,2637319,2637319,"¿RENOVACION DE PUENTE; EN EL(LA) CAMINO VECINAL R-190362, KM 01+600 (PUENTE ALTO PUELLAS) DISTRITO DE VILLA RICA, PROVINCIA OXAPAMPA - DEPARTAMENTO PASCO¿ CUI N° 2637319",Contrata,Finalizado,17/06/2025 00:00:00,1653798.55,VILLA RICA,OXAPAMPA,PASCO
522001,2625970,2625970,CREACION DEL SERVICIO DE PRÁCTICA DEPORTIVA Y/O RECREATIVA EN EN LA INFRAESTRUCTURA DEPORTIVA DE CENTRO POBLADO TAMBOPAMPA DISTRITO DE YANAHUANCA DE LA PROVINCIA DE DANIEL ALCIDES CARRION DEL DEPARTAMENTO DE PASCO,Contrata,Finalizado,8/05/2025 00:00:00,631378.35,YANAHUANCA,DANIEL ALCIDES CARRION,PASCO
521926,2639839,2639839,"RENOVACION DE PUENTE; EN EL(LA) VIA VECINAL, QUEBRADA AGUA BLANCA EN EL CAMINO VECINAL EMP. PA-631 (PTE. VILLAR) - SAN CARLOS - SAN JOSÉ - DV. PTE. CHONTABAMBA - DOS DE MAYO - TINGO IZQUIERDO EN EL CENTRO POBLADO TINGO, DISTRITO DE CHONTABAMBA, PROVINCIA OXAPAMPA, DEPARTAMENTO PASCO",Contrata,Finalizado,13/12/2024 00:00:00,1798807.42,CHONTABAMBA,OXAPAMPA,PASCO
521870,2640487,2640487,"RENOVACION DE PUENTE; EN EL(LA) CAMINO VECINAL RUTA PA-553 (PUENTE MALAUCAYAN) EN EL CENTRO POBLADO MALAUCAYAN, DISTRITO DE YANACANCHA, PROVINCIA PASCO, DEPARTAMENTO PASCO",Contrata,Finalizado,9/10/2025 00:00:00,835158.79,YANACANCHA,PASCO,PASCO
521868,2495596,2495596,CREACION DE LOCAL DE USOS MULTIPLES EN EL AA.HH. DANIEL ALCIDES CARRION DISTRITO DE YANACANCHA - PROVINCIA DE PASCO - DEPARTAMENTO DE PASCO - SEGUNDA ETAPA,Administración directa,Sin Ejecución,"","",YANACANCHA,DANIEL ALCIDES CARRION,PASCO
521867,2628837,2628837,CREACION DEL SERVICIO DE PRÁCTICA DEPORTIVA Y/O RECREATIVA EN EL CENTRO POBLADO DE ANASQUIZQUE DEL DISTRITO DE YANACANCHA DE LA PROVINCIA DE PASCO DEL DEPARTAMENTO DE PASCO,Contrata,En Ejecución,22/07/2025 00:00:00,460254.26,YANACANCHA,PASCO,PASCO
521865,2612768,2612768,"CONSTRUCCION DE CERCO PERIMETRICO; EN EL(LA) LOCAL DE USOS MULTIPLES DEL PP.JJ. VIRGEN DE LOURDES DEL DISTRITO DE YANACANCHA, PROVINCIA PASCO, DEPARTAMENTO PASCO",Contrata,Finalizado,1/07/2025 00:00:00,79333.60,YANACANCHA,PASCO,PASCO
521816,2634236,2634236,"RENOVACION DE PUENTE; EN EL(LA) VIA VECINAL RUTA HU-1058(OCLLAC) - GALVEZ (PUENTE-GALVEZ) LOCALIDAD DE GALVEZ DISTRITO DE SAN RAFAEL, PROVINCIA AMBO, DEPARTAMENTO HUANUCO",Contrata,En Ejecución,19/07/2025 00:00:00,1011331.32,,,PASCO
521786,2531438,2531438,"RENOVACION DE CAMPO DEPORTIVO; EN EL(LA) COLISEO DEL ANEXO SANTA CRUZ DE TINGO DISTRITO DE PAUCARTAMBO, PROVINCIA PASCO, DEPARTAMENTO PASCO",Contrata,Finalizado,10/09/2025 00:00:00,204918.58,PAUCARTAMBO,PASCO,PASCO
521709,2608436,2608436,CREACION DEL SERVICIO DE PRÁCTICA DEPORTIVA Y/O RECREATIVA EN EL CAMPO DEPORTIVO DEL SECTOR VISTA ALEGRE DISTRITO DE CHONTABAMBA DE LA PROVINCIA DE OXAPAMPA DEL DEPARTAMENTO DE PASCO,Administración directa,Finalizado,11/09/2024 00:00:00,169934.79,CHONTABAMBA,OXAPAMPA,PASCO
521437,2597673,2597673,"REPARACION DE INFRAESTRUCTURA DEPORTIVA; EN EL(LA) ESTADIO MUNICIPAL DE HUANCABAMBA DISTRITO DE HUANCABAMBA, PROVINCIA OXAPAMPA, DEPARTAMENTO PASCO",Administración directa,En Ejecución,17/12/2024 00:00:00,307727.11,HUANCABAMBA,OXAPAMPA,PASCO
521237,2460277,2460277,CREACION DE LOCAL DE USOS MÚLTIPLES EN LA LOCALIDAD DE CASA BLANCA DEL CENTRO POBLADO TAMBILLO DEL DISTRITO DE PAUCARTAMBO - PROVINCIA DE PASCO - DEPARTAMENTO DE PASCO,Administración directa,Finalizado,1/10/2024 00:00:00,454293.75,PAUCARTAMBO,PASCO,PASCO
521114,2624853,2624853,MEJORAMIENTO DEL SERVICIO DE PRÁCTICA DEPORTIVA Y/O RECREATIVA EN EL COMPLEJO DEPORTIVO DE LA ASOCIACIÓN DE NACIONALIDADES ASHANINKA DE VALLE DE PICHIS (ANAP) DEL DISTRITO DE PUERTO BERMUDEZ DE LA PROVINCIA DE OXAPAMPA DEL DEPARTAMENTO DE PASCO,Contrata,Sin Ejecución,"",3095653.57,PUERTO BERMUDEZ,OXAPAMPA,PASCO
520633,0,0,"CONSTRUCCIÓN DE LÍNEA DE CONDUCCIÓN; EN EL(LA) SISTEMA DE RIEGO USPACHACA EN LA LOCALIDAD USCPACHACA, DISTRITO DE TAPUC, PROVINCIA DANIEL ALCIDES CARRION, DEPARTAMENTO PASCO.",Contrata,Finalizado,3/03/2025 00:00:00,1691265.54,TAPUC,DANIEL ALCIDES CARRION,PASCO
520548,2599628,2599628,CREACION DEL SERVICIO DE MOVILIDAD URBANA EN LOS PASAJES RICHLE E SCHLAEFLI DE LA CIUDAD DE OXAPAMPA DISTRITO DE OXAPAMPA DE LA PROVINCIA DE OXAPAMPA DEL DEPARTAMENTO DE PASCO,Administración directa,Finalizado,17/09/2024 00:00:00,1315249.16,OXAPAMPA,OXAPAMPA,PASCO
520268,2604283,2604283,MEJORAMIENTO DEL SERVICIO DE EDUCACIÓN INICIAL EN I.E. POCOBAMBA DE CENTRO POBLADO POCOBAMBA DISTRITO DE SANTA ANA DE TUSI DE LA PROVINCIA DE DANIEL ALCIDES CARRION DEL DEPARTAMENTO DE PASCO,Contrata,Finalizado,23/10/2024 00:00:00,1505646.10,SANTA ANA DE TUSI,DANIEL ALCIDES CARRION,PASCO
520265,2620711,2620711,"CONSTRUCCION DE SISTEMA DE ABASTECIMIENTO DE AGUA POTABLE Y CONEXION DOMICILIARIA DE ALCANTARILLADO; EN EL (LA) CASERIO DE SAN MIGUEL DE CHEPRA DISTRITO DE SANTA ANA DE TUSI, PROVINCIA DANIEL ALCIDES CARRION, DEPARTAMENTO PASCO",Contrata,Paralizada,24/10/2024 00:00:00,662312.60,SANTA ANA DE TUSI,DANIEL ALCIDES CARRION,PASCO
520264,2620845,2620845,"CONSTRUCCION DE SISTEMA DE ABASTECIMIENTO DE AGUA POTABLE Y CONEXION DOMICILIARIA DE ALCANTARILLADO; EN EL (LA) CASERIO DE ANTACACA DISTRITO DE SANTA ANA DE TUSI, PROVINCIA DANIEL ALCIDES CARRION, DEPARTAMENTO PASCO",Contrata,Finalizado,22/10/2024 00:00:00,631648.42,SANTA ANA DE TUSI,DANIEL ALCIDES CARRION,PASCO
520261,2620840,2620840,"CONSTRUCCION DE SISTEMA DE ABASTECIMIENTO DE AGUA POTABLE Y CONEXION DOMICILIARIA DE ALCANTARILLADO; EN EL (LA) CASERIO DE CHAGAHUANUSHGA DISTRITO DE SANTA ANA DE TUSI, PROVINCIA DANIEL ALCIDES CARRION, DEPARTAMENTO PASCO.",Contrata,Finalizado,22/10/2024 00:00:00,438788.40,SANTA ANA DE TUSI,DANIEL ALCIDES CARRION,PASCO
520259,2610955,2610955,"REMODELACION DE CAMPO DEPORTIVO; CONSTRUCCION DE SERVICIOS HIGIENICOS Y/O VESTIDORES Y COBERTURA DE INSTALACIONES DEPORTIVAS; REPARACION DE CERCO PERIMETRICO; EN EL(LA) UNIDAD PRODUCTORA DE DESARROLLO DE INFRAESTRUCTURA, DESARROLLO URBANO Y RURAL BARRIO LA FLORIDA DISTRITO DE HUAYLLAY, PROVINCIA PASCO, DEPARTAMENTO PASCO",Contrata,Finalizado,28/01/2025 00:00:00,827169.33,HUAYLLAY,PASCO,PASCO
520166,2484422,2484422,CREACION DE PISTAS Y VEREDAS DE LAS CALLES DEL ANEXO DE CHINCHANCO DEL CENTRO POBLADO DE HUALLAMAYO DEL DISTRITO DE PAUCARTAMBO - PROVINCIA DE PASCO - DEPARTAMENTO DE PASCO,Contrata,Finalizado,3/12/2024 00:00:00,1469122.44,PAUCARTAMBO,PASCO,PASCO
520038,2618132,2618132,CREACION DEL SERVICIO DE PRÁCTICA DEPORTIVA Y/O RECREATIVA EN EL CAMPO DEPORTIVO EL CHAPARRAL DEL AA.HH. COLUMNA PASCO SECTOR 4 DEL DISTRITO DE YANACANCHA DE LA PROVINCIA DE PASCO DEL DEPARTAMENTO DE PASCO,Contrata,Finalizado,4/12/2024 00:00:00,972894.20,YANACANCHA,PASCO,PASCO
519844,2600782,2600782,"REMODELACION DE MICRO MEDIDORES; EN EL(LA) EPS SELVA CENTRAL S.A. DISTRITO DE VILLA RICA Y EL DISTRITO DE OXAPAMPA, PROVINCIA OXAPAMPA, DEPARTAMENTO PASCO",Administración directa,Sin Ejecución,"","",VILLA RICA,OXAPAMPA,PASCO
519642,2627655,2627655,MEJORAMIENTO DEL SERVICIO DE HABITABILIDAD INSTITUCIONAL EN EL LOCAL COMUNAL DEL SECTOR 2 DEL AA.HH. COLUMNA PASCO DEL DISTRITO DE YANACANCHA DE LA PROVINCIA DE PASCO DEL DEPARTAMENTO DE PASCO,Contrata,Finalizado,10/09/2024 00:00:00,130212.66,YANACANCHA,PASCO,PASCO
519641,2644331,2644331,MEJORAMIENTO DEL SERVICIO DE LIMPIEZA PÚBLICA EN LA ZONA URBANA DEL DISTRITO DE YANACANCHA DE LA PROVINCIA DE PASCO DEL DEPARTAMENTO DE PASCO,Contrata,Finalizado,1/08/2024 00:00:00,642388.11,YANACANCHA,PASCO,PASCO
519640,2457450,2457450,"MEJORAMIENTO DEL SERVICIO EDUCATIVO DEL NIVEL INICIAL Y PRIMARIA DE LA INSTITUCIÓN EDUCATIVA N° 34052 JOSÉ ANTONINO ENCINAS FRANCO, DISTRITO DE YANACANCHA - PROVINCIA DE PASCO - DEPARTAMENTO DE PASCO",Contrata,Sin Ejecución,"",16347850.78,YANACANCHA,PASCO,PASCO
519588,2525308,2525308,"EJECUCION DE OBRA DE CONSTRUCCION DE ESTRUCTURA DE SOPORTE; EN EL(LA) RIO CHOROBAMBA EN LA LOCALIDAD PROGRESO, DISTRITO DE OXAPAMPA, PROVINCIA OXAPAMPA, DEPARTAMENTO PASCO",Contrata,Sin Ejecución,"","",OXAPAMPA,OXAPAMPA,PASCO
519493,2559841,2559841,"CONSTRUCCION DE CERCO PERIMETRICO; REPARACION DE AMBIENTE COMPLEMENTARIO; EN EL(LA) PISCINA DEPORTIVA Y CONSTRUCCION DEL CERCO PERIMETRICO DEL CAMPO DEPORTIVO EN EL SECTOR SANTA APOLONIA - DISTRITO DE VILLA RICA, PROVINCIA OXAPAMPA, DEPARTAMENTO PASCO",Administración directa,Finalizado,14/11/2022 00:00:00,314248.54,VILLA RICA,OXAPAMPA,PASCO
519425,2623796,2623796,MEJORAMIENTO Y AMPLIACIÓN DEL SERVICIO DE AGUA POTABLE URBANO Y MEJORAMIENTO Y AMPLIACIÓN DEL SERVICIO DE ALCANTARILLADO EN LA LOCALIDAD DE PALLANCHACRA DISTRITO DE PALLANCHACRA DE LA PROVINCIA DE PASCO DEL DEPARTAMENTO DE PASCO,Contrata,Sin Ejecución,"","",PALLANCHACRA,PASCO,PASCO
519424,2613476,2613476,MEJORAMIENTO Y AMPLIACIÓN DEL SERVICIO DE EDUCACIÓN INICIAL EN I.E. SAN PABLO DISTRITO DE PALLANCHACRA DE LA PROVINCIA DE PASCO DEL DEPARTAMENTO DE PASCO,Contrata,Sin Ejecución,"","",PALLANCHACRA,PASCO,PASCO
519361,2575650,2575650,"II ETAPA ¿REPARACION DE AMBIENTE ADMINISTRATIVO, COBERTURA Y SERVICIOS HIGIENICOS Y/O VESTIDORES; ADQUISICION DE CAMIONETA; ADEMÁS DE OTROS ACTIVOS EN EL(LA) SEDE CENTRAL DE LA MUNICIPALIDAD PROVINCIAL DE PASCO DISTRITO DE CHAUPIMARCA, PROVINCIA PASCO, DEPARTAMENTO PASCO",Administración directa,Finalizado,12/06/2024 00:00:00,1001545.50,CHAUPIMARCA,PASCO,PASCO
519338,2632965,2632965,"REMODELACION DE CAMPO DEPORTIVO; CONSTRUCCION DE SISTEMA DE DRENAJE; EN EL(LA) ESTADIO MUNICIPAL DISTRITO DE HUACHON, PROVINCIA PASCO, DEPARTAMENTO PASCO",Administración directa,Finalizado,1/07/2024 00:00:00,431289.37,HUACHON,PASCO,PASCO
519322,2643822,2643822,MEJORAMIENTO DEL SERVICIO DE MOVILIDAD URBANA EN LA AVENIDA TUPAC AMARU TRAMO: JR. RICARDO PALMA - JR. PEDRO ZEVALLOS DE CENTRO POBLADO COLQUIJIRCA DISTRITO DE TINYAHUARCO DE LA PROVINCIA DE PASCO DEL DEPARTAMENTO DE PASCO,Contrata,Finalizado,7/08/2024 00:00:00,1539753.60,TINYAHUARCO,PASCO,PASCO
519205,2605251,2605251,MEJORAMIENTO DEL SERVICIO DE TRANSITABILIDAD VIAL INTERURBANA EN LA CARRETERA DEPARTAMENTAL RUTA EMP. PA-101 (OVALO CHAUPIMARCA - OVALO CENTROMIN PERU) DISTRITO DE CHAUPIMARCA DE LA PROVINCIA DE PASCO DEL DEPARTAMENTO DE PASCO,Contrata,Sin Ejecución,"","",CHAUPIMARCA,PASCO,PASCO
519000,2501954,2501954,CREACION DE LOSA DEPORTIVA MULTIUSOS EN LA LOCALIDAD DE PUERTO YESUPE DEL DISTRITO DE PUERTO BERMUDEZ - PROVINCIA DE OXAPAMPA - DEPARTAMENTO DE PASCO,Administración directa,Finalizado,1/07/2024 00:00:00,228982.41,PUERTO BERMUDEZ,OXAPAMPA,PASCO
518973,2605509,2605509,"CONSTRUCCION DE RESERVORIO; EN EL(LA) SISTEMA DE AGUA POTABLE EN LA LOCALIDAD DE ANANA DISTRITO DE HUANCABAMBA, PROVINCIA OXAPAMPA, DEPARTAMENTO PASCO",Administración directa,En Ejecución,5/08/2024 00:00:00,87143.55,HUANCABAMBA,OXAPAMPA,PASCO
518972,2636375,2636375,"REPARACION DE VIAS VECINALES Y CUNETA; EN EL(LA) TRAMO PUENTE ACOMAYO - ACOMAYO ALTO EN EL CENTRO POBLADO LUCMA, DISTRITO DE HUACHON, PROVINCIA PASCO, DEPARTAMENTO PASCO",Contrata,En Ejecución,11/11/2025 00:00:00,465007.98,HUACHON,PASCO,PASCO
518954,2171535,2171535,MEJORAMIENTO DE LOS SERVICIOS DE LA SEDE CENTRAL DE LA CSJ DE PASCO DISTRITO DE YANACANCHA - PROVINCIA DE PASCO - DEPARTAMENTO DE PASCO,Contrata,Sin Ejecución,"","",YANACANCHA,PASCO,PASCO
518745,2634218,2634218,"¿REPARACION DE CAPTACION DE AGUA EN EL (LA) FUENTE COLORADO EN EL CENTRO POBLADO ISCOZACIN DISTRITO DE PALCAZU, PROVINCIA OXAPAMPA DEPARTAMENTO PASCO¿",Contrata,Finalizado,19/08/2019 00:00:00,387098.17,PALCAZU,OXAPAMPA,PASCO
518592,2616472,2616472,MEJORAMIENTO DEL SERVICIO DE SEGURIDAD CIUDADANA LOCAL EN EL DISTRITO DE VICCO DE LA PROVINCIA DE PASCO DEL DEPARTAMENTO DE PASCO,Contrata,Sin Ejecución,"","",VICCO,PASCO,PASCO
518591,2644942,2644942,"MEJORAMIENTO Y AMPLIACION DEL SERVICIO DE LIMPIEZA PÚBLICA EN LOS CENTROS POBLADOS DE SHELLBY, COCHAMARCA Y LA LOCALIDAD DE VICCO DISTRITO DE VICCO DE LA PROVINCIA DE PASCO DEL DEPARTAMENTO DE PASCO",Contrata,Sin Ejecución,"","",VICCO,PASCO,PASCO
518590,2641895,2641895,MEJORAMIENTO Y AMPLIACION DEL SERVICIO DE AGUA POTABLE RURAL EN Y MEJORAMIENTO Y AMPLIACION DEL SERVICIO DE ALCANTARILLADO U OTRAS FORMAS DE DISPOSICIÓN SANITARIA DE EXCRETAS EN EL CENTRO POBLADO DE SHELBY DISTRITO DE VICCO DE LA PROVINCIA DE PASCO DEL DEPARTAMENTO DE PASCO,Contrata,Sin Ejecución,"","",VICCO,PASCO,PASCO
518589,2640304,2640304,MEJORAMIENTO Y AMPLIACION SERVICIO DE AGUA POTABLE URBANO EN Y MEJORAMIENTO Y AMPLIACIÓN DEL SERVICIO DE ALCANTARILLADO U OTRAS FORMAS DE DISPOSICIÓN SANITARIA DE EXCRETAS EN LA LOCALIDAD DE VICCO DISTRITO DE VICCO DE LA PROVINCIA DE PASCO DEL DEPARTAMENTO DE PASCO,Contrata,Sin Ejecución,"","",VICCO,PASCO,PASCO
518455,2603808,2603808,MEJORAMIENTO Y AMPLIACION DEL SERVICIO DE MOVILIDAD URBANA EN LA CAPITAL DEL DISTRITO DE TICLACAYAN DE LA PROVINCIA DE PASCO DEL DEPARTAMENTO DE PASCO,Contrata,En Ejecución,14/11/2024 00:00:00,8744889.11,TICLACAYAN,PASCO,PASCO
518289,2462349,2462349,ELABORACION DE EXPEDIENTE TECNICO DE MEJORAMIENTO DEL SERVICIO EDUCATIVO I.E.S.T.P RODRIGO SALAZAR PALACIOS DISTRITO DE SANTA ANA DE TUSI - PROVINCIA DE DANIEL ALCIDES CARRION - DEPARTAMENTO DE PASCO,Contrata,Sin Ejecución,"","",SANTA ANA DE TUSI,DANIEL ALCIDES CARRION,PASCO
518262,2204254,2204254,"AMPLIACION Y MEJORAMIENTO DEL ESTADIO MUNICIPAL DE YANAHUANCA, PROVINCIA DE DANIEL ALCIDES CARRION - PASCO",Administración directa,Finalizado,6/10/2015 00:00:00,8439768.78,YANAHUANCA,DANIEL ALCIDES CARRION,PASCO
518185,2326679,2326679,"AMPLIACION DEL SERVICIO DE ENERGÍA ELÉCTRICA RURAL MEDIANTE EL SISTEMA CONVENCIONAL EN EL DISTRITO DE OXAPAMPA, PROVINCIA DE OXAPAMPA - PASCO",Contrata,Sin Ejecución,"","",OXAPAMPA,OXAPAMPA,PASCO
518148,2472688,2472688,"REMODELACION DE SISTEMAS DIVERSOS DE PINTURA, CAMPO DEPORTIVO Y TOCADORES; ADQUISICION DE TUBERÍA DE PLÁSTICO PVC; ADEMÁS DE OTROS ACTIVOS EN EL(LA) ESTADIO COLOSO YANACANCHINO DISTRITO DE YANACANCHA, PROVINCIA PASCO, DEPARTAMENTO PASCO",Contrata,Sin Ejecución,"","",YANACANCHA,PASCO,PASCO
518121,2527271,2527271,ELABORACION DE EXPEDIENTE TECNICO DE AMPLIACION Y MEJORAMIENTO DE LA OFERTA DE LOS SERVICIOS DEL CENTRO DE USOS MÚLTIPLES EN EL DISTRITO DE HUARIACA - PROVINCIA DE PASCO - DEPARTAMENTO DE PASCO,Contrata,Sin Ejecución,"","",HUARIACA,PASCO,PASCO
518011,2644044,2644044,CREACION DEL SERVICIOS DE ESPACIOS PÚBLICOS URBANOS EN PARQUE UNIVERSITARIO DISTRITO DE YANACANCHA DE LA PROVINCIA DE PASCO DEL DEPARTAMENTO DE PASCO,Contrata,Sin Ejecución,"","",YANACANCHA,PASCO,PASCO
517996,2629512,2629512,"CREACION DE LOS SERVICIOS OPERATIVOS O MISIONALES INSTITUCIONALES EN EL LOCAL DE USOS MULTIPLES EN EL CENTRO POBLADO DE CHIPA, DISTRITO DE NINACACA DE LA PROVINCIA DE PASCO DEL DEPARTAMENTO DE PASCO",Contrata,Finalizado,16/08/2024 00:00:00,750136.91,NINACACA,PASCO,PASCO
517990,2592932,2592932,"CONSTRUCCIÓN DE CELDAS PARA RESIDUOS, SISTEMA DE MANEJO DE LIXIVIADOS Y CÁMARA DE COMPOSTAJE; EN EL(LA) RELLENO SANITARIO DISTRITO DE NINACACA, PROVINCIA PASCO, DEPARTAMENTO PASCO",Contrata,Finalizado,1/08/2024 00:00:00,704069.68,NINACACA,PASCO,PASCO
517896,2616827,2616827,"CONSTRUCCION DE CAPTACION DE AGUA ; EN EL(LA) RECARGA HÍDRICA PARA LA UNIDAD PRODUCTORA DEL SISTEMA DE AGUA PARA RIEGO EN LOS SECTORES DE OCSHAHUAY, CHICCHIPUNTA, CARRETERA DIVISORIA, GANAMANAY, MASHANPAMPA, SILLAPATA, CUMBRE PUCARA, ANCAHUACHANAN POTRERO Y APASH, DISTRITO DE HUACHON, PROVINCIA PASCO, DEPARTAMENTO PASCO",Administración directa,Finalizado,10/05/2024 00:00:00,0,HUACHON,PASCO,PASCO
517894,2606265,2606265,"CONSTRUCCION DE CAPTACION DE AGUA ; EN EL(LA) RECARGA HÍDRICA PARA LA UNIDAD PRODUCTORA DE REHABILITACION, MEJORAMIENTO, AMPLIACION DEL SISTEMA DE RIEGO DE 10 COMUNIDADES, DISTRITOS CHACAYAN, DISTRITO DE VILCABAMBA, PROVINCIA DANIEL ALCIDES CARRION, DEPARTAMENTO PASCO",Administración directa,Finalizado,29/04/2024 00:00:00,0,VILCABAMBA,DANIEL ALCIDES CARRION,PASCO
517892,2609640,2609640,"CONSTRUCCION DE CAPTACION DE AGUA ; EN EL(LA) RECARGA HÍDRICA PARA LAS UNIDADES PRODUCTORAS DE LOS CANALES DE RIEGO UZNO, ACEQUIA ALTA, TUCUMACHAY-CHULLUN, HUGICHCAPUQUIO, DISTRITO DE CHACAYAN, PROVINCIA DANIEL ALCIDES CARRION, DEPARTAMENTO PASCO",Administración directa,Finalizado,29/04/2024 00:00:00,0,CHACAYAN,DANIEL ALCIDES CARRION,PASCO
517835,2619289,2619289,MEJORAMIENTO DEL SERVICIO DE PRÁCTICA DEPORTIVA Y/O RECREATIVA EN LA LOCALIDAD DE PALLANCHACRA DISTRITO DE PALLANCHACRA DE LA PROVINCIA DE PASCO DEL DEPARTAMENTO DE PASCO,Contrata,Sin Ejecución,"","",PALLANCHACRA,PASCO,PASCO
517699,2622700,2622700,"REPARACION DE AMBIENTE DE USOS MULTIPLES; EN EL(LA) COMUNIDAD CAMPESINA DE ISCOCANCHA DISTRITO DE YANAHUANCA, PROVINCIA DANIEL ALCIDES CARRION, DEPARTAMENTO PASCO",Contrata,Finalizado,3/09/2024 00:00:00,256418.84,YANAHUANCA,DANIEL ALCIDES CARRION,PASCO
517480,2310759,2310759,"MEJORAMIENTO, AMPLIACION DEL SERVICIOS DE SANEAMIENTO BASICO DE LA CALLE PALCA EN TINGO PALCA, DISTRITO DE YANACANCHA - PASCO - PASCO",Contrata,Sin Ejecución,"","",YANACANCHA,PASCO,PASCO
517479,2624161,2624161,"CREACION DEL SERVICIO DE TRANSITABILIDAD VIAL INTERURBANA EN CENTROS DE PRODUCCIÓN: ISCO ¿ BATEARAGRA-BELLA PATA, HUARUPATA; LA FLORIDA ALTA, OCE LOMO, OIDO DE GATO BAJA DE CENTRO POBLADO LA FLORIDA DISTRITO DE HUACHON DE LA PROVINCIA DE PASCO DEL DEPARTAMENTO DE PASCO",Administración directa,Sin Ejecución,"",585950.46,HUACHON,PASCO,PASCO
517442,2435992,2435992,"MEJORAMIENTO DE LA TRANSITABILIDAD VEHICULAR Y PEATONAL EN EL ASENTAMIENTO HUMANO SECTOR SALUD, DISTRITO DE YANACANCHA - PROVINCIA DE PASCO - DEPARTAMENTO DE PASCO (PRIMERA ETAPA)",Contrata,Paralizada,2/09/2024 00:00:00,1232468.42,YANACANCHA,PASCO,PASCO
517439,2617522,2617522,"REMODELACION DE AREA VERDE; EN EL(LA) AV. LA CULTURA Y LA AV. MIGUEL GRAU DEL DISTRITO DE YANACANCHA, PROVINCIA PASCO, DEPARTAMENTO PASCO",Contrata,Finalizado,2/09/2024 00:00:00,295226.27,YANACANCHA,PASCO,PASCO
517437,2608458,2608458,"REMODELACION DE SERVICIOS HIGIENICOS Y/O VESTIDORES; EN EL(LA) AV. EL MINERO, AV. DANIEL ALCIDES CARRION, PARQUE INFANTIL, PARQUE ARENALES Y MERCADO MUNICIPAL DEL DISTRITO DE YANACANCHA, PROVINCIA PASCO, DEPARTAMENTO PASCO",Contrata,Finalizado,5/07/2024 00:00:00,379504.19,YANACANCHA,DANIEL ALCIDES CARRION,PASCO
517435,2616991,2616991,CREACION DEL SERVICIO DE PRÁCTICA DEPORTIVA Y/O RECREATIVA EN AA.HH. VICTOR RAUL HAYA DE LA TORRE DEL DISTRITO DE YANACANCHA DE LA PROVINCIA DE PASCO DEL DEPARTAMENTO DE PASCO,Contrata,Finalizado,16/10/2024 00:00:00,476649.93,YANACANCHA,PASCO,PASCO
517422,2628127,2628127,"MEJORAMIENTO DEL SERVICIO DE TRANSITABILIDAD VIAL INTER URBANA EN EL TRAMO LA QUINUA - RACRAYTINGO DEL CENTRO POBLADO DE SAN GREGORIO DE HUAMANMARCA, DISTRITO DE TICLACAYAN - PROVINCIA DE PASCO - DEPARTAMENTO DE PASCO",Contrata,Sin Ejecución,"","",TICLACAYAN,PASCO,PASCO
517421,2626913,2626913,CREACION DE LOS SERVICIOS OPERATIVOS O MISIONALES INSTITUCIONALES EN LOCAL DE USOS MULTIPLES DEL ANEXO DE CHUNCANA DE TICLACAYAN DE LA PROVINCIA DE PASCO DEL DEPARTAMENTO DE PASCO,Contrata,En Ejecución,23/07/2024 00:00:00,435854.24,TICLACAYAN,PASCO,PASCO
517420,2536576,2536576,"AMPLIACION DE CAPTACIÓN Y LÍNEA DE CONDUCCIÓN DE AGUA POTABLE PARA DOTACIÓN DE LA ZONA DE CUSPE, MARCAHUASHAN, HUARIN Y CHIHUANHUAY DE DISTRITO DE TICLACAYAN - PROVINCIA DE PASCO - DEPARTAMENTO DE PASCO",Contrata,En Ejecución,19/08/2024 00:00:00,937585.83,TICLACAYAN,PASCO,PASCO
517350,2603526,2603526,CREACION DE LOS SERVICIOS DE PROTECCIÓN EN LA RIBERA DE LAS QUEBRADAS VULNERABLES ANTE EL PELIGRO EN CON MURO DE CONTENCION EN EL JR. MOQUEGIA DEL BARRIO VISTA ALEGRE DISTRITO DE HUARIACA DE LA PROVINCIA DE PASCO DEL DEPARTAMENTO DE PASCO,Contrata,Sin Ejecución,"","",HUARIACA,PASCO,PASCO
517250,2594493,2594493,MEJORAMIENTO Y AMPLIACION DEL SERVICIO DE AGUA POTABLE RURAL Y MEJORAMIENTO Y AMPLIACION DEL SERVICIO DE ALCANTARILLADO U OTRAS FORMAS DE DISPOSICIÓN SANITARIA DE EXCRETAS EN EL SECTOR SANTA ROSA DE CHUCHURRAS DEL DISTRITO DE PALCAZU DE LA PROVINCIA DE OXAPAMPA DEL DEPARTAMENTO DE PASCO,Administración directa,Sin Ejecución,"","",PALCAZU,OXAPAMPA,PASCO
517205,2597442,2597442,"CREACION DEL SERVICIO DE AGUA POTABLE RURAL Y CREACION DEL SERVICIO DE ALCANTARILLADO U OTRAS FORMAS DE DISPOSICION SANITARIA DE EXCRETAS EN LAS COMUNIDADES NATIVAS DE NUEVO PROGRESO, CAMANTARMAS, PUEBLO LIBRE, SAN LUIS, GALLINAZO, PUERTO HERRERA Y ALTO ISCOZACIN DEL DISTRITO DE PALCAZU, PROVINCIA DE OXAPAMPA,DEPARTAMENTO DE PASCO",Contrata,Sin Ejecución,"","",PALCAZU,OXAPAMPA,PASCO
517181,2599549,2599549,MEOJORAMIENTO DEL SERVICIOS DE SEGURIDAD CIUDADANA LOCAL EN EL CENTRO POBLADO SAN RAMONDE YANAPAMPA DEL DISTRITO DE SAN FRANCISCO DE ASIS DE YARUSYACAN DE LA PROVICNIA DE PASCO - DEL DEPARTAMENTO DE PASCO,Contrata,Sin Ejecución,"","",SAN FRANCISCO DE ASIS DE YARUSYACAN,PASCO,PASCO
517179,2591930,2591930,MEJORAMIENTO Y AMPLIACIÓN DE LOS SERVICIOS DE PROTECCIÓN EN RIBERAS DE RÍO VULNERABLE ANTE EL PELIGRO EN AMBOS MÁRGENES DEL RÍO TINGO Y EN EL CENTRO POBLADO DE JUNIPALCA DEL DISTRITO DE SAN FRANCISCO DE AÍS DE YARUSYACAN DE LA PROVINCIA DE PASCODEL DEPARTAMENTO DE PASCO,Contrata,Sin Ejecución,"","",,PASCO,PASCO
517114,2644284,2644284,"REPARACIÓN DE CAMINO HERRADURA; EN EL (LA) TRAMO I: BATANCHACA - YARUSYACAN - HUANCHAL; TRAMO II: COCHACHARAO - HUANCAMACHAY; TRAMO: JURAONIYOC - HUANCAMACHAY, DISTRITO DE SAN FRANCISCO DE ASIS DE YARUSYACAN, PROVINCIA DE PASCO, DEPARTAMENTO DE PASCO",Administración directa,Sin Ejecución,"","",SAN FRANCISCO DE ASIS DE YARUSYACAN,PASCO,PASCO
517111,2644582,2644582,"REPARACIÓN DE PLATAFORMA; EN EL (LA) SECCIÓN HIDRÁULICA DE RIBERAS DEL RIO TINGO Y RIO HUALLAGA DEL DISTRITO DE SAN FRANCISCO DE ASÍS DE YARUSYACAN , PROVINCIA PASCO, DEPARTAMENTO PASCO",Administración directa,Sin Ejecución,"","",,PASCO,PASCO
517059,2657571,2657571,MEJORAMIENTO Y AMPLIACION DEL SERVICIO DE ATENCIÓN DE SALUD BÁSICOS EN TUPAC AMARU DISTRITO DE CHAUPIMARCA DE LA PROVINCIA DE PASCO DEL DEPARTAMENTO DE PASCO,Contrata,Sin Ejecución,"","",CHAUPIMARCA,PASCO,PASCO
516975,2247461,2247461,"INSTALACION DE LOS SERVICIOS DE AGUA POTABLE EN EL ANEXO DE MIRAFLORES DEL CENTRO POBLADO DE JUNIPALCA, DISTRITO DE SAN FRANCISCO DE ASIS DE YARUSYACAN - PASCO - PASCO",Contrata,Finalizado,27/09/2024 00:00:00,646255.12,SAN FRANCISCO DE ASIS DE YARUSYACAN,PASCO,PASCO
516974,2630919,2630919,"REPARACION DE LOSA DEPORTIVA Y SERVICIOS HIGIENICOS Y/O VESTIDORES; EN EL(LA) MINICOMPLEJO DEPORTIVO EN EL ANEXO DE BATANCHACA DISTRITO DE SAN FRANCISCO DE ASIS DE YARUSYACAN, PROVINCIA PASCO, DEPARTAMENTO PASCO",Contrata,Finalizado,8/08/2024 00:00:00,210386.04,SAN FRANCISCO DE ASIS DE YARUSYACAN,PASCO,PASCO
516893,2635584,2635584,CREACION DE LOS SERVICIOS OPERATIVOS O MISIONALES INSTITUCIONALES EN CASA DE MADRES EMPRENDEDORAS DISTRITO DE CHAUPIMARCA DE LA PROVINCIA DE PASCO DEL DEPARTAMENTO DE PASCO,Contrata,Finalizado,4/07/2024 00:00:00,1322212.86,CHAUPIMARCA,PASCO,PASCO
516874,2628891,2628891,CREACION DE LOS SERVICIOS DE PROTECCIÓN EN RIBERAS DE RÍO VULNERABLES ANTE EL PELIGRO EN RIO SAN JUAN DEL DISTRITO DE SIMON BOLIVAR DE LA PROVINCIA DE PASCO DEL DEPARTAMENTO DE PASCO,Contrata,Sin Ejecución,"","",SIMON BOLIVAR,PASCO,PASCO
516725,2604497,2604497,MEJORAMIENTO DEL SERVICIO DE EDUCACION PRIMARIA EN I.E. 34189 DE CENTRO POBLADO JUCLACANCHA DISTRITO DE SANTA ANA DE TUSI DE LA PROVINCIA DE DANIEL ALCIDES CARRION DEL DEPARTAMENTO DE PASCO,Contrata,Finalizado,4/07/2024 00:00:00,1634725.95,SANTA ANA DE TUSI,DANIEL ALCIDES CARRION,PASCO
516724,2617369,2617369,"REMODELACION DE NICHO Y ESPACIO DE CIRCULACION INTERIOR ; CONSTRUCCION DE SERVICIOS HIGIENICOS Y/O VESTIDORES; REPARACION DE COBERTURA PARA PROTECCION DE ESTRUCTURAS; EN EL(LA) CEMENTERIO GENERAL DE LA LOCALIDAD DE SANTA ANA DE TUSI DISTRITO DE SANTA ANA DE TUSI, PROVINCIA DANIEL ALCIDES CARRION, DEPARTAMENTO PASCO",Contrata,Finalizado,4/07/2024 00:00:00,580678.16,SANTA ANA DE TUSI,DANIEL ALCIDES CARRION,PASCO
516723,2613392,2613392,"CONSTRUCCION DE SISTEMA DE ABASTECIMIENTO DE AGUA POTABLE Y RED DE ALCANTARILLADO; EN EL(LA) SISTEMA DE SANEAMIENTO RURAL EN EL CENTRO POBLADO TACTAYOC, DISTRITO DE SANTA ANA DE TUSI, PROVINCIA DANIEL ALCIDES CARRION, DEPARTAMENTO PASCO",Contrata,Finalizado,3/02/2025 00:00:00,238845.06,SANTA ANA DE TUSI,DANIEL ALCIDES CARRION,PASCO
516661,2029683,2029683,REFORMULACION DEL EXPEDIENTE TECNICO MEJORAMIENTO DE LA CARRETERA CARHUAMAYO - PAUCARTAMBO - EL MILAGRO - LLAUPI - OXAPAMPA,Contrata,Sin Ejecución,"","",OXAPAMPA,OXAPAMPA,PASCO
516614,2613594,2613594,¿MEJORAMIENTO DE LOS SERVICIOS DEL COMPLEJO DEPORTIVO AMADEO SALAZAR CARBAJAL EN EL DISTRITO DE HUARIACA - PROVINCIA DE PASCO - DEPARTAMENTO DE PASCO¿,Contrata,En Ejecución,4/08/2025 00:00:00,2090575.71,HUARIACA,PASCO,PASCO
516531,2283911,2283911,"CREACION DEL SERVICIO DE EDUCACIÓN INICIAL EN LOS CENTROS POBLADOS SANTA ISABEL DE PELMÁZ Y 24 DE JUNIO EN LOS DISTRITOS DE PUERTO BERMUDEZ Y CONSTITUCIÓN, PROVINCIA DE OXAPAMPA, DEPARTAMENTO DE PASCO",Contrata,Sin Ejecución,"","",PUERTO BERMUDEZ,OXAPAMPA,PASCO
516437,2612360,2612360,"CONTRUCCIÓN DE SISTEMA DE ABASTECIMIENTO DE AGUA POTABLE; EN EL (LA) CENTRO POBLADO DE BUENAS NUEVAS, DISTRITO DE SANTA ANA DE TUSI - DANIEL ALCIDES CARRIÓN - PASCO",Administración directa,Finalizado,20/11/2023 00:00:00,39376.21,SANTA ANA DE TUSI,PASCO,PASCO
516358,2611122,2611122,"CONSTRUCCION DE ARMADO DE ALUMBRADO PÚBLICO EN EL (LA) ESCALINATA DEL MIRADOR EN EL CENTRO POBLADO DE PAMPANIA (VIRGEN DE ROSARIO), DISTRITO DE SANTA ANA DE TUSI, PROVINCIA DE DANIEL ALCIDES CARRION, DEPARTAMENTO DE PASCO¿",Administración directa,Finalizado,18/10/2023 00:00:00,56947.20,SANTA ANA DE TUSI,DANIEL ALCIDES CARRION,PASCO
516249,2153828,2153828,"AMPLIACION Y MEJORAMIENTO DEL ESTADIO MUNICIPAL EN LA LOCALIDAD DE SAN ANTONIO DE RANCAS, DISTRITO DE SIMON BOLIVAR - PASCO - PASCO",Contrata,Sin Ejecución,"","",SIMON BOLIVAR,PASCO,PASCO
516248,2626582,2626582,MEJORAMIENTO Y AMPLIACION DEL SERVICIO DE TRANSITABILIDAD VIAL INTERURBANA EN CAMINO VECINAL EMP. PA-100 - EMP. PA-571 (PUENTE LOS ANGELES) - SAN PEDRO DE RACCO - EMP. PA-573-JIRISHMACHAY-EMP. PA-572 - UCRUCANCHA DISTRITO DE SIMON BOLIVAR DE LA PROVINCIA DE PASCO DEL DEPARTAMENTO DE PASCO.,Contrata,Sin Ejecución,"","",SIMON BOLIVAR,PASCO,PASCO
516244,2624546,2624546,MEJORAMIENTO Y AMPLIACION DEL SERVICIO DE PRÁCTICA DEPORTIVA Y/O RECREATIVA EN EL CENTRO POBLADO DE SACRAFAMILIA DISTRITO DE SIMON BOLIVAR DE LA PROVINCIA DE PASCO DEL DEPARTAMENTO DE PASCO.,Contrata,Sin Ejecución,"","",SIMON BOLIVAR,PASCO,PASCO
516172,2609843,2609843,"ADQUISICION DE EQUIPO DE AMBIENTES DE BIENESTAR Y SERVICIOS GENERALES; EN EL(LA) HOTEL MUNICIPAL CHACAYAN, DISTRITO DE CHACAYAN, PROVINCIA DANIEL ALCIDES CARRION, DEPARTAMENTO PASCO",Administración directa,Finalizado,4/12/2023 00:00:00,38634.37,CHACAYAN,DANIEL ALCIDES CARRION,PASCO
516155,2484716,2484716,"REPARACION DE PUENTE; EN EL(LA) CARROZABLE L=36.00ML EN EL SECTOR GRAPANAZU - SALCIPUEDES DISTRITO DE HUANCABAMBA, PROVINCIA OXAPAMPA, DEPARTAMENTO PASCO",Administración directa,En Ejecución,25/04/2024 00:00:00,64576.73,HUANCABAMBA,OXAPAMPA,PASCO
516154,2611598,2611598,"REPARACION DE VIAS VECINALES; EN SEIS CARRETERAS VECINAL DISTRITO DE HUANCABAMBA, PROVINCIA OXAPAMPA, DEPARTAMENTO PASCO",Administración directa,Finalizado,8/02/2024 00:00:00,236225.14,HUANCABAMBA,OXAPAMPA,PASCO
516153,2611749,2611749,"CONSTRUCCION DE CERCO PERIMETRICO; EN EL(LA) ANCAHUACHANAN DISTRITO DE HUANCABAMBA, PROVINCIA OXAPAMPA, DEPARTAMENTO PASCO",Contrata,Finalizado,9/03/2024 00:00:00,38003.36,HUANCABAMBA,OXAPAMPA,PASCO
516051,2450172,2450172,MEJORAMIENTO DE LA PLANTA DE TRATAMIENTO DE AGUA POTABLE DEL CENTRO POBLADO DE VILLA DE PASCO DEL DISTRITO DE TINYAHUARCO - PROVINCIA DE PASCO - DEPARTAMENTO DE PASCO,Administración directa,Sin Ejecución,"","",TINYAHUARCO,PASCO,PASCO
515970,2622448,2622448,"REPARACION DE PTAR; EN EL(LA) SISTEMA DE PLANTA DE TRATAMIENTO DE AGUAS RESIDUALES EN EL CENTRO POBLADO COLQUIJIRCA, DISTRITO DE TINYAHUARCO, PROVINCIA PASCO, DEPARTAMENTO PASCO",Administración directa,Finalizado,5/12/2023 00:00:00,121942.06,TINYAHUARCO,PASCO,PASCO
515962,2317761,2317761,"""MEJORAMIENTO Y AMPLIACIÓN DE LOS SERVICIOS DE SANEAMIENTO BÁSICO EN EL CENTRO POBLADO DE HUARAUCACA, DISTRITO DE TINYAHUARCO - PASCO - PASCO"" - II ETAPA",Contrata,Sin Ejecución,"","",TINYAHUARCO,PASCO,PASCO
515833,2609927,2609927,"REMODELACION DE JUEGOS INFANTILES E INCLUSIVOS; EN EL(LA) I.E. SANTA ROSA DE LIMA DE LA URB. SAN JUAN PAMPA DEL DISTRITO DE YANACANCHA, PROVINCIA PASCO, DEPARTAMENTO PASCO",Contrata,Finalizado,22/02/2024 00:00:00,25346.07,YANACANCHA,PASCO,PASCO
515793,2157856,2157856,"AMPLIACION Y MEJORAMIENTO DE DEFENSA RIBEREÑA DE LOS RIO LLOCLLA Y HUALLAGA DEL CENTRO POBLADO LA QUINUA, DISTRITO DE YANACANCHA - PASCO - PASCO",Contrata,Sin Ejecución,"","",YANACANCHA,PASCO,PASCO
515432,2609430,2609430,"RENOVACION DE PUENTE PEATONAL; EN EL(LA) JR. SCHRADER (PUENTE LA CASUALIDAD) DE LA CIUDAD DE OXAPAMPA DISTRITO DE OXAPAMPA, PROVINCIA OXAPAMPA, DEPARTAMENTO PASCO",Administración directa,Finalizado,2/02/2024 00:00:00,135046.37,OXAPAMPA,OXAPAMPA,PASCO
515243,2611845,2611845,"CONSTRUCCION DE COBERTURA DE INSTALACIONES DEPORTIVAS; EN EL(LA) I.E. SAN MARTIN DE PORRAS EN EL CENTRO POBLADO CAJAMARQUILLA, DISTRITO DE YANACANCHA, PROVINCIA PASCO, DEPARTAMENTO PASCO",Contrata,Finalizado,17/05/2024 00:00:00,551983.53,YANACANCHA,PASCO,PASCO
515234,2615818,2615818,CREACIÓN DEL SERVICIO DE TRANSITABILIDAD VIAL INTERURBANA EN EL CENTRO POBLADO DE YACUTINGO - EMP. PA 545 YARUSYACÁN (HACIENDA GACHILUCRO) DEL DISTRITO DE SAN FRANCISCO DE ASIS DE YARUSYACÁN DE LA PROVINCIA DE PASCO DEL DEPARTAMENTO DE PASCO,Contrata,Sin Ejecución,"","",,PASCO,PASCO
515122,2631640,2631640,MEJORAMIENTO Y AMPLIACION DEL SERVICIO DE ATENCIÓN DE SALUD BÁSICOS EN SHELBY DE CENTRO POBLADO SHELBY DISTRITO DE VICCO DE LA PROVINCIA DE PASCO DEL DEPARTAMENTO DE PASCO,Contrata,Sin Ejecución,"","",VICCO,PASCO,PASCO
515121,2631324,2631324,MEJORAMIENTO Y AMPLIACION DEL SERVICIO DE ATENCIÓN DE SALUD BÁSICOS EN COCHAMARCA DISTRITO DE VICCO DE LA PROVINCIA DE PASCO DEL DEPARTAMENTO DE PASCO,Contrata,Sin Ejecución,"","",VICCO,PASCO,PASCO
515120,2631623,2631623,MEJORAMIENTO Y AMPLIACION DEL SERVICIO DE ATENCIÓN DE SALUD BÁSICOS EN VICCO DISTRITO DE VICCO DE LA PROVINCIA DE PASCO DEL DEPARTAMENTO DE PASCO,Contrata,Sin Ejecución,"","",VICCO,PASCO,PASCO
515087,2015917,2015917,PROYECTO INTEGRAL DE AGUA POTABLE Y ALCANTARILLADO DE LA CIUDAD DE CERRO DE PASCO,Contrata,Sin Ejecución,"","",,PASCO,PASCO
515073,2619112,2619112,MEJORAMIENTO DEL SERVICIO DE PRÁCTICA DEPORTIVA Y/O RECREATIVA EN LOSA DEPORTIVA VIRGEN DE FATIMA DE CENTRO POBLADO VILLA DE PASCO DISTRITO DE TINYAHUARCO DE LA PROVINCIA DE PASCO DEL DEPARTAMENTO DE PASCO,Contrata,Finalizado,26/04/2024 00:00:00,439521.27,TINYAHUARCO,PASCO,PASCO
515059,2611641,2611641,"REPARACION DE LA SUPERFICIE DE RODADURA; EN EL(LA) VIAS URBANAS DE LOS BARRIOS CASUARINAS, AGUAJAL, NARANJAL, APETY Y CIUDADELA ASHANINCA, DISTRITO DE PUERTO BERMUDEZ, PROVINCIA OXAPAMPA, DEPARTAMENTO PASCO",Administración directa,Finalizado,26/10/2023 00:00:00,690141.23,PUERTO BERMUDEZ,OXAPAMPA,PASCO
515039,2161466,2161466,"MEJORAMIENTO DEL SERVICIO DE EDUCACION SECUNDARIA EN LA I.E. BERNARDO CHACON TELLO ASTOBAMBA - HUARAUTAMBO DEL DISTRITO DE YANAHUANCA, PROVINCIA DE DANIEL ALCIDES CARRION - PASCO",Contrata,En Ejecución,24/01/2024 00:00:00,2591124.56,YANAHUANCA,DANIEL ALCIDES CARRION,PASCO
514994,2605145,2605145,"REPARACION DE PAVIMENTO Y SEÑALES DE TRÁFICO; EN EL(LA) PRINCIPALES VIAS URBANAS DEL DISTRITO DE CHAUPIMARCA, PROVINCIA PASCO, DEPARTAMENTO PASCO.",Contrata,Finalizado,29/04/2024 00:00:00,1780955.58,CHAUPIMARCA,PASCO,PASCO
514993,2415903,2415903,"MEJORAMIENTO DE LOSAS MULTIDEPORTIVAS EN BARRIOS Y ASENTAMIENTOS HUMANOS DEL DISTRITO DE CHAUPIMARCA - PROVINCIA DE PASCO - DEPARTAMENTO DE PASCO; II ETAPA: CAMPO DEPORTIVO ULIACHIN SECTOR 3""",Contrata,Finalizado,15/05/2024 00:00:00,1351920.64,CHAUPIMARCA,PASCO,PASCO
514980,2449568,2449568,"MEJORAMIENTO DEL APROVECHAMIENTO FORESTAL DE ESPECIES DE RAPIDO CRECIMIENTO, PARA MITIGAR LA PERDIDA DE LA BIODIVERSIDAD (SUELO-BOSQUE) EN LAS 21 LOCALIDADES DEL DISTRITO DE PUERTO BERMUDEZ - PROVINCIA DE OXAPAMPA - DEPARTAMENTO DE PASCO",Administración directa,Finalizado,17/05/2024 00:00:00,4355989.74,PUERTO BERMUDEZ,OXAPAMPA,PASCO
514935,2602337,2602337,"RENOVACION DE COBERTURA; EN EL(LA) I.E. ANDRES AVELINO CACERES DISTRITO DE OXAPAMPA, PROVINCIA OXAPAMPA, DEPARTAMENTO PASCO",Administración directa,Finalizado,2/02/2024 00:00:00,207800.77,OXAPAMPA,OXAPAMPA,PASCO
514905,2581366,2581366,"RENOVACION DE PUENTE; EN EL(LA) CAMINO VECINAL R190326 (PUENTE CHICUA) DISTRITO DE CONSTITUCION, PROVINCIA OXAPAMPA, DEPARTAMENTO PASCO",Contrata,Sin Ejecución,"","",CONSTITUCION,OXAPAMPA,PASCO
514743,2610581,2610581,"REPARACION DE VOLQUETE; EN EL(LA) MAESTRANZA MUNICIPAL DISTRITO DE CONSTITUCION, PROVINCIA OXAPAMPA, DEPARTAMENTO PASCO",Administración directa,En Ejecución,11/11/2023 00:00:00,122594.87,CONSTITUCION,OXAPAMPA,PASCO
514729,2618576,2618576,"ADQUISICION DE ESTRUCTURA DE SOPORTE; EN EL(LA) MAESTRANZA MUNICIPAL DISTRITO DE CONSTITUCION, PROVINCIA OXAPAMPA, DEPARTAMENTO PASCO",Administración directa,En Ejecución,1/12/2023 00:00:00,179521.09,CONSTITUCION,OXAPAMPA,PASCO
514636,2612931,2612931,CREACION DEL SERVICIO DE PRÁCTICA DEPORTIVA Y/O RECREATIVA EN EL ESTADIO DEL CENTRO POBLADO DE SAN ISIDRO DE YANAPAMPA DISTRITO DE TICLACAYAN DE LA PROVINCIA DE PASCO DEL DEPARTAMENTO DE PASCO,Contrata,Sin Ejecución,"","",TICLACAYAN,PASCO,PASCO
514632,2250293,2250293,"CREACION DE LOS SERVICIOS DE PROTECCIÓN DE FRANJAS RIBEREÑAS Y SU APROVECHAMIENTO EN 106 PUNTOS CRÍTICOS DE LOS DISTRITOS DE CHONTABAMBA, HUANCABAMBA, PALCAZU, PUERTO BERMUDEZ, CONSTITUCION, VILLA RICA, POZUZO DISTRITO DE OXAPAMPA - PROVINCIA DE OXAPAMPA - DEPARTAMENTO DE PASCO",Administración directa,En Ejecución,24/11/2023 00:00:00,5583882.60,CONSTITUCION,OXAPAMPA,PASCO
514451,2608279,2608279,"REPARACION DE VIAS VECINALES; EN EL(LA) TRAMO COMUNIDAD NATIVA JORDAN - A LA COMUNIDAD NATIVA SANTA ISABEL DE NEGUACHI DEL DISTRITO DE PUERTO BERMUDEZ, PROVINCIA OXAPAMPA, DEPARTAMENTO PASCO",Administración directa,Finalizado,25/09/2023 00:00:00,514227.58,PUERTO BERMUDEZ,OXAPAMPA,PASCO
514378,2598079,2598079,"REPARACION DE MURO DE CONTENCION; EN EL(LA) CALLE ALFONSO UGARTE Y 15 DE AGOSTO, EN EL CENTRO POBLADO DE CHANGO DISTRITO DE CHACAYAN, PROVINCIA DANIEL ALCIDES CARRION, DEPARTAMENTO PASCO",Administración directa,Finalizado,21/06/2023 00:00:00,36500,CHACAYAN,DANIEL ALCIDES CARRION,PASCO
514202,2232425,2232425,SALDO DE LA OBRA MEJORAMIENTO Y REHABILITACION DEL CAMINO VECINAL TRAMO LA CC.NN. CHINCHIHUAQUI - PLATANILLO SHIMAQUI DISTRITO DE PUERTO BERMUDEZ-PROVINCIA OXAPAMPA- DEPARTAMENTO PASCO,Administración directa,Finalizado,12/12/2023 00:00:00,1809388.93,PUERTO BERMUDEZ,OXAPAMPA,PASCO
514134,2310902,2310902,CREACION DEL PARQUE INFANTIL EN EL CENTRO POBLADO DE QUIULACOCHA DEL DISTRITO DE SIMON BOLIVAR - PROVINCIA DE PASCO - DEPARTAMENTO DE PASCO - SEGUNDA ETAPA,Contrata,Finalizado,15/01/2024 00:00:00,638153.56,SIMON BOLIVAR,PASCO,PASCO
514113,2590614,2590614,"""CONSTRUCCION DE ESPACIO DE RECREACION PASIVA; EN EL (LA) ESPACIOS PUBLICOS DISTRITO DE PALCAZU, PROVINCIA OXAPAMPA, DEPARTAMENTO PASCO""",Administración directa,Finalizado,15/05/2023 00:00:00,150166.40,PALCAZU,OXAPAMPA,PASCO
513943,2513457,2513457,SALDO DE OBRA: CREACION DEL LOCAL DE USOS MULTIPLES EN LA COMUNIDAD DE MIRAFLORES DEL C.P. DE MALLAMPAMPA DEL DISTRITO DE HUANCABAMBA - PROVINCIA DE OXAPAMPA - DEPARTAMENTO DE PASCO,Administración directa,Finalizado,23/11/2023 00:00:00,84648.62,HUANCABAMBA,OXAPAMPA,PASCO
513916,2513458,2513458,SALDO DE OBRA: MEJORAMIENTO DEL LOCAL DE USOS MULTIPLES EN LA COMUNIDAD DE SANTA ISABEL DEL C.P. DE MALLAMPAMPA DEL DISTRITO DE HUANCABAMBA - PROVINCIA DE OXAPAMPA - DEPARTAMENTO DE PASCO,Administración directa,Finalizado,18/10/2023 00:00:00,52230.16,HUANCABAMBA,OXAPAMPA,PASCO
513788,2564544,2564544,"REPARACION DE VIAS VECINALES; EN EL(LA) Y MANTENIMIENTO EN LOS TRAMOS DE CAROLINA - SALCIPUEDES - LANTURACHI - PALCAMAYO - SAN DANIEL - YANAJANCA - GRAPANAZU - LA COLMENA - PALMAZU - MONTECARLO DISTRITO DE HUANCABAMBA, PROVINCIA OXAPAMPA, DEPARTAMENTO PASCO",Administración directa,Finalizado,2/12/2022 00:00:00,134248.43,HUANCABAMBA,OXAPAMPA,PASCO
513743,2619558,2619558,MEJORAMIENTO DEL SERVICIO DE EDUCACIÓN SECUNDARIA EN I.E. MARISCAL MILLER DISTRITO DE VICCO DE LA PROVINCIA DE PASCO DEL DEPARTAMENTO DE PASCO,Contrata,Sin Ejecución,"",18393030.38,VICCO,PASCO,PASCO
513741,2627074,2627074,MEJORAMIENTO DEL SERVICIO DE EDUCACIÓN SECUNDARIA EN LA I.E. CORONEL FRANCISCO BOLOGNESI DE CENTRO POBLADO SHELBY DISTRITO DE VICCO DE LA PROVINCIA DE PASCO DEL DEPARTAMENTO DE PASCO,Contrata,Sin Ejecución,"",16208112.23,VICCO,PASCO,PASCO
513739,2619559,2619559,MEJORAMIENTO DEL SERVICIO DE EDUCACIÓN PRIMARIA EN I.E. 34106 DISTRITO DE VICCO DE LA PROVINCIA DE PASCO DEL DEPARTAMENTO DE PASCO,Contrata,Sin Ejecución,"",5458968.44,VICCO,PASCO,PASCO
513736,2623946,2623946,MEJORAMIENTO DEL SERVICIO DE EDUCACIÓN PRIMARIA EN I.E. 34046 DISTRITO DE VICCO DE LA PROVINCIA DE PASCO DEL DEPARTAMENTO DE PASCO,Contrata,Sin Ejecución,"",12330946.84,VICCO,PASCO,PASCO
513651,2594349,2594349,"RENOVACION DE COBERTURA Y OBRAS EXTERIORES; EN EL(LA) MEZAPATA EN LA LOCALIDAD MESAPATA, DISTRITO DE OXAPAMPA, PROVINCIA OXAPAMPA, DEPARTAMENTO PASCO",Administración directa,Finalizado,4/12/2023 00:00:00,177402.73,OXAPAMPA,OXAPAMPA,PASCO
513637,2513458,2513458,MEJORAMIENTO DEL LOCAL DE USOS MULTIPLES EN LA COMUNIDAD DE SANTA ISABEL DEL C.P. DE MALLAMPAMPA DEL DISTRITO DE HUANCABAMBA - PROVINCIA DE OXAPAMPA - DEPARTAMENTO DE PASCO.,Administración directa,Finalizado,12/09/2022 00:00:00,156560.94,HUANCABAMBA,OXAPAMPA,PASCO
513612,2576734,2576734,"I ETAPA REPARACION DE AMBIENTE ADMINISTRATIVO Y SISTEMA DE VIDEO VIGILANCIA; ADQUISICION DE CAMIONETA Y MOTOCICLETA; EN EL(LA) SUB GERENCIA DE SEGURIDAD CIUDADANA DE LA MUNICIPALIDAD PROVINCIAL DE PASCO DISTRITO DE CHAUPIMARCA, PROVINCIA PASCO, DEPARTAMENTO PASCO",Administración directa,Finalizado,16/12/2023 00:00:00,833214.38,CHAUPIMARCA,PASCO,PASCO
513610,2513457,2513457,CREACION DEL LOCAL DE USOS MULTIPLES EN LA COMUNIDAD DE MIRAFLORES DEL C.P. DE MALLAMPAMPA DEL DISTRITO DE HUANCABAMBA - PROVINCIA DE OXAPAMPA - DEPARTAMENTO DE PASCO,Administración directa,Finalizado,19/09/2022 00:00:00,151578.08,HUANCABAMBA,OXAPAMPA,PASCO
513462,2559378,2559378,MEJORAMIENTO Y AMPLIACION DEL TECHADO Y GRADERIAS DE LA LOSA DEPORTIVA DEL SECTOR DE ANCAHUACHANAN DEL DISTRITO DE HUANCABAMBA - PROVINCIA DE OXAPAMPA - DEPARTAMENTO DE PASCO,Administración directa,Finalizado,18/11/2022 00:00:00,570081.20,HUANCABAMBA,OXAPAMPA,PASCO
513439,2561923,2561923,SALDO DE OBRA DE LA EJECUCIÓN DEL PROYECTO: MEJORAMIENTO Y AMPLIACION DEL LOCAL DE USOS MULTIPLES DE LA LOCALIDAD DE LANTURACHI DEL DISTRITO DE HUANCABAMBA - PROVINCIA DE OXAPAMPA - DEPARTAMENTO DE PASCO,Administración directa,Finalizado,8/12/2023 00:00:00,115746.04,HUANCABAMBA,OXAPAMPA,PASCO
513416,2561923,2561923,MEJORAMIENTO Y AMPLIACION DE TECHADO DEL LOCAL DE USOS MULTIPLES DE LA LOCALIDAD DE LANTURACHI DEL DISTRITO DE HUANCABAMBA - PROVINCIA DE OXAPAMPA - DEPARTAMENTO DE PASCO,Administración directa,Finalizado,16/12/2022 00:00:00,194588.18,HUANCABAMBA,OXAPAMPA,PASCO
513357,2597670,2597670,"CONSTRUCCION DE PUENTE PEATONAL; EN EL(LA) RUTA PA-640 SOBRE EL RIO CHOROBAMBA, DISTRITO DE HUANCABAMBA, PROVINCIA OXAPAMPA, DEPARTAMENTO PASCO",Contrata,Sin Ejecución,"","",HUANCABAMBA,OXAPAMPA,PASCO
513347,2546888,2546888,CREACION DE LOS SERVICIOS DE FORTALECIMIENTO DE CAPACIDADES EN GESTION COMUNAL (LOCAL DE USOS MULTIPLES) EN LA COMUNIDAD NATIVA PUERTO LAGARTO DEL DISTRITO DE PUERTO BERMUDEZ - PROVINCIA DE OXAPAMPA - DEPARTAMENTO DE PASCO,Administración directa,Finalizado,17/07/2023 00:00:00,243611.60,PUERTO BERMUDEZ,OXAPAMPA,PASCO
513286,2547054,2547054,"CREACION DE LOS SERVICIOS DE FORTALECIMIENTO DE CAPACIDADES EN GESTION COMUNAL ( LOCAL USOS MULTIPLES) EN LA LOCALIDAD DE GAVILAN, DISTRITO DE PUERTO BERMUDEZ - PROVINCIA DE OXAPAMPA - DEPARTAMENTO DE PASCO",Administración directa,Finalizado,2/11/2023 00:00:00,213573.10,PUERTO BERMUDEZ,OXAPAMPA,PASCO
512987,2215873,2215873,"MEJORAMIENTO Y AMPLIACION DEL SISTEMA DE ALCANTARILLADO Y TRATAMIENTO DE AGUAS RESIDUALES DEL CENTRO POBLADO 30 DE AGOSTO, DISTRITO DE TICLACAYAN - PASCO - PASCO",Contrata,En Ejecución,2/08/2024 00:00:00,2893754.32,TICLACAYAN,PASCO,PASCO
512980,2615513,2615513,"REMODELACION DE VIAS VECINALES; EN EL(LA) CRUCE PACOYAN INGRESO A LA CAPITAL DE SAN ANTONIO DE RANCAS L=1200 DEL DISTRITO DE SIMON BOLIVAR, PROVINCIA PASCO, DEPARTAMENTO PASCO",Contrata,Finalizado,19/04/2024 00:00:00,2536716.51,SIMON BOLIVAR,PASCO,PASCO
512967,2508574,2508574,RECUPERACION DEL AREA DEGRADADA POR RESIDUOS SOLIDOS Y HABILITACIÓN DE CELDA TRANSITORIA EN LA LOCALIDAD DE GOYLLARISQUIZGA DEL DISTRITO DE GOYLLARISQUIZGA - PROVINCIA DE DANIEL ALCIDES CARRION - DEPARTAMENTO DE PASCO,Contrata,Sin Ejecución,"","",GOYLLARISQUIZGA,DANIEL ALCIDES CARRION,PASCO
512874,2594022,2594022,SALDO DE OBRA MEJORAMIENTO DEL SERVICIO DE ATENCIÓN DE SALUD BÁSICOS EN GOYLLARISQUIZGA DISTRITO DE GOYLLARISQUIZGA DE LA PROVINCIA DE DANIEL ALCIDES CARRION DEL DEPARTAMENTO DE PASCO,Contrata,En Ejecución,3/06/2024 00:00:00,4945833.09,GOYLLARISQUIZGA,DANIEL ALCIDES CARRION,PASCO
512652,2598062,2598062,"CONSTRUCCION DE RED DE DISTRIBUCION, CONEXIONES DOMICILIARIAS DE AGUA POTABLE Y RED DE ALCANTARILLADO; EN EL(LA) (SECTOR LAS BRISAS) DEL SISTEMA DE AGUA POTABLE Y ALCANTARILLADO DE LA ZONA URBANA DE LA LOCALIDAD DE NINACACA DISTRITO DE NINACACA, PROVINCIA PASCO, DEPARTAMENTO PASCO",Contrata,Finalizado,1/02/2024 00:00:00,336080.43,NINACACA,PASCO,PASCO
512585,2569073,2569073,CREACION DE PISTAS Y VEREDAS DEL JR. ARICA TRAMO JR. PROGRESO - JR. LUIS OROPEZA DEL BARRIO HUALGAYGAGA DEL DISTRITO DE HUAYLLAY - PROVINCIA DE PASCO - DEPARTAMENTO DE PASCO,Contrata,En Ejecución,3/09/2024 00:00:00,1256856.61,HUAYLLAY,PASCO,PASCO
512579,2566061,2566061,CREACION DE PISTAS Y VEREDAS DEL JR. SAN MARTIN TRAMO JR. SANTOS ATAHUALPA - PJE. UNANUE DEL BARRIO HUALGAYGAGA DEL DISTRITO DE HUAYLLAY - PROVINCIA DE PASCO - DEPARTAMENTO DE PASCO,Contrata,Finalizado,23/05/2024 00:00:00,1316488.40,HUAYLLAY,PASCO,PASCO
512552,2522327,2522327,"MEJORAMIENTO DE LOS SERVICIOS BASICOS DE EDUCACIÓN BASICA ESPECIAL - PRIMARIA ¿MOISES HASSINGER CRUZ¿, DISTRITO DE VILLA RICA - PROVINCIA DE OXAPAMPA - DEPARTAMENTO DE PASCO",Contrata,Sin Ejecución,"","",VILLA RICA,OXAPAMPA,PASCO
512413,2266709,2266709,"MEJORAMIENTO DEL CAMINO VECINAL VICCO - CASACOTO - CONDORCAYAN - PAUCARCOTO, DISTRITO DE VICCO, PROVINCIA DE PASCO - PASCO",Contrata,Sin Ejecución,"",10773727.92,VICCO,PASCO,PASCO
512402,2609913,2609913,"ADQUISICION DE AMBIENTE DE PREPARACION Y EXPENDIO DE ALIMENTOS, EQUIPO DE SALA EDUCATIVA Y MOBILIARIO DE AMBIENTES DE BIENESTAR Y SERVICIOS GENERALES; EN CATORCE II.EE. INICIAL, II.EE. PRIMARIA, II.EE. SECUNDARIA DISTRITO DE HUACHON, PROVINCIA PASCO, DEPARTAMENTO PASCO",Administración directa,Sin Ejecución,"",171122,HUACHON,PASCO,PASCO
512399,2589725,2589725,"REFORESTACION DE AREA VERDE; CONSTRUCCION DE CERCO PERIMETRICO Y ESPACIO DE RECREACION PASIVA; ADQUISICION DE CONTENEDOR DE RESIDUOS SOLIDOS PARA MERCADOS; ADEMÁS DE OTROS ACTIVOS EN EL(LA) MUNICIPAMILDAD DISTRITAL DE HUACHON DISTRITO DE HUACHON, PROVINCIA PASCO, DEPARTAMENTO PASCO",Administración directa,En Ejecución,1/11/2023 00:00:00,184277.60,HUACHON,PASCO,PASCO
512334,0,0,"Ampliación de archivo en la Agencia 2 Cerro de Pasco, Pasco",Contrata,Finalizado,29/05/2024 00:00:00,532258.13,,PASCO,PASCO
512260,2567948,2567948,CREACION DEL SERVICIO DE RIEGO EN LAS 6 LOCALIDADES EN LOS DISTRITOS DE TICLACAYAN Y YANACANCHA DE LA PROVINCIA DE PASCO - DEPARTAMENTO DE PASCO,Contrata,Sin Ejecución,"","",YANACANCHA,PASCO,PASCO
512209,2567191,2567191,"CREACION DE SERVICIO DE TRANSITABILIDAD VEHICULAR Y PEATONAL DE LOS PUENTES SAN PABLO, SAN PEDRO, CENTRO UNION Y TRES ISLAS DEL DISTRITO DE PUERTO BERMUDEZ - PROVINCIA DE OXAPAMPA - DEPARTAMENTO DE PASCO",Contrata,Sin Ejecución,"","",PUERTO BERMUDEZ,OXAPAMPA,PASCO
512208,2569683,2569683,"CREACION DEL PUENTE YAMUSHIMA, DISTRITO DE CONSTITUCION - PROVINCIA DE OXAPAMPA - DEPARTAMENTO DE PASCO",Contrata,En Ejecución,2/12/2025 00:00:00,41529041.99,CONSTITUCION,OXAPAMPA,PASCO
512151,2594244,2594244,"RENOVACION DE COBERTURA Y OBRAS EXTERIORES; EN EL(LA) CHURUMAZU DISTRITO DE OXAPAMPA, PROVINCIA OXAPAMPA, DEPARTAMENTO PASCO",Administración directa,Finalizado,29/11/2023 00:00:00,138101.61,OXAPAMPA,OXAPAMPA,PASCO
512040,2620615,2620615,"REMODELACION DE AMBIENTE DE RECREACION ACTIVA; EN EL(LA) PLAZA GUAGAYCONDOR DISTRITO DE NINACACA, PROVINCIA PASCO, DEPARTAMENTO PASCO",Contrata,Finalizado,1/02/2024 00:00:00,99981.95,NINACACA,PASCO,PASCO
511999,2569943,2569943,CREACION DE REPRESAMIENTO DE LA LAGUNA MATAGOCHA PARA SISTEMA DE RIEGO EN LA LOCALIDAD DE BELLAVISTA DEL DISTRITO DE PAUCARTAMBO - PROVINCIA DE PASCO - DEPARTAMENTO DE PASCO,Contrata,Sin Ejecución,"","",PAUCARTAMBO,PASCO,PASCO
511912,2604162,2604162,"CONSTRUCCION DE ALMACEN O DEPOSITO, CAMARA DE COMPOSTAJE, CENTRO DE ACOPIO Y DEPOSITO DE RESIDUOS SOLIDOS; ADEMÁS DE OTROS ACTIVOS EN EL(LA) PLANTA DE VALORIZACION DE RESIDUOS ORGANICOS MUNICIPALES EN LA LOCALIDAD TAPUC, DISTRITO DE TAPUC, PROVINCIA DANIEL ALCIDES CARRION, DEPARTAMENTO PASCO",Administración directa,Sin Ejecución,"","",TAPUC,DANIEL ALCIDES CARRION,PASCO
511910,2551623,2551623,MEJORAMIENTO Y AMPLIACIÓN DEL SISTEMA DE AGUA POTABLE EN LA LOCALIDAD DE SAN PEDRO DEL C.P. MALLAMPAMPA DISTRITO DE HUANCABAMBA - PROVINCIA DE OXAPAMPA - DEPARTAMENTO DE PASCO,Contrata,En Ejecución,3/05/2024 00:00:00,368805.91,HUANCABAMBA,OXAPAMPA,PASCO
511655,2615362,2615362,"REPARACION DE CRUCE DE CARRETERA CON UNA CARRETERA PRINCIPAL; EN EL (LA) TRAMO DEL SECTOR CONVENTO, VILLA PROGRESO Y PUENTE LAGARTO DEL CENTRO POBLADO PUERTO MAYRO, DISTRITO DE PALCAZU, PROVINCIA OXAPAMAPA, DEPARTAMENTO DE PASCO",Contrata,Finalizado,27/02/2024 00:00:00,0,PALCAZU,PASCO,PASCO
511654,2560884,2560884,"¿CONSTRUCCION DE INSTALACIONES EXTERIORES DE SERVICIOS BÁSICOS; EN EL(LA) INTERCONEXIÓN VIAL DE LA AV. MINERO - JR. HUANCAVELICA DEL CENTRO POBLADO DE PARAGSHA DISTRITO DE SIMON BOLIVAR, PROVINCIA DE PASCO, DEPARTAMENTO DE PASCO¿ CON CUI N° 2560884.",Contrata,Finalizado,15/05/2024 00:00:00,76946.44,SIMON BOLIVAR,PASCO,PASCO
511547,2591645,2591645,"¿CONSTRUCCIÓN DE COBERTURA DE INSTALACIONES DEPORTIVAS Y REMODELACIÓN DE LUMINARIAS EN EL (LA) LOCALIDAD DE RANCAS DEL DISTRITO DE SIMON BOLIVAR DE LA PROVINCIA DE PASCO DEL DEPARTAMENTO DE PASCO"" CON CUI N° 2591645",Contrata,Finalizado,28/03/2024 00:00:00,1074297.63,SIMON BOLIVAR,PASCO,PASCO
511536,2613425,2613425,"REPARACION DE RED DE TRANSPORTE; EN EL(LA) TROCHA CARROZABLE CRUCE PA-103 (00+000 KM) - CRUCE PAMPA GALERA (03+190KM) EN EL CENTRO POBLADO TACTAYOC, DISTRITO DE SANTA ANA DE TUSI, PROVINCIA DANIEL ALCIDES CARRION, DEPARTAMENTO PASCO",Contrata,Finalizado,18/07/2024 00:00:00,392082.09,SANTA ANA DE TUSI,DANIEL ALCIDES CARRION,PASCO
511534,2615508,2615508,"REPARACION DE PISTA Y CUNETA; EM EL (LA) CASCO URBANO DEL DISTRITO DE SANTA ANA DE TUSI, PROVINCIA DANIEL ALCIDES CARRION, DEPARTAMENTO PASCO",Contrata,Finalizado,25/03/2025 00:00:00,562204.57,SANTA ANA DE TUSI,DANIEL ALCIDES CARRION,PASCO
511533,2613503,2613503,"REPARACIÓN DE SUPERFICIE DE RODADURA Y CUNETA; EN EL (LA) TRAMO LOCALIDAD DE PIQUILHUANCA (00+000 KM)-LOCALIDAD DE TACTAYOC (10+900 KM) DISTRITO DE SANTA ANA, PROVINCIA DANIEL ALCIDES CARRION, DEPARTAMENTO PASCO",Contrata,Finalizado,14/08/2024 00:00:00,610870.21,,DANIEL ALCIDES CARRION,PASCO
511478,2194033,2194033,"AMPLIACION Y MEJORAMIENTO DE LA CAPACIDAD RESOLUTIVA DEL PUESTO DE SALUD, NIVEL I-3 CHINCHE TINGO, LOCALIDAD DE CHINCHE TINGO, DISTRITO DE YANAHUANCA, PROVINCIA DE DANIEL ALCIDES CARRION - PASCO",Contrata,Sin Ejecución,"",13951334.75,YANAHUANCA,DANIEL ALCIDES CARRION,PASCO
511215,2564803,2564803,"CONSTRUCCIÓN DE VEREDA; EN EL(LA) JR. LOS INVASORES, PASAJE EN LA INTERCONEXIÓN DE LA CALLE VISTA ALEGRE CON JR. LOS INVASORES Y PROLONGACIÓN 28 DE JULIO DEL AA.HH. JOSE CARLOS MARIATEGUI DISTRITO DE SIMON BOLIVAR, PROVINCIA DE PASCO, DEPARTAMENTO DE PASCO CUI N° 2564803",Contrata,Finalizado,17/08/2023 00:00:00,0,SIMON BOLIVAR,PASCO,PASCO
511073,2585434,2585434,"REPARACION DE CAMPO DEPORTIVO; EN EL (LA) ESTADIO DE LA LOCALIDAD DE ISCOZACIN DEL DISTRITO DE PALCAZU, PROVINCIA OXAPAMPA, DEPARTAMENTO PASCO",Administración directa,Finalizado,15/05/2023 00:00:00,0,PALCAZU,OXAPAMPA,PASCO
510944,2595142,2595142,CREACION DEL SERVICIO DE TRANSITABILIDAD VIAL INTERURBANA EN LA LOCALIDAD DE NARANJAL DEL DISTRITO DE PUERTO BERMUDEZ DE LA PROVINCIA DE OXAPAMPA DEL DEPARTAMENTO DE PASCO,Contrata,Finalizado,8/08/2024 00:00:00,762162.73,PUERTO BERMUDEZ,OXAPAMPA,PASCO
510760,2592663,2592663,"CONSTRUCCION DE COBERTURA DE INSTALACIONES DEPORTIVAS; EN EL(LA) I.E. 34219 PETRONILLA SANCHEZ C. EN LA LOCALIDAD GRAPANAZU, DISTRITO DE HUANCABAMBA, PROVINCIA OXAPAMPA, DEPARTAMENTO PASCO",Contrata,Finalizado,23/01/2024 00:00:00,462442.16,HUANCABAMBA,OXAPAMPA,PASCO
510709,2250078,2250078,"MEJORAMIENTO DEL SERVICIO EDUCATIVO EN LA INSTITUCIÓN EDUCATIVA RICARDO PALMA DE LA COMUNIDAD NATIVA AMAMBAY, DISTRITO PUERTO BERMÚDEZ, PROVINCIA OXAPAMPA, REGIÓN PASCO",Contrata,Sin Ejecución,"",9910922.94,OXAPAMPA,OXAPAMPA,PASCO
510618,2613123,2613123,MEJORAMIENTO DE LOS SERVICIOS OPERATIVOS O MISIONALES INSTITUCIONALES EN SUB GERENCIA DE INFRAESTRUCTURA Y DESARROLLO URBANO RURAL DISTRITO DE HUACHON DE LA PROVINCIA DE PASCO DEL DEPARTAMENTO DE PASCO,Administración directa,En Ejecución,17/11/2023 00:00:00,0,HUACHON,PASCO,PASCO
510571,2490938,2490938,"SALDO DEL PROYECTO ""CONSTRUCCION DE LÍNEA DE CONDUCCIÓN; EN EL(LA) SISTEMA DE AGUA POTABLE DE LA ZONA URBANA DEL DISTRITO DE YANACANCHA Y EL DISTRITO DE CHAUPIMARCA, PROVINCIA PASCO, DEPARTAMENTO PASCO",Contrata,En Ejecución,10/08/2023 00:00:00,0,YANACANCHA,PASCO,PASCO
510570,2572650,2572650,"REPARACION DE CAMINO PARA VEHICULOS LIGEROS; EN EL(LA) TRAMO QUIPARACRA - AHUAC, TRAMO RICRAN - PAMPA INCA, TRAMO PICHUGAYAN - PUCARA DISTRITO DE HUACHON, PROVINCIA PASCO, DEPARTAMENTO PASCO",Administración directa,En Ejecución,29/06/2023 00:00:00,0,HUACHON,PASCO,PASCO
510146,2506673,2506673,MEJORAMIENTO DEL PARQUE DEL CENTRO POBLADO DE MALAUCHACA (SAN ANTONIO DE MALAUCHACA) DEL DISTRITO DE TICLACAYAN - PROVINCIA DE PASCO - DEPARTAMENTO DE PASCO,Contrata,Finalizado,28/12/2023 00:00:00,687261.11,TICLACAYAN,PASCO,PASCO
509736,2539010,2539010,"CREACION DE LOS SERVICIOS PUBLICOS PARA EL DESARROLLO DE ACTIVIDADES COMUNALES, ORGANIZATIVAS Y SOCIOCULTURALES EN EL CASERÍO DE SAN PABLO DE LUCMAPAMPA, DISTRITO DE SAN PEDRO DE PILLAO - PROVINCIA DE DANIEL ALCIDES CARRION - DEPARTAMENTO DE PASCO",Contrata,En Ejecución,28/11/2023 00:00:00,266662.81,SAN PEDRO DE PILLAO,DANIEL ALCIDES CARRION,PASCO
509597,2605210,2605210,CREACION DEL SERVICIO DE MOVILIDAD URBANA EN VÍAS LOCALES DEL SECTOR 02 DE LA CIUDAD DE OXAPAMPA DISTRITO DE OXAPAMPA DE LA PROVINCIA DE OXAPAMPA DEL DEPARTAMENTO DE PASCO,Contrata,Sin Ejecución,"","",OXAPAMPA,OXAPAMPA,PASCO
509596,2571442,2571442,"CREACION DEL SERVICIO DE MOVILIDAD URBANA EN LAS VÍAS LOCALES DEL SECTOR 1 DE LA CIUDAD OXAPAMPA, DISTRITO OXAPAMPA, PROVINCIA OXAPAMPA, DEPARTAMENTO PASCO",Contrata,Sin Ejecución,"","",OXAPAMPA,OXAPAMPA,PASCO
509523,2614443,2614443,"REPARACION DE CANAL PLUVIAL; EN EL(LA) CALLES PRINCIPALES DE LA ZONA URBANA DEL DISTRITO DE YANACANCHA, PROVINCIA PASCO, DEPARTAMENTO PASCO",Contrata,Sin Ejecución,"","",YANACANCHA,PASCO,PASCO
509522,2610904,2610904,CREACION DEL SERVICIO DE PRÁCTICA DEPORTIVA Y/O RECREATIVA EN EL AA.HH. GERARDO PATIÑO LOPEZ DEL DISTRITO DE YANACANCHA DE LA PROVINCIA DE PASCO DEL DEPARTAMENTO DE PASCO,Contrata,Finalizado,12/02/2024 00:00:00,404056.19,YANACANCHA,PASCO,PASCO
509521,2610744,2610744,CREACION DEL SERVICIO DE PRÁCTICA DEPORTIVA Y/O RECREATIVA EN EL AA.HH. 27 DE NOVIEMBRE DEL DISTRITO DE YANACANCHA DE LA PROVINCIA DE PASCO DEL DEPARTAMENTO DE PASCO,Contrata,Finalizado,14/03/2024 00:00:00,510008.60,YANACANCHA,PASCO,PASCO
509520,2610842,2610842,CREACION DEL SERVICIO DE PRÁCTICA DEPORTIVA Y/O RECREATIVA EN EL BARRIO DE YANACANCHA ANTIGUA DEL DISTRITO DE YANACANCHA DE LA PROVINCIA DE PASCO DEL DEPARTAMENTO DE PASCO,Contrata,Finalizado,14/02/2024 00:00:00,660177.25,YANACANCHA,PASCO,PASCO
509448,2212405,2212405,"MEJORAMIENTO DE LOS SERVICIOS DE EDUCACION SECUNDARIA DE LA I.E. SANTA ROSA DE CHORA DEL CENTRO POBLADO SANTA ROSA DE CHORA DISTRITO SANTA ANA DE TUSI, PROVINCIA DE DANIEL ALCIDES CARRION - PASCO",Contrata,En Ejecución,13/02/2024 00:00:00,1457600.27,SANTA ANA DE TUSI,DANIEL ALCIDES CARRION,PASCO
509445,2392064,2392064,"MEJORAMIENTO Y AMPLIACION DEL SERVICIO EDUCATIVO DEL INSTITUTO DE EDUCACIÓN SUPERIOR PEDAGÓGICO PUBLICO GAMANIEL BLANCO MURILLO, DISTRITO DE YANACANCHA - PROVINCIA DE PASCO - DEPARTAMENTO DE PASCO",Contrata,Sin Ejecución,"","",YANACANCHA,PASCO,PASCO
509123,2547049,2547049,CREACION DE LOS SERVICIOS DE FORTALECIMIENTO DE CAPACIDADES EN GESTION COMUNAL (LOCAL DE USOS MULTIPLES) EN LA COMUNIDAD NATIVA MIRAFLORES DEL DISTRITO DE PUERTO BERMUDEZ - PROVINCIA DE OXAPAMPA - DEPARTAMENTO DE PASCO,Administración directa,Finalizado,12/07/2023 00:00:00,243887.16,PUERTO BERMUDEZ,OXAPAMPA,PASCO
509091,2547039,2547039,CREACION DE LOS SERVICIOS DE FORTALECIMIENTO EN GESTION COMUNAL (LOCAL DE USOS MULTIPLES) EN EL ANEXO SANTA ANITA DISTRITO DE PUERTO BERMUDEZ - PROVINCIA DE OXAPAMPA - DEPARTAMENTO DE PASCO,Administración directa,Finalizado,12/07/2023 00:00:00,228205.72,PUERTO BERMUDEZ,OXAPAMPA,PASCO
509064,2601452,2601452,MEJORAMIENTO Y AMPLIACION DEL SERVICIO DE PRÁCTICA DEPORTIVA Y/O RECREATIVA EN EL ESTADIO MAXIMO ARELLANO DISTRITO DE TAPUC DE LA PROVINCIA DE DANIEL ALCIDES CARRION DEL DEPARTAMENTO DE PASCO,Contrata,Sin Ejecución,"","",TAPUC,DANIEL ALCIDES CARRION,PASCO
509042,2309153,2309153,"INSTALACION DEL SISTEMA DE EVACUACIÓN DE AGUAS PLUVIALES DE LA ZONA URBANA DEL DISTRITO DE OXAPAMPA, PROVINCIA DE OXAPAMPA - PASCO",Contrata,En Ejecución,6/06/2025 00:00:00,59309177.37,OXAPAMPA,OXAPAMPA,PASCO
509028,2505481,2505481,"""MEJORAMIENTO DE LA LOSA MULTIDEPORTIVA EN LA URBANIZACION MACHUPICCHU DE LA ZONA ALTA DE SAN JUAN PAMPA DISTRITO DE YANACANCHA-PROVINCIA DE PASCO-DEPARTAMENTO DE PASCO""",Contrata,Finalizado,15/12/2023 00:00:00,2869024.74,YANACANCHA,PASCO,PASCO
509016,2592006,2592006,MEJORAMIENTO DEL SERVICIO DE TRANSITABILIDAD VIAL INTERURBANA EN EL TRAMO: ANEXO BATANCHACA EMP. PE-3N - EMP. PA-545 CC. PP. S. F. A. YARUSYACAN DEL DISTRITO DE SAN FRANCISCO DE ASIS DE YARUSYACAN DE LA PROVINCIA DE PASCO DEL DEPARTAMENTO DE PASCO,Contrata,Sin Ejecución,"",22231634.38,SAN FRANCISCO DE ASIS DE YARUSYACAN,PASCO,PASCO
508912,2529856,2529856,"RENOVACION DE PUENTE; EN EL(LA) VIA VECINAL TRAMO: ACO - HUAMBRAC (PUENTE MUYA) DISTRITO DE PAUCARTAMBO, PROVINCIA PASCO, DEPARTAMENTO PASCO",Contrata,Finalizado,20/12/2022 00:00:00,818134.55,PAUCARTAMBO,PASCO,PASCO
508723,2590146,2590146,"CONSTRUCCION DE PISTA Y VEREDA; EN EL(LA) JIRON CORDOVA (MUCHA) DISTRITO DE SIMON BOLIVAR, PROVINCIA PASCO, DEPARTAMENTO PASCO",Contrata,Finalizado,15/11/2023 00:00:00,438392.24,SIMON BOLIVAR,PASCO,PASCO
508671,2340138,2340138,"MEJORAMIENTO DE LA TRANSITABILIDAD VEHICULAR DE LA CARRETERA DEPARTAMENTAL RUTA N- PA-104 DE LA PROGRESIVA 0+000 KM Y LA PROGRESIVA 41+736.77 KM. DISTRITOS DE YANACANCHA.STA TUSI. YARUSYACAN, PALLANCHACRA. PROVINCIA PASCO Y DANIEL CARRION, DPTO PASCO",Contrata,Sin Ejecución,"","",YANACANCHA,PASCO,PASCO
508558,2545570,2545570,MEJORAMIENTO Y AMPLIACION DEL SERVICIO EDUCATIVO DEL NIVEL SECUNDARIA DE LA I.E. GENERAL CORDOVA EN EL DISTRITO DE SANTA ANA DE TUSI - PROVINCIA DE DANIEL ALCIDES CARRION - DEPARTAMENTO DE PASCO,Contrata,Sin Ejecución,"","",SANTA ANA DE TUSI,DANIEL ALCIDES CARRION,PASCO
508546,2239399,272631,"MEJORAMIENTO DE LOS SERVICIOS DE LA INSTITUCION EDUCATIVA DEL NIVEL PRIMARIO 34145 JOSE CARLOS MARIATEGUI, DISTRITO DE SANTA ANA DE TUSI - DANIEL ALCIDES CARRION - PASCO",Contrata,Sin Ejecución,"",14877594.01,SANTA ANA DE TUSI,DANIEL ALCIDES CARRION,PASCO
508412,2600328,2600328,"AMPLIACION DEL SERVICIO DE PRÁCTICA DEPORTIVA Y/O RECREATIVA EN GRASS SINTETICO, CON COBERTURAS Y LUMINARIAS EN LAS LOCALIDADES DE YURAJHUANCA, QUIULACOCHA Y CHAMPAMARCA DEL DISTRITO DE SIMON BOLIVAR DE LA PROVINCIA DE PASCO DEL DEPARTAMENTO DE PASCO",Contrata,Finalizado,7/12/2023 00:00:00,1559985.43,SIMON BOLIVAR,PASCO,PASCO
508408,2596814,2596814,"CONSTRUCCION DE LOSA DEPORTIVA; EN EL(LA) I.E. 34222 JOSE CARLOS MARIATEGUI DISTRITO DE HUANCABAMBA, PROVINCIA OXAPAMPA, DEPARTAMENTO PASCO",Contrata,Finalizado,10/11/2023 00:00:00,141942.31,HUANCABAMBA,OXAPAMPA,PASCO
508372,2235359,2235359,"INSTALACION DEL SANEAMIENTO BÁSICO INTEGRAL EN LA COMUNIDAD NATIVA SÉPTIMO UNIDO SANTA FE DE AGUACHINI DEL DISTRITO PUERTO BERMÚDEZ, PROVINCIA OXAPAMPA, REGION PASCO",Contrata,En Ejecución,21/12/2023 00:00:00,2910735.42,OXAPAMPA,OXAPAMPA,PASCO
508354,2522502,2522502,"RENOVACION DE COBERTURA; CONSTRUCCION DE COBERTURA DE INSTALACIONES DEPORTIVAS; REPARACION DE LOSA DEPORTIVA; EN EL(LA) INSTITUTO DE EDUCACIÓN SUPERIOR TECNOLOGICO PUBLICO OXAPAMPA DISTRITO DE OXAPAMPA, PROVINCIA OXAPAMPA, DEPARTAMENTO PASCO",Contrata,Finalizado,2/04/2024 00:00:00,1679460.77,OXAPAMPA,OXAPAMPA,PASCO
508274,2529861,2529861,"RENOVACION DE PUENTE; EN EL(LA) VIA VECINAL TRAMO: SANTA ISABEL - CEDROPAMPA (PUENTE MISHURAGRA) DISTRITO DE PAUCARTAMBO, PROVINCIA PASCO, DEPARTAMENTO PASCO",Contrata,Finalizado,16/12/2022 00:00:00,807420.41,PAUCARTAMBO,PASCO,PASCO
508108,2599565,2599565,"CREACION DE LOS SERVICIOS PÚBLICOS DE INTEGRACIÓN ECONÓMICA Y SOCIAL EN LA ASOCIACIÓN DE NACIONALIDADES ASHANINKA (ANAP) DE VALLE DE PICHIS, DE (SERVICIOS HIGIENICOS) EN EL DISTRITO DE PUERTO BERMUDEZ DE LA PROVINCIA DE OXAPAMPA DEL DEPARTAMENTO DE PASCO",Contrata,Finalizado,3/11/2023 00:00:00,300535.27,PUERTO BERMUDEZ,OXAPAMPA,PASCO
507799,2532656,2532656,CREACION Y CONSTRUCCION DEL SISTEMA DE RIEGO EN LA COMUNIDAD CAMPESINA DE SAN JUAN DE YACAN (YACAN) DEL DISTRITO DE PAUCAR - PROVINCIA DE DANIEL ALCIDES CARRION - DEPARTAMENTO DE PASCO,Contrata,Sin Ejecución,"","",PAUCAR,DANIEL ALCIDES CARRION,PASCO
507670,2561263,2561263,"ADQUISICION DE EQUIPO DE SISTEMA DE CONTROL VEHICULAR Y PEATONAL; EN EL(LA) JR. 28 DE JULIO (INTERSECCIONES CON LA AV. EL MINERO Y PROLONGACION 28 DE JULIO) Y OVALO MANO DE PARAGSHA E IMPLEMENTACION DEL MISMO EN EL CENTRO POBLADO DE PARAGSHA, DISTRITO DE SIMON BOLIVAR, PROVINCIA PASCO, DEPARTAMENTO PASCO",Contrata,Finalizado,8/11/2023 00:00:00,249031.37,SIMON BOLIVAR,PASCO,PASCO
507658,2282203,2282203,"MEJORAMIENTO DE LOS SERVICIOS EDUCATIVOS DE LA I.E. N 34152 MARCELIANO RIOS BIANCHI DE VILCABAMBA, DISTRITO DE VILCABAMBA - DANIEL ALCIDES CARRION - PASCO",Contrata,En Ejecución,9/11/2023 00:00:00,0,VILCABAMBA,DANIEL ALCIDES CARRION,PASCO
507656,2465836,2465836,"CREACION DE PISTAS, VEREDAS Y ESCALINATAS EN EL CENTRO POBLADO DE HUAYLASJIRCA DEL DISTRITO DE YANAHUANCA - PROVINCIA DE DANIEL ALCIDES CARRION - DEPARTAMENTO DE PASCO",Contrata,En Ejecución,1/04/2024 00:00:00,7088901.87,YANAHUANCA,DANIEL ALCIDES CARRION,PASCO
507376,2326656,2326656,"MEJORAMIENTO DE LOS SERVICIOS EDUCATIVOS DEL NIVEL PRIMARIO EN LA I.E. N 34117 JOSE CARLOS MARIATEGUI - ROCCO, CENTRO POBLADO SAN EXALTACION DE ROCCO, DISTRITO DE YANAHUANCA PROVINCIA DANIEL ALCIDES CARRION, DEPARTAMENTO PASCO",Contrata,Sin Ejecución,"","",YANAHUANCA,DANIEL ALCIDES CARRION,PASCO
507375,2570837,2570837,"CREACION DEL SERVICIO DE TRANSITABILIDAD PEATONAL EN LAS ZONAS DE COLLPA, RODEO, YACUCANCHA, SANTIAGO PAMPA, DOCE DE OCTUBRE, YANAISHO, SANTA FE EN 7 LOCALIDADES DEL DISTRITO DE YANAHUANCA - PROVINCIA DE DANIEL ALCIDES CARRION - DEPARTAMENTO DE PASCO",Contrata,Sin Ejecución,"","",YANAHUANCA,DANIEL ALCIDES CARRION,PASCO
507255,2575650,2575650,"""I ETAPA: REPARACION DE AMBIENTE ADMINISTRATIVO, COBERTURA Y SERVICIOS HIGIENICOS Y/O VESTIDORES; ADQUISICION DE CAMIONETA; ADEMÁS DE OTROS ACTIVOS EN EL(LA) SEDE CENTRAL DE LA MUNICIPALIDAD PROVINCIAL DE PASCO DISTRITO DE CHAUPIMARCA, PROVINCIA PASCO, DEPARTAMENTO PASCO""",Administración directa,Finalizado,20/07/2023 00:00:00,0,CHAUPIMARCA,PASCO,PASCO
507221,2181009,2181009,"MEJORAMIENTO, AMPLIACION DEL SISTEMA DE AGUA POTABLE Y ALCANTARILLADO DE LA LOCALIDAD DE SAN PEDRO DE CARHUAC, DISTRITO DE NINACACA - PASCO - PASCO",Contrata,Finalizado,7/07/2023 00:00:00,177532.58,NINACACA,PASCO,PASCO
507201,2289281,2289281,"MEJORAMIENTO Y AMPLIACION SISTEMA DE AGUA POTABLE, ALCANTARILLADO Y TRATAMIENTO DE AGUAS RESIDUALES EN EL DISTRITO DE VILCABAMBA - PROVINCIA DE DANIEL ALCIDES CARRION - DEPARTAMENTO DE PASCO",Contrata,En Ejecución,7/11/2023 00:00:00,12565370.44,VILCABAMBA,DANIEL ALCIDES CARRION,PASCO
507184,2589739,2589739,CREACION DEL SERVICIO DE TRANSITABILIDAD VIAL INTERURBANA EN EL TRAMO GANISH-CUYUMA DEL CACERIO DE GANISH DISTRITO DE HUARIACA DE LA PROVINCIA DE PASCO DEL DEPARTAMENTO DE PASCO,Contrata,Finalizado,23/10/2023 00:00:00,270212.01,HUARIACA,PASCO,PASCO
507169,2596876,2596876,RECUPERACION DE LA INFRAESTRUCTURA EDUCATIVA PARA EL SERVICIO DE EDUCACIÓN SECUNDARIA EN I.E. SAN JUAN BAUTISTA HUARIACA DEL DISTRITO DE HUARIACA - PROVINCIA DE PASCO - DEPARTAMENTO DE PASCO,Contrata,Sin Ejecución,"","",HUARIACA,PASCO,PASCO
506998,2594405,2594405,"REPARACION DE EDIFICACION; EN EL(LA) I.E. AGROPECUARIO PUERTO VICTORIA EN LA LOCALIDAD PUERTO VICTORIA, DISTRITO DE CONSTITUCION, PROVINCIA OXAPAMPA, DEPARTAMENTO PASCO",Administración directa,Finalizado,15/06/2023 00:00:00,361674.52,CONSTITUCION,OXAPAMPA,PASCO
506973,2448382,2448382,"MONTAJE, INSTALACIÓN Y CONSTRUCCIÓN DE OBRAS CIVILES DEL PUENTE MODULAR CARAPACHO",Por convenio entre entidades,Finalizado,6/12/2022 00:00:00,577612.56,,,PASCO
506834,2535946,2535946,"MEJORAMIENTO DEL SERVICIO DE TRANSITABILIDAD VEHICULAR EN EL TRAMO PA - 105: EMP. PE-3N (PARIAMARCA) - CUCHIHAIN - YANACACHI - HUANCA - EMP. PA-106 (DV. HUANCA) EN LOS DISTRITOS DE TICLACAYAN, NINACACA Y YANACANCHA DE LA PROVINCIA DE PASCO - DEPARTAMENTO DE PASCO",Contrata,Sin Ejecución,"","",YANACANCHA,PASCO,PASCO
506776,2527926,2527926,"CREACION DEL SERVICIO DE MOVILIDAD URBANA EN LAS VIAS LOCALES DEL PJ. SANTA ROSA , CALLE HIPOLITO UNANUE, CALLE ALFONSO UGARTE, CALLE GRAU, CALLE SUCRE,CALLE HUANUCO, CALLE SAN MARTIN, CALLE BOLOGNESI, CALLE ELTURISTA, CALLE CAUIDE, CALLE CORICANCHA, CALLE WIRACOCHA, CALLE CUZCO, CALLE DANIEL ALCIDES CARRION, CALLLE INDEPENDIENTE, CALLE FARALLONES, CALLE ANALIA PEREZ ZEVALLOS, JR. LOS LIBERTADORES EN EL C.P. CANCHACUCHO DEL DISTRITO DE HUAYLLAY - PROVINCIA DE PASCO - DEPARTAMENTO DE PASCO",Contrata,Sin Ejecución,"","",HUAYLLAY,DANIEL ALCIDES CARRION,PASCO
506775,2570007,2570007,MEJORAMIENTO Y AMPLIACION DE LA CARRETERA PUENTE YANAHUANCA AL C.P YANACOCHA DISTRITO DE YANAHUANCA - PROVINCIA DE DANIEL ALCIDES CARRION - DEPARTAMENTO DE PASCO,Contrata,Sin Ejecución,"","",YANAHUANCA,DANIEL ALCIDES CARRION,PASCO
506738,2435829,2435829,"SALDO DE OBRA: ""MEJORAMIENTO DE PISTAS Y VEREDAS DE LA AVENIDA LAS AMÉRICAS DE LA URBANIZACIÓN YANACANCHA DEL DISTRITO DE YANACANCHA - PROVINCIA DE PASCO - DEPARTAMENTO DE PASCO""",Contrata,Finalizado,12/06/2023 00:00:00,612322.99,YANACANCHA,PASCO,PASCO
506638,2414070,2414070,CREACION DE LOSA MULTIDEPORTIVA EN EL CENTRO POBLADO DE CHIPIPATA DEL DISTRITO DE YANAHUANCA - PROVINCIA DE DANIEL ALCIDES CARRION - DEPARTAMENTO DE PASCO,Contrata,Finalizado,5/09/2024 00:00:00,468334.49,YANAHUANCA,DANIEL ALCIDES CARRION,PASCO
506580,2561688,2561688,MEJORAMIENTO DE LOS SERVICIOS DE EDUCACIÓN PRIMARIA EN LA I.E. N° 34432 DEL CENTRO POBLADO NUEVO PORVENIR DEL DISTRITO DE CONSTITUCION - PROVINCIA DE OXAPAMPA - DEPARTAMENTO DE PASCO,Contrata,Sin Ejecución,"","",CONSTITUCION,OXAPAMPA,PASCO
506579,2565951,2565951,MEJORAMIENTO DE LOS SERVICIOS DE EDUCACIÓN PRIMARIA EN LA I.E. N° 34054 TUPAC AMARU II DEL CENTRO POBLADO DE SAN JUAN DE MILPO DEL DISTRITO DE SAN FRANCISCO DE ASIS DE YARUSYACAN - PROVINCIA DE PASCO - DEPARTAMENTO DE PASCO,Contrata,Sin Ejecución,"","",SAN FRANCISCO DE ASIS DE YARUSYACAN,PASCO,PASCO
506478,2541138,2541138,"MEJORAMIENTO DE LOS SERVICIOS BÁSICOS DE EDUCACIÓN EN LA I.E. N° 34715 DE NIVEL PRIMARIA DE LA LOCALIDAD CARTAGENA, DISTRITO DE CONSTITUCION - PROVINCIA DE OXAPAMPA - DEPARTAMENTO DE PASCO",Contrata,Sin Ejecución,"","",CONSTITUCION,OXAPAMPA,PASCO
506333,2328779,2328779,"SALDO DEL PROYECTO: MEJORAMIENTO DEL ESTADIO MUNICIPAL DEL CENTRO POBLADO DE QUIULACOCHA, DISTRITO DE SIMON BOLIVAR, PROVINCIA DE PASCO ¿ DEPARTAMENTO DE PASCO",Contrata,Finalizado,2/06/2023 00:00:00,874273.66,SIMON BOLIVAR,PASCO,PASCO
506309,2565950,2565950,MEJORAMIENTO DE LOS SERVICIOS DE EDUCACIÓN SECUNDARIA EN LA I.E. N° 34281 BILINGUE EL MILAGRO DEL CENTRO POBLADO EL MILAGRO DEL DISTRITO DE PUERTO BERMUDEZ - PROVINCIA DE OXAPAMPA - DEPARTAMENTO DE PASCO,Contrata,Sin Ejecución,"","",PUERTO BERMUDEZ,OXAPAMPA,PASCO
506308,2560365,2560365,MEJORAMIENTO DE LOS SERVICIOS DE EDUCACIÓN EN LA INSTITUCION EDUCATIVA INTEGRADA N° 34228 PEDRO PAULET MOSTAJO DEL DISTRITO DE PUERTO BERMUDEZ - PROVINCIA DE OXAPAMPA - DEPARTAMENTO DE PASCO,Contrata,Sin Ejecución,"","",PUERTO BERMUDEZ,OXAPAMPA,PASCO
506298,2565257,2565257,"MEJORAMIENTO DE LOS SERVICIOS BÁSICOS DEL NIVEL SECUNDARIO EN LA I.E DEMETRIO TEMPLADERA MARTINEZ, CENTRO POBLADO SAN ANTONIO DE SUNEC DEL DISTRITO DE TICLACAYAN - PROVINCIA DE PASCO - DEPARTAMENTO DE PASCO",Contrata,Sin Ejecución,"","",TICLACAYAN,PASCO,PASCO
506297,2566705,2566705,"MEJORAMIENTO DE LOS SERVICIOS EDUCATIVOS DEL INSTITUTO SUPERIOR PEDAGOGICO PUBLICO FRAY ANGEL J. AZAGRA MURILLO, DISTRITO DE PUERTO BERMUDEZ - PROVINCIA DE OXAPAMPA - DEPARTAMENTO DE PASCO",Contrata,Sin Ejecución,"","",PUERTO BERMUDEZ,OXAPAMPA,PASCO
506272,2594759,2594759,"REPARACION DE AMBIENTES DE USOS MULTIPLES; EN EL (LA) LOCAL DE USOS MULTIPLES DEL CASERIO 30 DE AGOSTO, DEL DISTRITO DE TICLACAYAN-PROVINCIA DE PASCO-DEPARTAMENTO DE PASCO",Contrata,Finalizado,19/09/2023 00:00:00,398918.71,TICLACAYAN,PASCO,PASCO
506235,2288100,2288100,"MEJORAMIENTO DE PISTAS Y VEREDAS DE LA AV. RAMON CASTILLA LADO DERECHO DEL BARRIO DE SANTA MARIA DE CARHUAMAYO, PROVINCIA DE JUNIN - JUNIN - EJECUCION DE SALDO DE OBRA",Contrata,Finalizado,22/11/2023 00:00:00,2374753.28,,,PASCO
505724,2571015,2571015,MEJORAMIENTO DEL SERVICIO DE GESTIÓN INSTITUCIONAL EN EDUCACIÓN SUPERIOR UNIVERSITARIA EN SISTEMA DE SERVICIO DE ENERGIA ELECTRICA EN LA UNIVERSIDAD NACIONAL DANIEL ALCIDES CARRION FILIAL OXAPAMPA DISTRITO DE OXAPAMPA DE LA PROVINCIA DE OXAPAMPA DEL DEPARTAMENTO DE PASCO,Contrata,Sin Ejecución,"","",OXAPAMPA,OXAPAMPA,PASCO
505532,2173514,2173514,"""MEJORAMIENTO Y AMPLIACION DE LA CAPACIDAD TECNICA OPERATIVA ACUICOLA DE LA DIRECCION REGIONAL DE PRODUCCION PASCO - REGION PASCO"" Producto 2: Centro Acuícola Pun Run que comprenden las acciones; 2.2 Equipamiento Centro Acuícola, 2.3 Capacitación y Asistencia Técnica, 2.4 Programa de Repoblamiento.",Administración directa,En Ejecución,12/04/2023 00:00:00,3260331.77,,PASCO,PASCO
505515,2166267,2166267,"INSTALACION DEL SERVICIO DE AGUA PARA EL SISTEMA DE RIEGO PAMPACANCHA EN LA LOCALIDAD PAMPACANCHA, DISTRITO DE SIMON BOLIVAR - PASCO - PASCO",Contrata,Sin Ejecución,"","",SIMON BOLIVAR,PASCO,PASCO
505382,2577617,2577617,MEJORAMIENTO DEL SERVICIO DE INOCUIDAD AGROPECUARIA EN LA PRODUCCIÓN DE PAPA EN LOS CENTROS POBLADOS DE QUIPARACRA Y HUACHON DEL DISTRITO DE HUACHON DE LA PROVINCIA DE PASCO DEL DEPARTAMENTO DE PASCO,Administración directa,En Ejecución,21/04/2023 00:00:00,339645.80,HUACHON,PASCO,PASCO
504431,2594357,2594357,"REPARACION DE EDIFICACION; EN EL(LA) I.E. VICENTE PISHAGUA RUIZ EN LA LOCALIDAD PUERTO LIBRE, DISTRITO DE CONSTITUCION, PROVINCIA OXAPAMPA, DEPARTAMENTO PASCO",Administración directa,Finalizado,15/06/2023 00:00:00,330108.44,CONSTITUCION,OXAPAMPA,PASCO
504407,2586461,2586461,AMPLIACION DEL SERVICIO DE MOVILIDAD URBANA EN JR MARISCAL CASTILLA CUADRA 2 - CUADRA 5 DISTRITO DE NINACACA DE LA PROVINCIA DE PASCO DEL DEPARTAMENTO DE PASCO,Contrata,Finalizado,28/08/2023 00:00:00,753617.06,NINACACA,PASCO,PASCO
504298,2300071,2300071,"INSTALACIÓN DE SISTEMA DE RIEGO TECNIFICADO EN EL SECTOR DE MANTACOCHA DISTRITO DE SAN PEDRO DE PILLAO, PROVINCIA DE DANIEL ALCIDES CARRION - PASCO",Contrata,En Ejecución,28/11/2022 00:00:00,3066647.78,SAN PEDRO DE PILLAO,DANIEL ALCIDES CARRION,PASCO
504154,2578280,2578280,"REPARACION DE MOTONIVELADORA; EN EL (LA) MAESTRANZA MUNICIPAL DISTRITO DE CONSTITUCION,PROVINCIA DE OXAPAMPA,DEPARTAMENTO PASCO",Administración directa,Finalizado,5/06/2023 00:00:00,196031.90,CONSTITUCION,OXAPAMPA,PASCO
504126,2494017,2494017,MEJORAMIENTO Y AMPLIACION DEL SERVICIO DE FORMACIÓN DE PRE GRADO DE LA ESCUELA DE FORMACIÓN PROFESIONAL DE GEOLOGÍA DE LA UNIVERSIDAD NACIONAL DANIEL ALCIDES CARRIÓN EN EL DISTRITO DE YANACANCHA - PROVINCIA DE PASCO - DEPARTAMENTO DE PASCO,Contrata,Sin Ejecución,"","",YANACANCHA,PASCO,PASCO
504091,2595861,2595861,"CONSTRUCCION DE COBERTURA Y TRIBUNA Y/O PALCO; REMODELACION DE VESTUARIOS Y/O SSHH DE USUARIOS; EN EL(LA) LOSA DEPORTIVA PARA MULTIUSOS (VÓLEY, BÁSQUET, FUSTAL) DE LA UNIVERSIDAD NACIONAL DANIEL ALCIDES CARRIÓN SEDE CENTRAL EN LA LOCALIDAD YANACANCHA, DISTRITO DE YANACANCHA, PROVINCIA PASCO, DEPARTAMENTO PASCO",Contrata,Sin Ejecución,"","",YANACANCHA,PASCO,PASCO
504072,2578283,2578283,"REPARACION DE CARGADOR FRONTAL; EN EL (LA) MAESTRANZA MUNICIPAL, DISTRITO DE CONSTITUCION, PROVINCIA OXAPAMPA, DEPARTAMENTO PASCO",Administración directa,Finalizado,5/06/2023 00:00:00,312596.43,CONSTITUCION,OXAPAMPA,PASCO
503894,,2167228,"INSTALACIÓN DEL SERVICIO DE AGUA PARA RIEGO EN LAS LOCALIDADES DE MARAL Y TANGOR, DISTRITO DE PAUCAR, PROVINCIA DANIEL CARRIÓN, REGIÓN PASCO",Contrata,Finalizado,4/09/2023 00:00:00,8021092,PAUCAR,PASCO,PASCO
503862,2456483,2456483,CREACION DEL CAMINO VECINAL SANTIAGO PAMPA - CARAHUAIN DEL DISTRITO DE YANAHUANCA - PROVINCIA DE DANIEL ALCIDES CARRION - DEPARTAMENTO DE PASCO,Contrata,Sin Ejecución,"","",YANAHUANCA,DANIEL ALCIDES CARRION,PASCO
503852,2165218,2165218,INSTALACION DEL SISTEMA DE RIEGO POR ASPERSION EN LA MARGEN DERECHA DE LA LOCALIDAD DE SAN ANTONIO DE POMAYAROS DEL DISTRITO DE YANAHUANCA- PROVINCIA DE DANIEL CARRION- PASCO,Contrata,En Ejecución,16/12/2023 00:00:00,2386472,YANAHUANCA,PASCO,PASCO
503745,2593211,2593211,"REPARACION DE QOCHAS (EXCLUSIVO PARA N.E.) Y ZANJA DE INFILTRACION (EXCLUSIVO PARA N.E.); EN EL(LA) INFRAESTRUCTURA NATURAL DEL TERRITORIO HIDRICO PRODUCTIVO UYRUPAMPA Y POGOG DEL DISTRITO DE SANTA ANA DE TUSI, PROVINCIA DANIEL ALCIDES CARRION, DEPARTAMENTO PASCO",Por núcleo ejecutor,Finalizado,2/10/2023 00:00:00,1946032.51,SANTA ANA DE TUSI,DANIEL ALCIDES CARRION,PASCO
503744,2593101,2593101,"REPARACION DE QOCHAS (EXCLUSIVO PARA N.E.) Y ZANJA DE INFILTRACION (EXCLUSIVO PARA N.E.); EN EL(LA) INFRAESTRUCTURA NATURAL DEL TERRITORIO HIDRICO PRODUCTIVO CURUCOCHA Y OSGOCOCHA DEL DISTRITO DE YANAHUANCA, PROVINCIA DANIEL ALCIDES CARRION, DEPARTAMENTO PASCO",Por núcleo ejecutor,Finalizado,19/09/2023 00:00:00,2694333.97,YANAHUANCA,DANIEL ALCIDES CARRION,PASCO
503743,2593213,2593213,"REPARACION DE QOCHAS (EXCLUSIVO PARA N.E.); EN EL(LA) INFRAESTRUCTURA NATURAL DEL TERRITORIO HIDRICO PRODUCTIVO HUANDO PUQUIO, HUANICOCHA DEL DISTRITO DE NINACACA, PROVINCIA PASCO, DEPARTAMENTO PASCO",Por núcleo ejecutor,Finalizado,23/10/2023 00:00:00,1804020.90,NINACACA,PASCO,PASCO
503742,2593084,2593084,"REPARACION DE QOCHAS (EXCLUSIVO PARA N.E.); EN EL(LA) INFRAESTRUCTURA NATURAL DEL TERRITORIO HIDRICO PRODUCTIVO TINYAHUARCO DEL DISTRITO DE TINYAHUARCO, PROVINCIA PASCO, DEPARTAMENTO PASCO",Por núcleo ejecutor,Finalizado,7/11/2023 00:00:00,1769608.63,TINYAHUARCO,PASCO,PASCO
503741,2593076,2593076,"REPARACION DE QOCHAS (EXCLUSIVO PARA N.E.); EN EL(LA) INFRAESTRUCTURA NATURAL DEL TERRITORIO HIDRICO PRODUCTIVO QIULACOCHA Y CHALGUAS DEL DISTRITO DE PAUCARTAMBO, PROVINCIA PASCO, DEPARTAMENTO PASCO",Por núcleo ejecutor,Finalizado,18/09/2023 00:00:00,2893476.23,PAUCARTAMBO,PASCO,PASCO
503646,2565735,2565735,"CREACION DEL SERVICIO DE MOVILIDAD URBANA EN LAS VÍAS LOCALES DEL SECTOR 08 DE LA CIUDAD OXAPAMPA, DISTRITO OXAPAMPA, PROVINCIA OXAPAMPA, DEPARTAMENTO PASCO",Contrata,Sin Ejecución,"",9799021.82,OXAPAMPA,OXAPAMPA,PASCO
503499,2577451,2577451,"REMODELACION DE AMBIENTE ADMINISTRATIVO; ADQUISICION DE EQUIPAMIENTO DE AMBIENTES COMPLEMENTARIOS; EN EL(LA) HOSPEDAJE MUNICIPAL DE PAUCAR DISTRITO DE PAUCAR, PROVINCIA DANIEL ALCIDES CARRION, DEPARTAMENTO PASCO",Administración directa,Finalizado,3/04/2023 00:00:00,95554.05,PAUCAR,DANIEL ALCIDES CARRION,PASCO
503483,2195502,2195502,"MEJORAMIENTO Y REHABILITACION DEL CAMINO VECINAL REPARTICION KM 22+600 - UNIS-COCAR-QUISHUARCANCHA-ALGAPA-VILCABAMBA, DISTRITO DE VILCABAMBA, PROVINCIA DANIEL CARRION, REGION PASCO , DISTRITO DE VILCABAMBA - DANIEL ALCIDES CARRION - PASCO",Contrata,Sin Ejecución,"","",VILCABAMBA,DANIEL ALCIDES CARRION,PASCO
503415,2527765,2527765,"RENOVACIÓN DE PUENTE; EN EL(LA) QUEBRADA BAMBÚ DE LA VÍA VECINAL PA-728 ALVARIÑO DISTRITO DE PUERTO BERMUDEZ, PROVINCIA OXAPAMPA, DEPARTAMENTO PASCO",Contrata,Finalizado,5/09/2023 00:00:00,1156685.19,PUERTO BERMUDEZ,OXAPAMPA,PASCO
503413,2527658,2527658,"RENOVACIÓN DE PUENTE; EN EL(LA) LA QUEBRADA TRES FLORES EN EL CAMINO VECINAL PA-728 TRES FLORES DISTRITO DE PUERTO BERMUDEZ, PROVINCIA OXAPAMPA, DEPARTAMENTO PASCO",Contrata,Finalizado,5/09/2023 00:00:00,1331823.80,PUERTO BERMUDEZ,OXAPAMPA,PASCO
503404,2527778,2527778,"RENOVACIÓN DE PUENTE; EN EL(LA) QUEBRADA SOTO DE LA VECINAL PA-729 YESUPE DISTRITO DE PUERTO BERMUDEZ, PROVINCIA OXAPAMPA, DEPARTAMENTO PASCO",Contrata,Finalizado,5/09/2023 00:00:00,1427017.51,PUERTO BERMUDEZ,OXAPAMPA,PASCO
503403,2527793,2527793,"RENOVACIÓN DE PUENTE; EN EL(LA) QUEBRADA ALVARIÑO 2 DE LA VIA VECINAL PA-728 ALVARIÑO DISTRITO DE PUERTO BERMUDEZ, PROVINCIA OXAPAMPA, DEPARTAMENTO PASCO",Contrata,Finalizado,5/09/2023 00:00:00,1238441.78,PUERTO BERMUDEZ,OXAPAMPA,PASCO
503352,2561578,2561578,"REPARACION DE CERCO PERIMETRICO Y CAPTACION DE AGUA ; ADQUISICION DE LÍNEA DE CONDUCCIÓN; EN EL(LA) UNTUPUQUIO DISTRITO DE CHACAYAN, PROVINCIA DANIEL ALCIDES CARRION, DEPARTAMENTO PASCO",Contrata,Finalizado,1/02/2023 00:00:00,46000,CHACAYAN,DANIEL ALCIDES CARRION,PASCO
503334,2527519,2527519,"RENOVACION DE PUENTE; EN EL(LA) QUEBRADA CORVINA 1 VIA HACIA SECTOR CORVINA, DEL CENTRO POBLADO DE ALTO PALCAZU DISTRITO DE PALCAZU, PROVINCIA OXAPAMPA, DEPARTAMENTO PASCO",Contrata,Finalizado,18/08/2023 00:00:00,677366.51,PALCAZU,OXAPAMPA,PASCO
503332,2527517,2527517,"RENOVACIÓN DE PUENTE; EN EL (LA) QUEBRADA OROYA VIA CENTRO CAFÉ EN LA LOCALIDAD PUERTO MAYRO, DISTRITO DE PALCAZU, PROVINCIA OXAPAMPA, DEPARTAMENTO PASCO",Contrata,Finalizado,12/09/2023 00:00:00,949788.80,PALCAZU,OXAPAMPA,PASCO
503330,2527511,2527511,"RENOVACION DE PUENTE; EN EL(LA) QUEBRADA CAFÉ DE LA VIA HACIA CENTRO CAFE, EN LA LOCALIDAD PUERTO MAYRO, DISTRITO DE PALCAZU, PROVINCIA OXAPAMPA, DEPARTAMENTO PASCO",Contrata,Finalizado,12/09/2023 00:00:00,398372.06,PALCAZU,OXAPAMPA,PASCO
503329,2527508,2527508,"RENOVACION DE PUENTE; EN EL(LA) QUEBRADA PAMPACOCHA DE LA VIA HACIA PAMPA COCHA, EN LA LOCALIDAD 7 DE JUNIO (VILLA AMERICA), DISTRITO DE PALCAZU, PROVINCIA OXAPAMPA, DEPARTAMENTO PASCO",Contrata,Finalizado,15/09/2023 00:00:00,602344.51,PALCAZU,OXAPAMPA,PASCO
503328,2527503,2527503,"RENOVACION DE PUENTE; EN EL(LA) QUEBRADA YUPANQUI DEL CAMINO VECINAL PA-714 EN LA LOCALIDAD 7 DE JUNIO (VILLA AMERICA), DISTRITO DE PALCAZU, PROVINCIA OXAPAMPA, DEPARTAMENTO PASCO",Contrata,Finalizado,24/08/2023 00:00:00,993461.98,PALCAZU,OXAPAMPA,PASCO
503327,2527495,2527495,"RENOVACION DE PUENTE; EN EL(LA) QUEBRADA SAN JOSE DE LA VIA VECINAL PA-716, DEL SECTOR DE SAN JOSE, EN LA LOCALIDAD 7 DE JUNIO (VILLA AMERICA), DISTRITO DE PALCAZU, PROVINCIA OXAPAMPA, DEPARTAMENTO PASCO",Contrata,Finalizado,15/09/2023 00:00:00,718515.42,PALCAZU,OXAPAMPA,PASCO
503326,2527491,2527491,"RENOVACION DE PUENTE; EN EL(LA) QUEBRADA CULEBRA DEL CAMINO VECINAL HACIA CC.NN DE SAN CARLOS EN LA LOCALIDAD 7 DE JUNIO (VILLA AMERICA), DISTRITO DE PALCAZU, PROVINCIA OXAPAMPA, DEPARTAMENTO PASCO",Contrata,Finalizado,15/09/2023 00:00:00,1016466.17,PALCAZU,OXAPAMPA,PASCO
503325,2527505,2527505,"RENOVACIÓN DE PUENTE; EN EL (LA) QUEBRADA TETINO DEL CAMINO VECINAL PA - 714 EN LA LOCALIDAD 7 DE JUNIO (VILLA AMERICA). DISTRITO DE PALCAZU, PROVINCIA OXAPAMPA, DEPARTAMENTO PASCO",Contrata,Finalizado,28/09/2023 00:00:00,964823.67,PALCAZU,OXAPAMPA,PASCO
503300,2527474,2527474,"RENOVACION DE PUENTE; EN EL(LA) QUEBRADA CASTILLA EN LA VIA R1903126 HACIA LA CCNN DE CENTRO CASTILLA, EN LA LOCALIDAD 7 DE JUNIO (VILLA AMERICA), DISTRITO DE PALCAZU, PROVINCIA OXAPAMPA, DEPARTAMENTO PASCO",Contrata,Finalizado,25/09/2023 00:00:00,1102974.54,PALCAZU,OXAPAMPA,PASCO
503082,2594467,2594467,"ADQUISICION DE RETROEXCAVADORA, MOTONIVELADORA Y RODILLO LISO VIBRATORIO; EN EL(LA) SUB GERENCIA DE ESTUDIOS, EJECUCIÓN DE OBRAS Y MAQUINARIA DE LA MUNICIPALIDAD DISTRITAL DE VILLA RICA, DISTRITO DE VILLA RICA, PROVINCIA OXAPAMPA, DEPARTAMENTO PASCO",Administración directa,En Ejecución,5/06/2023 00:00:00,2537361.68,VILLA RICA,OXAPAMPA,PASCO
503075,2585397,2585397,"RENOVACION DE SUPERFICIE DE RODADURA; EN EL(LA) VIAS URBANAS NO PAVIMENTADAS DISTRITO DE OXAPAMPA, PROVINCIA OXAPAMPA, DEPARTAMENTO PASCO",Administración directa,Paralizada,19/06/2023 00:00:00,599999.98,OXAPAMPA,OXAPAMPA,PASCO
503051,2527630,2527630,"RENOVACION DE PUENTE; EN EL(LA) CAMINO VECINAL PA 623 (PUENTE AGUA FRESCA) DE SECTOR AGUA FRESCA DISTRITO DE CHONTABAMBA, PROVINCIA OXAPAMPA, DEPARTAMENTO PASCO",Contrata,Finalizado,1/08/2023 00:00:00,1166791.74,CHONTABAMBA,OXAPAMPA,PASCO
502942,2456528,2456528,"CREACION DEL PUENTE PEATONAL LOS INCAS DE TAMBOCHACA, CENTRO POBLADO DE TAMBOCHACA DEL DISTRITO DE YANAHUANCA - PROVINCIA DE DANIEL ALCIDES CARRION - DEPARTAMENTO DE PASCO",Contrata,Sin Ejecución,"","",YANAHUANCA,DANIEL ALCIDES CARRION,PASCO
502779,2536785,2536785,"RENOVACION DE PUENTE; EN EL(LA) PUENTE PALLCA PA-500 DISTRITO DE PAUCAR, PROVINCIA DANIEL ALCIDES CARRION, DEPARTAMENTO PASCO",Contrata,Finalizado,21/09/2023 00:00:00,985326.02,PAUCAR,DANIEL ALCIDES CARRION,PASCO
502778,2527980,2527980,"REPARACION DE PUENTE; EN EL(LA) PALCA DISTRITO DE YANAHUANCA, PROVINCIA DANIEL ALCIDES CARRION, DEPARTAMENTO PASCO",Contrata,Finalizado,10/10/2023 00:00:00,654480.92,YANAHUANCA,DANIEL ALCIDES CARRION,PASCO
502777,2536792,2536792,"RENOVACION DE PUENTE; EN EL(LA) PUENTE PUMAPACHUPAN EN LA LOCALIDAD PUMAPACHUPAN, DISTRITO DE YANAHUANCA, PROVINCIA DANIEL ALCIDES CARRION, DEPARTAMENTO PASCO",Contrata,Finalizado,15/09/2023 00:00:00,903348.07,YANAHUANCA,DANIEL ALCIDES CARRION,PASCO
502776,2536755,2536755,"RENOVACION DE PUENTE; EN EL(LA) ALPAMARCA R190255 DISTRITO DE VILCABAMBA, PROVINCIA DANIEL ALCIDES CARRION, DEPARTAMENTO PASCO",Contrata,Finalizado,21/09/2023 00:00:00,903379.08,VILCABAMBA,DANIEL ALCIDES CARRION,PASCO
502775,2528001,2528001,"CONSTRUCCION DE PUENTE; EN EL(LA) CURPASH DISTRITO DE YANAHUANCA, PROVINCIA DANIEL ALCIDES CARRION, DEPARTAMENTO PASCO",Contrata,Finalizado,18/09/2023 00:00:00,671652.59,YANAHUANCA,DANIEL ALCIDES CARRION,PASCO
502774,2527957,2527957,"REPARACION DE PUENTE; EN EL(LA) HUERTAPAMPA DISTRITO DE CHACAYAN, PROVINCIA DANIEL ALCIDES CARRION, DEPARTAMENTO PASCO",Contrata,Finalizado,6/09/2023 00:00:00,677422.38,CHACAYAN,DANIEL ALCIDES CARRION,PASCO
502500,2486871,2486871,"MEJORAMIENTO DE LOS SERVICIOS DE AGUA POTABLE Y SANEAMIENTO EN LA LOCALIDAD DE CANTARIZU, DISTRITO DE OXAPAMPA, PROVINCIA DE OXAPAMPA - PASCO",Contrata,Sin Ejecución,"",5320392.11,OXAPAMPA,OXAPAMPA,PASCO
502499,2359366,2359366,"MEJORAMIENTO Y AMPLIACION DEL SERVICIO DE AGUA POTABLE Y SANEAMIENTO DE LAS LOCALIDADES DE QUILLAZU (PROGRESO), PROGRESO, PARAISO - DISTRITO DE OXAPAMPA - PROVINCIA DE OXAPAMPA - DEPARTAMENTO DE PASCO",Contrata,Sin Ejecución,"","",OXAPAMPA,OXAPAMPA,PASCO
502471,2559864,2559864,"REPARACION DE CAMPO DEPORTIVO; EN EL(LA) COLISEO MUNICIPAL DEL DISTRITO DE OXAPAMPA, PROVINCIA OXAPAMPA, DEPARTAMENTO PASCO",Contrata,Finalizado,21/09/2023 00:00:00,339369.54,OXAPAMPA,OXAPAMPA,PASCO
502468,2464681,2464681,MEJORAMIENTO Y AMPLIACION DEL SISTEMA DE AGUA POTABLE Y ALCANTARILLADO RURAL EN LA LOCALIDAD DE ASTOBAMBA DEL DISTRITO DE YANAHUANCA - PROVINCIA DE DANIEL ALCIDES CARRION - DEPARTAMENTO DE PASCO,Contrata,Sin Ejecución,"",4600157.62,YANAHUANCA,DANIEL ALCIDES CARRION,PASCO
502391,2561292,2561292,"CONSTRUCCION DE AMBIENTE COMPLEMENTARIO; EN EL(LA) LOCAL DE USOS MULTIPLES DEL AA.HH. VISTA ALEGRE DISTRITO DE YANACANCHA, PROVINCIA PASCO, DEPARTAMENTO PASCO",Contrata,Finalizado,1/12/2022 00:00:00,44345.18,YANACANCHA,PASCO,PASCO
502390,2561537,2561537,"REMODELACION DE AMBIENTE COMPLEMENTARIO Y ESPACIO EXTERIOR; EN EL(LA) IE GAMANIEL BLANCO MURILLO - YANACANCHA DISTRITO DE YANACANCHA, PROVINCIA PASCO, DEPARTAMENTO PASCO",Contrata,Finalizado,14/12/2022 00:00:00,41391.42,YANACANCHA,PASCO,PASCO
502388,2561629,2561629,"REMODELACION DE SARDINEL Y CERCO PERIMETRICO; EN EL(LA) ÁREAS VERDES DE LA AV. LOS PRÓCERES DISTRITO DE YANACANCHA, PROVINCIA PASCO, DEPARTAMENTO PASCO",Contrata,Finalizado,15/12/2022 00:00:00,42903.37,YANACANCHA,PASCO,PASCO
502387,2564479,2564479,"REMODELACION DE AMBIENTE DE ATENCION AL CIUDADANO; EN EL(LA) COMEDOR POPULAR OMAR RARAZ PASCUAL DEL AA.HH. COLUMNA PASCO SECTOR 5 DISTRITO DE YANACANCHA, PROVINCIA PASCO, DEPARTAMENTO PASCO",Contrata,Finalizado,1/12/2022 00:00:00,42903.37,YANACANCHA,PASCO,PASCO
502371,2301177,2301177,"MEJORAMIENTO DE LOS SERVICIOS DE TRANSITABILIDAD EN LAS CALLES DE LAS LOCALIDADES DE SANTA ROSA DE PITIC, LA CANDELARIA, SAN MIGUEL Y LA QUINUA, DEL CENTRO POBLADO DE LA QUINUA, DISTRITO DE YANACANCHA - PASCO - PASCO",Contrata,Sin Ejecución,"","",YANACANCHA,PASCO,PASCO
502347,2563592,2563592,"REMODELACION DE CERCO PERIMETRICO Y SARDINEL; CONSTRUCCION DE CERCO PERIMETRICO; EN EL(LA) PARQUE "" LA OBRA ETERNIZA AL HOMBRE"", AV. MIGUEL GRAU - TRAMO PARADERO EL CAPACHERO Y TRAMO SALIDA DE YANACANCHA E INGRESO A LA AV. 27 DE NOVIEMBRE DEL AA.HH. 27 DE NOVIEMBRE DISTRITO DE YANACANCHA, PROVINCIA PASCO, DEPARTAMENTO PASCO",Administración directa,Finalizado,30/12/2022 00:00:00,26908.41,YANACANCHA,PASCO,PASCO
502328,2527636,2527636,"RENOVACION DE PUENTE; EN EL(LA) QUEBRADA ALTO MIRAFLORES DE LA RUTA R 1903112, EN LA LOCALIDAD ALTO MIRAFLORES, DISTRITO DE OXAPAMPA, PROVINCIA OXAPAMPA, DEPARTAMENTO PASCO",Contrata,Finalizado,23/08/2023 00:00:00,610082.73,OXAPAMPA,OXAPAMPA,PASCO
502326,2527647,2527647,"RENOVACION DE PUENTE; EN EL(LA) QUEBRADA MUERTA DE LA RUTA PA 716, EN LA LOCALIDAD CHACOS, DISTRITO DE OXAPAMPA, PROVINCIA OXAPAMPA, DEPARTAMENTO PASCO",Contrata,Finalizado,21/08/2023 00:00:00,650744.31,OXAPAMPA,OXAPAMPA,PASCO
502240,2484481,2484481,CREACION DE LOSA DE RECREACION MULTIUSOS EN LA LOCALIDAD DE CHINCHE RABI DEL DISTRITO DE YANAHUANCA - PROVINCIA DE DANIEL ALCIDES CARRION - DEPARTAMENTO DE PASCO,Contrata,Finalizado,15/08/2023 00:00:00,477136.09,YANAHUANCA,DANIEL ALCIDES CARRION,PASCO
502033,2237733,2237733,MEJORAMIENTO DEL ORNATO PÚBLICO EN EL ÁREA URBANA DEL DISTRITO DE YANACANCHA - PROVINCIA DE PASCO - DEPARTAMENTO DE PASCO,Contrata,Sin Ejecución,"",1252698.04,YANACANCHA,PASCO,PASCO
501917,2165139,2165139,"""Mejoramiento y ampliación de la gestión integral de residuos sólidos municipales en la ciudad de Cerro de Pasco, provincia de Pasco - Pasco"". identificado con CUI 2165139",Contrata,En Ejecución,19/06/2024 00:00:00,23825084.34,,PASCO,PASCO
501842,2466181,2466181,MEJORAMIENTO Y AMPLIACION DE LA CAPACIDAD OPERATIVA DE LOS SERVICIOS DE MAQUINARIAS PESADAS DE SANTA ANA DE TUSI DEL DISTRITO DE SANTA ANA DE TUSI - PROVINCIA DE DANIEL ALCIDES CARRION - DEPARTAMENTO DE PASCO,Administración directa,Sin Ejecución,"",5963700,SANTA ANA DE TUSI,DANIEL ALCIDES CARRION,PASCO
501806,2527728,2527728,"RENOVACION DE PUENTE; EN EL(LA) RACCO DISTRITO DE SIMON BOLIVAR, PROVINCIA PASCO, DEPARTAMENTO PASCO",Contrata,Finalizado,15/09/2023 00:00:00,1123145.02,SIMON BOLIVAR,PASCO,PASCO
501799,2527722,2527722,"RENOVACION DE PUENTE; EN EL(LA) ACACLUY DISTRITO DE NINACACA, PROVINCIA PASCO, DEPARTAMENTO PASCO",Contrata,Finalizado,4/10/2023 00:00:00,678146.39,NINACACA,PASCO,PASCO
501798,2527654,2527654,"RENOVACION DE PUENTE; EN EL(LA) MISHKIRRAGRA DISTRITO DE HUACHON, PROVINCIA PASCO, DEPARTAMENTO PASCO",Contrata,Finalizado,25/09/2023 00:00:00,647436.08,HUACHON,PASCO,PASCO
501796,2527709,2527709,"RENOVACION DE PUENTE; EN EL(LA) YANAPAMPA DISTRITO DE YANACANCHA, PROVINCIA PASCO, DEPARTAMENTO PASCO",Contrata,Finalizado,11/09/2023 00:00:00,607937.48,YANACANCHA,PASCO,PASCO
501795,2527740,2527740,"RENOVACION DE PUENTE; EN EL(LA) PUCURHUAY DISTRITO DE HUARIACA, PROVINCIA PASCO, DEPARTAMENTO PASCO",Contrata,Finalizado,25/09/2023 00:00:00,504070.96,HUARIACA,PASCO,PASCO
501788,2527754,2527754,"RENOVACION DE PUENTE; EN EL(LA) CAJAMARQUILLA DISTRITO DE YANACANCHA, PROVINCIA PASCO, DEPARTAMENTO PASCO",Contrata,Finalizado,25/09/2023 00:00:00,550735.94,YANACANCHA,PASCO,PASCO
501787,2527706,2527706,"RENOVACION DE PUENTE; EN EL(LA) CAHUISH DISTRITO DE NINACACA, PROVINCIA PASCO, DEPARTAMENTO PASCO",Contrata,Finalizado,19/09/2023 00:00:00,608016.93,NINACACA,PASCO,PASCO
501786,2527743,2527743,"RENOVACION DE PUENTE; EN EL(LA) RACRACANCHA DISTRITO DE SIMON BOLIVAR, PROVINCIA PASCO, DEPARTAMENTO PASCO",Contrata,Finalizado,18/09/2023 00:00:00,504570.90,SIMON BOLIVAR,PASCO,PASCO
501785,2527734,2527734,"RENOVACION DE PUENTE; EN EL(LA) SANTA ROSA DISTRITO DE YANACANCHA, PROVINCIA PASCO, DEPARTAMENTO PASCO",Contrata,Finalizado,14/11/2023 00:00:00,679587.69,YANACANCHA,PASCO,PASCO
501784,2527736,2527736,"RENOVACION DE PUENTE; EN EL(LA) BALLENA DISTRITO DE HUAYLLAY, PROVINCIA PASCO, DEPARTAMENTO PASCO",Contrata,Finalizado,25/09/2023 00:00:00,531842.64,HUAYLLAY,PASCO,PASCO
501782,2527731,2527731,"RENOVACION DE PUENTE; EN EL(LA) QUIPIL DISTRITO DE PAUCARTAMBO, PROVINCIA PASCO, DEPARTAMENTO PASCO",Contrata,Finalizado,1/11/2023 00:00:00,633798.65,PAUCARTAMBO,PASCO,PASCO
501781,2527665,2527665,"RENOVACION DE PUENTE; EN EL(LA) MARATAPA DISTRITO DE PAUCARTAMBO, PROVINCIA PASCO, DEPARTAMENTO PASCO",Contrata,Finalizado,12/10/2023 00:00:00,557855.61,PAUCARTAMBO,PASCO,PASCO
501780,2527712,2527712,"RENOVACION DE PUENTE; EN EL(LA) CARHUAC 1 DISTRITO DE NINACACA, PROVINCIA PASCO, DEPARTAMENTO PASCO",Contrata,Finalizado,25/09/2023 00:00:00,827860.85,NINACACA,PASCO,PASCO
501776,2527681,2527681,"RENOVACION DE PUENTE; EN EL(LA) CONOC DISTRITO DE HUAYLLAY, PROVINCIA PASCO, DEPARTAMENTO PASCO",Contrata,Finalizado,3/10/2023 00:00:00,596825,HUAYLLAY,PASCO,PASCO
501480,2573072,2573072,"RENOVACION DE COBERTURA; REPARACION DE AMBIENTE ADMINISTRATIVO; EN EL(LA) BIBLIOTECA MUNICIPAL DISTRITO DE OXAPAMPA, PROVINCIA OXAPAMPA, DEPARTAMENTO PASCO",Administración directa,Finalizado,11/04/2023 00:00:00,851544.63,OXAPAMPA,OXAPAMPA,PASCO
501367,2250751,2250751,"MEJORAMIENTO DE LA CARRETERA LOS ALPES - SANTA ETELVINA - SAN CRISPIN - ALTO OYON - SAN JUAN, PUENTE ENTAZ Y PUENTE SAN JUAN - DISTRITO DE VILLA RICA - PROVINCIA DE OXAPAMPA - PASCO - II ETAPA",Administración directa,Finalizado,24/04/2023 00:00:00,3617417.07,VILLA RICA,OXAPAMPA,PASCO
501354,2546865,2546865,"CREACION DEL CAMPO DEPORTIVO CON GRASS SINTETICO EN EL CASERIO DE QUISHUARNIYOC, DISTRITO DE SANTA ANA DE TUSI - PROVINCIA DE DANIEL ALCIDES CARRION - DEPARTAMENTO DE PASCO",Contrata,Finalizado,5/08/2024 00:00:00,402217.73,SANTA ANA DE TUSI,DANIEL ALCIDES CARRION,PASCO
501303,2470466,2470466,"mejoramiento de capacidades de productores cafetaleros en cosecha, postcosecha, transformación y comercialización del café en los distritos de Chontabamba, Huancabamba, Pozuzo, puerto Bermúdez, villa rica y distrito de Oxapampa - provincia de Oxapampa departamento de Pasco",Administración directa,En Ejecución,1/06/2023 00:00:00,14873139.72,VILLA RICA,OXAPAMPA,PASCO
501260,2578551,2578551,"ADQUISICION DE COMPUTADORA (LABORATORIO), IMPRESORA, MOBILIARIO DE OFICINA Y CABLEADO ESTRUCTURADO; ADEMÁS DE OTROS ACTIVOS EN EL(LA) MUNICIPALIDAD DIDTRITAL DE HUACHON DISTRITO DE HUACHON, PROVINCIA PASCO, DEPARTAMENTO PASCO",Administración directa,Finalizado,27/04/2023 00:00:00,193818.67,HUACHON,PASCO,PASCO
501147,2516292,2516292,"CONSTRUCCION DE ARMADO DE ALUMBRADO PUBLICO; EN EL(LA) CAMPO DE ATERRIZAJE DISTRITO DE OXAPAMPA, PROVINCIA OXAPAMPA, DEPARTAMENTO PASCO",Administración directa,Finalizado,17/11/2022 00:00:00,200354,OXAPAMPA,OXAPAMPA,PASCO
501114,2242760,2242760,"MEJORAMIENTO DE LOS JIRONES DE LA ZONA COMERCIAL EN LA CIUDAD DE VILLA RICA, DISTRITO DE VILLA RICA - OXAPAMPA - PASCO",Administración directa,En Ejecución,1/06/2023 00:00:00,4866973.26,VILLA RICA,OXAPAMPA,PASCO
501104,2546941,2546941,"ADQUISICION DE EQUIPO DE VIDEO VIGILANCIA Y EQUIPO DE COMUNICACION; EN EL(LA) ZONA URBANA DEL DISTRITO DE OXAPAMPA, PROVINCIA OXAPAMPA, DEPARTAMENTO PASCO",Administración directa,Finalizado,16/03/2023 00:00:00,421934.38,OXAPAMPA,OXAPAMPA,PASCO
501069,2130352,2130352,"AMPLIACION Y MEJORAMIENTO DE LOS SERVICIOS DE AGUA POTABLE Y ALCANTARILLADO DE LAS ZONAS URBANAS DE SANTO DOMINGO, SAN CARLOS, SAN JOSE Y NUEVA BERNA Y CHURUMAZU, DISTRITO DE CHONTABAMBA-OXAPAMPA. II ETAPA",Administración directa,Finalizado,17/05/2023 00:00:00,4291437.10,CHONTABAMBA,OXAPAMPA,PASCO
501039,2450170,2450170,CREACION DEL SISTEMA DE TRATAMIENTO DE AGUA POTABLE MEDIANTE FILTRO LENTO DEL SECTOR 5 MANANTIALES DEL CENTRO POBLADO DE HUARAUCACA DEL DISTRITO DE TINYAHUARCO - PROVINCIA DE PASCO - DEPARTAMENTO DE PASCO,Administración directa,Finalizado,25/05/2023 00:00:00,118996.26,TINYAHUARCO,PASCO,PASCO
500971,2531869,2531869,"CONSTRUCCION DE CAPTACION DE AGUA ; EN EL(LA) RECARGA HÍDRICA PARA 02 UNIDADES PRODUCTORAS DE LOS SISTEMAS DE RIEGO MOSCATUNA Y COCHACHINCHE-SANTA CLARA, DISTRITO DE PALLANCHACRA, PROVINCIA PASCO, DEPARTAMENTO PASCO",Administración directa,Finalizado,8/05/2023 00:00:00,705267.65,PALLANCHACRA,PASCO,PASCO
500965,2485555,2485555,"ADQUISICION DE EQUIPO DE AMBIENTES DE BIENESTAR UNIVERSITARIO; EN EL(LA) COMEDOR UNIVERSITARIO EN LA LOCALIDAD YANACANCHA, DISTRITO DE YANACANCHA, PROVINCIA PASCO, DEPARTAMENTO PASCO",Contrata,Finalizado,2/03/2023 00:00:00,295942.07,YANACANCHA,PASCO,PASCO
500935,2546301,2546301,"REPARACION DE PUENTE; EN EL(LA) C.P QUILLAZÚ - PROGRESO (PUENTE SAN LUIS) DISTRITO DE CHONTABAMBA, PROVINCIA OXAPAMPA, DEPARTAMENTO PASCO",Administración directa,Finalizado,15/03/2023 00:00:00,83131.46,CHONTABAMBA,OXAPAMPA,PASCO
500873,2573260,2573260,"CONSTRUCCION DE COBERTURA Y TRIBUNA Y/O PALCO; EN EL(LA) LOSA DEPORTIVA DE LA UNIVERSIDAD NACIONAL DANIEL ALCIDES CARRION SEDE CENTRAL DISTRITO DE YANACANCHA, PROVINCIA PASCO, DEPARTAMENTO PASCO",Contrata,Finalizado,19/09/2023 00:00:00,1368706.83,YANACANCHA,DANIEL ALCIDES CARRION,PASCO
500808,2250751,2250751,"MEJORAMIENTO DE LA CARRETERA LOS ALPES - SANTA ETELVINA - SAN CRISPIN - ALTO OYON - SAN JUAN, PUENTE ENTAZ Y PUENTE SAN JUAN DEL DISTRITO DE VILLA RICA - OXAPAMPA - PASCO - II ETAPA",Administración directa,Finalizado,24/04/2023 00:00:00,3617417.07,VILLA RICA,OXAPAMPA,PASCO
500802,2576852,2576852,"MEJORAMIENTO DEL SERVICIO DE EDUCACIÓN SECUNDARIA, SERVICIO DE EDUCACION PRIMARIA Y SERVICIO DE EDUCACIÓN INICIAL EN 3 UNIDADES PRODUCTORAS DE CENTROS POBLADOS CARTAGENA, CIUDAD CONSTITUCION DISTRITO DE CONSTITUCIÓN DE LA PROVINCIA DE OXAPAMPA DEL DEPARTAMENTO DE PASCO",Administración directa,En Ejecución,10/04/2023 00:00:00,662826.40,CONSTITUCION,OXAPAMPA,PASCO
178745,2567211,2567211,"RENOVACION DE SISTEMA DE RIEGO; EN EL(LA) CENTRO DE PRODUCCION PILLAGUI, MASHAMPATA, SHIRACAPATA Y YANAMACHAY EN LA LOCALIDAD QUIPARACRA, DISTRITO DE HUACHON, PROVINCIA PASCO, DEPARTAMENTO PASCO",Administración directa,Sin Ejecución,"",150280.20,HUACHON,PASCO,PASCO
178700,2491135,2491135,"CONSTRUCCION DE PUENTE; EN DIEZ CARRETERAS VECINAL , DE LOS DISTRITOS VILCABAMBA, SANTA ANA DE TUSI, YANAHUANCA, TAPUC Y DEL DISTRITO DE SAN PEDRO DE PILLAO, PROVINCIA DANIEL ALCIDES CARRION, DEPARTAMENTO PASCO",Contrata,En Ejecución,18/11/2022 00:00:00,4177531.98,VILCABAMBA,DANIEL ALCIDES CARRION,PASCO
178664,2426998,2426998,"MONTAJE, INSTALACION Y CONSTRUCCION DE OBRAS CIVILES EN PUENTE MODULAR SANTA MATILDE",Contrata,Finalizado,10/11/2020 00:00:00,738537.72,,,PASCO
177991,2547052,2547052,CREACIÓN DE LOS SERVICIOS DE FORTALECIMIENTO DE CAPACIDADES EN GESTIÓN COMUNAL (LOCAL DE USOS MÚLTIPLES) EN LA COMUNIDAD NATIVA AMAMBAY DISTRITO DE PUERTO BERMUDEZ - PROVINCIA DE OXAPAMPA - DEPARTAMENTO DE PASCO,Administración directa,Finalizado,12/07/2023 00:00:00,270509.42,PUERTO BERMUDEZ,OXAPAMPA,PASCO
177990,2547042,2547042,CREACIÓN DE LOS SERVICIOS DE FORTALECIMIENTO DE CAPACIDADES EN GESTIÓN COMUNAL ( LOCAL DE USOS MÚLTIPLES) EN LA COMUNIDAD NATIVA SAN FRANCISCO DE CAHUAPANAS DEL DISTRITO DE PUERTO BERMUDEZ - PROVINCIA DE OXAPAMPA - DEPARTAMENTO DE PASCO,Administración directa,Finalizado,1/08/2023 00:00:00,410112.51,PUERTO BERMUDEZ,OXAPAMPA,PASCO
177988,2547034,2547034,CREACIÓN DE LOS SERVICIOS DE FORTALECIMIENTO DE CAPACIDADES EN GESTION COMUNAL (LOCAL DE USOS MULTIPLES) EN LA COMUNIDAD NATIVA TRES UNIDOS SAN JUAN DE DIOS DEL DISTRITO DE PUERTO BERMUDEZ - PROVINCIA DE OXAPAMPA - DEPARTAMENTO DE PASCO,Administración directa,Finalizado,19/07/2023 00:00:00,279741.23,PUERTO BERMUDEZ,OXAPAMPA,PASCO
177967,2544993,2544993,"CONSTRUCCIÓN DE CERCO PERIMETRICO, COBERTURA Y AMBIENTE COMPLEMENTARIO; EN EL(LA) EESS UNIÓN SIRIA - PUERTO BERMUDEZ EN LA LOCALIDAD UNION SIRIA, DISTRITO DE CONSTITUCION, PROVINCIA OXAPAMPA, DEPARTAMENTO PASCO",Administración directa,Finalizado,12/10/2022 00:00:00,283699.69,CONSTITUCION,OXAPAMPA,PASCO
177966,2493783,2493783,CREACION DE LA PLAZUELA EN EL CENTRO POBLADO DE SAN CRISTOBAL DEL DISTRITO DE PALCAZU - PROVINCIA DE OXAPAMPA - DEPARTAMENTO DE PASCO,Administración directa,Finalizado,11/11/2022 00:00:00,334542.15,PALCAZU,OXAPAMPA,PASCO
177905,2527777,2527777,"RENOVACIÓN DE PUENTE; EN EL(LA) QUEBRADA AGUAJE DE LA VIA VECINAL PA-729 YESUPE DISTRITO DE PUERTO BERMUDEZ, PROVINCIA OXAPAMPA, DEPARTAMENTO PASCO",Contrata,Finalizado,5/09/2023 00:00:00,1003441.99,PUERTO BERMUDEZ,OXAPAMPA,PASCO
177904,2527703,2527703,"RENOVACIÓN DE PUENTE; EN EL(LA) QUEBRADA ALVARIÑO DE LA VIA VECINAL PA-728 ALVARIÑO DISTRITO DE PUERTO BERMUDEZ, PROVINCIA OXAPAMPA, DEPARTAMENTO PASCO",Contrata,Finalizado,5/09/2023 00:00:00,1295396.95,PUERTO BERMUDEZ,OXAPAMPA,PASCO
177832,2445434,2445434,CREACION DE LA CARRETERA VECINAL SAN LUIS - BUENOS AIRES - ALTO YAMUSHIMAS DEL DISTRITO DE CONSTITUCION - PROVINCIA DE OXAPAMPA - DEPARTAMENTO DE PASCO - SEGUNDA ETAPA,Contrata,Finalizado,18/11/2022 00:00:00,559723.46,CONSTITUCION,OXAPAMPA,PASCO
177811,2559035,2559035,"REMODELACION DE AULA DE EDUCACION INICIAL (CEBE); EN EL(LA) IE 34253 - HUANCABAMBA DISTRITO DE HUANCABAMBA, PROVINCIA OXAPAMPA, DEPARTAMENTO PASCO",Administración directa,Finalizado,7/11/2022 00:00:00,227506.30,HUANCABAMBA,OXAPAMPA,PASCO
177408,2527634,2527634,"RENOVACION DE PUENTE; EN EL(LA) CAMINO VECINAL PA-647 PRUSIA - DELFIN (PUENTE JUIZ) EN LA LOCALIDAD LA PRUSIA, DISTRITO DE POZUZO, PROVINCIA OXAPAMPA, DEPARTAMENTO PASCO",Administración directa,Finalizado,10/11/2022 00:00:00,169373.70,POZUZO,OXAPAMPA,PASCO
177172,2558737,2558737,"REPARACION DE PORTICO; EN EL(LA) ARCO DE INGRESO A LA LOCALIDAD DE TICLACAYAN DISTRITO DE TICLACAYAN, PROVINCIA PASCO, DEPARTAMENTO PASCO",Contrata,Finalizado,11/05/2023 00:00:00,327272.50,TICLACAYAN,PASCO,PASCO
177161,2559339,2559339,CREACIÓN DE LA LOSA DEPORTIVA MULTIUSOS EN LA I.E.P.M N° 34227 CC.NN. SANTA ROSA DE CHIVIS DEL DISTRITO DE PUERTO BERMUDEZ - PROVINCIA DE OXAPAMPA - DEPARTAMENTO DE PASCO,Administración directa,Finalizado,13/10/2023 00:00:00,155959.80,PUERTO BERMUDEZ,OXAPAMPA,PASCO
177158,2502006,2502006,CREACIÓN DE LOSA DEPORTIVA MULTIUSOS EN EL BARRIO APETY DEL DISTRITO DE PUERTO BERMUDEZ - PROVINCIA DE OXAPAMPA - DEPARTAMENTO DE PASCO,Administración directa,Finalizado,11/09/2023 00:00:00,193704.78,PUERTO BERMUDEZ,OXAPAMPA,PASCO
177077,2499345,2499345,"MEJORAMIENTO DE LOS SERVICIOS DE TRANSFERENCIA TECNOLÓGICA PARA LA PRODUCCIÓN DEL CULTIVO DE MARACUYA EN LA LOCALIDAD DE LA UNIÓN DE NAZARATEGUI, DISTRITO DE PUERTO BERMUDEZ - PROVINCIA DE OXAPAMPA - DEPARTAMENTO DE PASCO",Administración directa,Finalizado,3/07/2023 00:00:00,141546.70,PUERTO BERMUDEZ,OXAPAMPA,PASCO
177076,2548230,2548230,MEJORAMIENTO DE LOS SERVICIOS DEL SERVICIO DE APOYO AL DESARROLLO DE LA CADENA PRODUCTIVA DE CULTIVO DE CACAO EN LA COMUNIDAD NATIVA ACOLLA DISTRITO DE PUERTO BERMUDEZ - PROVINCIA DE OXAPAMPA - DEPARTAMENTO DE PASCO,Administración directa,Finalizado,12/05/2023 00:00:00,256925.04,PUERTO BERMUDEZ,OXAPAMPA,PASCO
177067,2548219,2548219,"CREACION DEL SERVICIO DE APOYO AL DESARROLLO PRODUCTIVO DE PRODUCTORES ACUICOLAS EN LA COMUNIDAD NATIVA DE PUERTO OCOPA, DISTRITO DE PUERTO BERMUDEZ - PROVINCIA DE OXAPAMPA - DEPARTAMENTO DE PASCO",Administración directa,Finalizado,2/05/2023 00:00:00,235628.41,PUERTO BERMUDEZ,OXAPAMPA,PASCO
177066,2547055,2547055,"MEJORAMIENTO DEL SERVICIO DE APOYO AL DESARROLLO PRODUCTIVO PECUARIODE LA CADENA VACUNO EN LA COMUNIDAD NATIVA DE FLOR DE UN DIA ANACAYALI, DISTRITO DE PUERTO BERMUDEZ - PROVINCIA DE OXAPAMPA - DEPARTAMENTO DE PASCO",Administración directa,Finalizado,8/11/2022 00:00:00,229973.91,PUERTO BERMUDEZ,OXAPAMPA,PASCO
177047,2502116,2502116,CREACIÓN DE LOSA DEPORTIVA MULTIUSOS EN LA LOCALIDAD DE VILLA ALEGRE DE QUIRISHARI DEL DISTRITO DE PUERTO BERMUDEZ - PROVINCIA DE OXAPAMPA - DEPARTAMENTO DE PASCO,Administración directa,Finalizado,6/11/2023 00:00:00,206826.72,PUERTO BERMUDEZ,OXAPAMPA,PASCO
177046,2559323,2559323,CREACIÓN DE LA LOSA DEPORTIVA MULTIUSOS EN EL BARRIO LORETO DEL DISTRITO DE PUERTO BERMUDEZ - PROVINCIA DE OXAPAMPA - DEPARTAMENTO DE PASCO,Administración directa,Finalizado,4/09/2023 00:00:00,0,PUERTO BERMUDEZ,OXAPAMPA,PASCO
177042,2527790,2527790,"CONSTRUCCION DE PUENTE; EN EL(LA) LA QUEBRADA RAYA DE LA CC.NN. PUERTO OCOPA DISTRITO DE CONSTITUCION, PROVINCIA OXAPAMPA, DEPARTAMENTO PASCO",Contrata,Finalizado,3/10/2023 00:00:00,1925900.98,CONSTITUCION,OXAPAMPA,PASCO
177040,2527701,2527701,"CONSTRUCCION DE PUENTE; EN EL(LA) QUEBRADA BASANAS CC.NN. NUEVO ANTONIO DISTRITO DE CONSTITUCION, PROVINCIA OXAPAMPA, DEPARTAMENTO PASCO",Contrata,Finalizado,11/10/2023 00:00:00,2082649.05,CONSTITUCION,OXAPAMPA,PASCO
177039,2527770,2527770,"CONSTRUCCION DE PUENTE; EN EL(LA) SOBRE LA QUEBRADA COLPA DEL CASERIO PARAISO ASHANINKA DISTRITO DE CONSTITUCION, PROVINCIA OXAPAMPA, DEPARTAMENTO PASCO",Contrata,Finalizado,3/10/2023 00:00:00,2061047.77,CONSTITUCION,OXAPAMPA,PASCO
177037,2527787,2527787,"CONSTRUCCION DE PUENTE; EN EL(LA) LA QUEBRADA LLORONA EN LA CC.NN UNIDAD YANESHA DISTRITO DE CONSTITUCION, PROVINCIA OXAPAMPA, DEPARTAMENTO PASCO",Contrata,Finalizado,3/10/2023 00:00:00,2007659.28,CONSTITUCION,OXAPAMPA,PASCO
176622,2564323,2564323,"REMODELACION DEL COMPLEJO DEPORTIVO EN EL ASENTAMIENTO HUMANO DE TAHUANTINSUYO, DISTRITO DE CHAUPIMARCA, PROVINCIA DE PASCO, DEPARTAMENTO DE PASCO",Contrata,Finalizado,10/02/2023 00:00:00,1144977.29,CHAUPIMARCA,PASCO,PASCO
176585,2528849,2528849,"CONSTRUCCION DE ESTRUCTURA DE SOPORTE Y PLATAFORMA; EN EL(LA) PUENTE SOCORRO EN LA LOCALIDAD HUACHON, DISTRITO DE HUACHON, PROVINCIA PASCO, DEPARTAMENTO PASCO",Contrata,Sin Ejecución,"",780992,HUACHON,PASCO,PASCO
176502,2561442,2561442,"CONSTRUCCION DE AULA DE EDUCACION PRIMARIA; EN EL(LA) IE 34036 SAGRADA FAMILIA - SIMON BOLIVAR DISTRITO DE SIMON BOLIVAR, PROVINCIA PASCO, DEPARTAMENTO PASCO",Contrata,Finalizado,25/12/2022 00:00:00,1366845.47,SIMON BOLIVAR,PASCO,PASCO
176418,2200154,259212,"MEJORAMIENTO DE PISTAS Y VEREDAS DE CALLES DEL CENTRO POBLADO DE VILLO, DISTRITO YANAHUANCA, PROVINCIA DANIEL CARRIÓN, REGIÓN PASCO",Contrata,En Ejecución,13/09/2023 00:00:00,2089369.50,YANAHUANCA,PASCO,PASCO
176247,2596901,2596901,1,Contrata,Sin Ejecución,"",1316637.24,,,PASCO
176245,2261032,308378,"INSTALACION DEL SERVICIO DE EDUCACION INICIAL DE LA I.E. SEMILLITAS DEL SABER DEL ANEXO DE YARHUAY, DISTRITO DE PAUCARTAMBO , PROVINCIA Y REGION PASCO",Contrata,Finalizado,14/04/2023 00:00:00,2922222.81,PAUCARTAMBO,PASCO,PASCO
176200,2446223,2446223,"CREACION DEL CICLOVIAS TRAMO CARRETERA CENTRAL SHELBY, VICCO, COCHAMARCA EN EL DISTRITO DE VICCO - PROVINCIA DE PASCO - DEPARTAMENTO DE PASCO",Administración directa,Paralizada,24/10/2022 00:00:00,635298.58,VICCO,PASCO,PASCO
176160,2564179,2564179,"REPARACION DE DEFENSA RIBEREÑA; EN EL(LA) A TRAVEZ DE LIMPIEZA Y DESCOLMATACION DEL RIO HUAYLAMAYO PROG. 0000 A 0500 KM DEL SECTOR PAMPACHICA, DISTRITO DE HUANCABAMBA, PROVINCIA OXAPAMPA, DEPARTAMENTO PASCO",Administración directa,Finalizado,17/11/2022 00:00:00,76248.95,HUANCABAMBA,OXAPAMPA,PASCO
175971,2562270,2562270,"REMODELACION DE AREA VERDE; EN EL(LA) Y EL ORNATO DE LA LOCALIDAD DE CONSTITUCION, DISTRITO DE CONSTITUCION, PROVINCIA OXAPAMPA, DEPARTAMENTO PASCO",Administración directa,En Ejecución,2/12/2022 00:00:00,153526.46,CONSTITUCION,OXAPAMPA,PASCO
175839,2548693,2548693,MEJORAMIENTO Y AMPLIACION DEL SISTEMA DE AGUA POTABLE EN EL SECTOR DE ALTO CAROLINA DEL DISTRITO DE HUANCABAMBA - PROVINCIA DE OXAPAMPA - DEPARTAMENTO DE PASCO,Administración directa,Finalizado,13/10/2022 00:00:00,303187.26,HUANCABAMBA,OXAPAMPA,PASCO
175816,2560441,2560441,CREACION DE UN RESERVORIO EN EL BARRIO DE CHAGAMARCA DEL DISTRITO DE HUARIACA - PROVINCIA DE PASCO - DEPARTAMENTO DE PASCO,Administración directa,Finalizado,17/10/2022 00:00:00,111065.68,HUARIACA,PASCO,PASCO
175763,2227208,238199,"I ETAPA DEL PROYECTO AMPLIACION Y MEJORAMIENTO DEL ESTADIO MUNICIPAL DE NINACACA, DISTRITO DE NINACACA - PASCO - PASCO",Contrata,Finalizado,3/04/2023 00:00:00,"",NINACACA,PASCO,PASCO
175723,2319255,2319255,"MEJORAMIENTO DEL SERVICIO DE EDUCACION PRIMARIA DE LA INSTITUCION EDUCATIVA N 34378 DEL CENTRO POBLADO CENTRO ESPERANZA DISTRITO PALCAZU, PROVINCIA OXAPAMPA - DEPARTAMENTO DE PASCO",Contrata,En Ejecución,11/04/2023 00:00:00,1844884.68,PALCAZU,OXAPAMPA,PASCO
175664,2535408,2535408,"REMODELACION DE INSTALACIONES EXTERIORES DE SERVICIOS BASICOS; EN EL(LA) DEL SISTEMA ELÉCTRICO DE LA CIUDAD UNIVERSITARIA SAN JUAN, SEDE CENTRAL DE LA UNDAC DISTRITO DE YANACANCHA, PROVINCIA PASCO, DEPARTAMENTO PASCO",Contrata,En Ejecución,7/03/2023 00:00:00,1092107.72,YANACANCHA,PASCO,PASCO
175437,2250872,285436,"MEJORAMIENTO DE LAS CALLES DEL CENTRO POBLADO DE SAN JUAN DE MILPO , DISTRITO DE SAN FRANCISCO DE ASIS DE YARUSYACAN - PASCO - PASCO",Obras por impuestos,Finalizado,18/05/2022 00:00:00,8578807.44,SAN FRANCISCO DE ASIS DE YARUSYACAN,PASCO,PASCO
175345,2453246,2453246,"""MEJORAMIENTO Y AMPLIACIÓN DE LA CARRETERA VECINAL UNION LOBO- LORENCILLO I DISTRITO DE CONSTITUCIÓN - PROVINCIA DE OXAPAMPA -DEPARTAMENTO DE PASCO"" SEGUNDA ETAPA",Contrata,En Ejecución,5/11/2021 00:00:00,498604.90,OXAPAMPA,OXAPAMPA,PASCO
175336,2559960,2559960,"RENOVACION DE CAPTACION DE AGUA , LÍNEA DE CONDUCCIÓN Y RESERVORIO; EN EL(LA) SISTEMA DE AGUA POTABLE AMPATO DISTRITO DE TAPUC, PROVINCIA DANIEL ALCIDES CARRION, DEPARTAMENTO PASCO",Administración directa,Finalizado,25/10/2022 00:00:00,112985.92,TAPUC,DANIEL ALCIDES CARRION,PASCO
175331,2560023,2560023,"RENOVACION DE CAPTACION DE AGUA , LÍNEA DE CONDUCCIÓN Y RESERVORIO; EN EL(LA) SISTEMA DE AGUA POTABLE CHAGIAN DISTRITO DE TAPUC, PROVINCIA DANIEL ALCIDES CARRION, DEPARTAMENTO PASCO",Administración directa,Finalizado,26/10/2022 00:00:00,73004.06,TAPUC,DANIEL ALCIDES CARRION,PASCO
175328,2495596,2495596,CREACION DE LOCAL DE USOS MULTIPLES EN EL AA.HH. DANIEL ALCIDES CARRION DISTRITO DE YANACANCHA - PROVINCIA DE PASCO - DEPARTAMENTO DE PASCO,Contrata,Finalizado,15/12/2022 00:00:00,282824.21,YANACANCHA,DANIEL ALCIDES CARRION,PASCO
175278,2527637,2527637,"RENOVACION DE PUENTE; EN EL(LA) CAMINO VECINAL PA 627 (PUENTE HERCULES) DEL SECTOR PUSAPNO DISTRITO DE CHONTABAMBA, PROVINCIA OXAPAMPA, DEPARTAMENTO PASCO",Contrata,Finalizado,19/05/2023 00:00:00,886767.01,CHONTABAMBA,OXAPAMPA,PASCO
175197,2441372,2441372,CREACION DEL MURO DE MAMPOSTERIA DE PIEDRA EN LA ZONA ALEDAÑA AL PASAJE ALAMEDA ESCOLAR EN LA LOCALIDAD DE JUNIPALCA DEL DISTRITO DE SAN FRANCISCO DE ASIS DE YARUSYACAN - PROVINCIA DE PASCO - DEPARTAMENTO DE PASCO,Contrata,Finalizado,1/08/2022 00:00:00,405750.04,SAN FRANCISCO DE ASIS DE YARUSYACAN,PASCO,PASCO
175180,2527617,2527617,"RENOVACION DE PUENTE; EN EL(LA) CAMINO VECINAL PA 631 (PUENTE ZIPIZU) DEL SECTOR GRAMAZÚ DISTRITO DE CHONTABAMBA, PROVINCIA OXAPAMPA, DEPARTAMENTO PASCO",Contrata,Finalizado,12/05/2023 00:00:00,502242.16,CHONTABAMBA,OXAPAMPA,PASCO
175174,2527632,2527632,"RENOVACION DE PUENTE; EN EL(LA) CAMINO VECINAL PA 626 (PUENTE CEDRO YACU) DE SECTOR TINGO DISTRITO DE CHONTABAMBA, PROVINCIA OXAPAMPA, DEPARTAMENTO PASCO",Contrata,Finalizado,19/05/2023 00:00:00,887000.40,CHONTABAMBA,OXAPAMPA,PASCO
175012,2514385,2514385,MEJORAMIENTO DE LOS SERVICIOS DE TRANSFERENCIA TECNOLÓGICA PARA LA TRANSFORMACIÓN DEL CACAO Y EL GRANO DE CAFÉ EN LA LOCALIDAD DE SAN ROQUE DE SHIMIAKI DEL DISTRITO DE PUERTO BERMUDEZ - PROVINCIA DE OXAPAMPA - DEPARTAMENTO DE PASCO,Administración directa,Finalizado,31/08/2023 00:00:00,147535,PUERTO BERMUDEZ,OXAPAMPA,PASCO
174828,2507662,2507662,MEJORAMIENTO DE LOS SERVICIOS DEL CEMENTERIO GENERAL ESTEBAN LUCAS MENDOZA EN EL ANEXO CHAUYAR DEL DISTRITO DE SAN FRANCISCO DE ASIS DE YARUSYACAN - PROVINCIA DE PASCO - DEPARTAMENTO DE PASCO,Contrata,Finalizado,10/05/2023 00:00:00,0,SAN FRANCISCO DE ASIS DE YARUSYACAN,PASCO,PASCO
174755,2558800,2558800,"REMODELACION DE CENTRO MEDICO; EN EL(LA) O CENTRO DE SALUD TIPO I-3 DEL DISTRITO DE HUANCABAMBA, PROVINCIA OXAPAMPA, DEPARTAMENTO PASCO",Administración directa,Finalizado,3/10/2022 00:00:00,248579.16,HUANCABAMBA,OXAPAMPA,PASCO
174474,2528228,2528228,"ADQUISICION DE TUBERIA; REPARACION DE BUZONETA; EN EL(LA) RED DE ALCANTARILLADO DEL JR. ABRAHAM VALDELOMAR, ENTRE LA AV. LAS AMÉRICAS Y EL JR. JOSE CARLOS MARIATEGUI DISTRITO DE YANACANCHA, PROVINCIA PASCO, DEPARTAMENTO PASCO",Contrata,Finalizado,4/10/2022 00:00:00,26958.86,YANACANCHA,PASCO,PASCO
174473,2511246,2511246,MEJORAMIENTO DE LOS SERVICIOS DE AGUA POTABLE Y TRATAMIENTO DE AGUAS RESIDUALES DE LOS SECTORES DE LA COLONIA Y MONTEFUNER DEL CENTRO POBLADO POZUZO DEL DISTRITO DE POZUZO - PROVINCIA DE OXAPAMPA - DEPARTAMENTO DE PASCO,Contrata,En Ejecución,6/12/2023 00:00:00,1997864.43,POZUZO,OXAPAMPA,PASCO
174450,2558506,2558506,"CONSTRUCCION DE COBERTURA; EN EL(LA) IE SANTA ROSA DE LIMA - YANACANCHA DISTRITO DE YANACANCHA, PROVINCIA PASCO, DEPARTAMENTO PASCO",Contrata,Finalizado,19/10/2022 00:00:00,36421.49,YANACANCHA,PASCO,PASCO
174447,2519523,2519523,"CONSTRUCCION DE MURO DE CONTENCION; EN EL(LA) LOSA DEPORTIVA DE LA C.C. DE MALAUCAYAN DISTRITO DE YANACANCHA, PROVINCIA PASCO, DEPARTAMENTO PASCO",Contrata,Finalizado,22/09/2022 00:00:00,133406.48,YANACANCHA,PASCO,PASCO
174445,2519527,2519527,"RENOVACION DE CERCO PERIMETRICO; EN EL(LA) BAÑO GANADERO DE LA C.C. DE MALAUCAYAN DISTRITO DE YANACANCHA, PROVINCIA PASCO, DEPARTAMENTO PASCO",Contrata,Finalizado,26/09/2022 00:00:00,109790.16,YANACANCHA,PASCO,PASCO
174443,2525926,2525926,"REFORESTACIÓN DE AREA VERDE; CONSTRUCCIÓN DE BARANDA; EN EL (LA) AV. LA CULTURA (TRAMO INGRESO AL DISTRITO DE YANACANCHA - CALLE LOS ANGELES) DISTRITO DE YANACANCHA, PROVINCIA DE PASCO, DEPARATAMENTO PASCO",Contrata,Finalizado,13/09/2022 00:00:00,155879.32,YANACANCHA,PASCO,PASCO
174348,2552760,2552760,"ADQUISICION DE CAMION CISTERNA Y CAMIONETA; EN EL(LA) MUNICIPALIDAD DISTRITAL PUERTO BERMUDEZ, DISTRITO DE PUERTO BERMUDEZ, PROVINCIA OXAPAMPA, DEPARTAMENTO PASCO",Administración directa,Finalizado,29/09/2022 00:00:00,"",PUERTO BERMUDEZ,OXAPAMPA,PASCO
174347,2530703,2530703,"MEJORAMIENTO DEL SERVICIO DE APOYO AL DESARROLLO PRODUCTIVO AGROPECUARIO EN LA CADENA PRODUCTIVA PISCÍCOLA EN LAS LOCALIDADES DE ALTO CHIVIS, CHINCHIHUAQUI, REDENCIÓN NEVATI, PUERTO YESUPE, EL MILAGRO Y VILLA ALEGRE DE QUIRICHARI - 6 LOCALIDADES DEL DISTRITO DE PUERTO BERMUDEZ - PROVINCIA DE OXAPAMPA - DEPARTAMENTO DE PASCO",Administración directa,Finalizado,14/06/2022 00:00:00,287257.50,PUERTO BERMUDEZ,OXAPAMPA,PASCO
174346,2507086,2507086,MEJORAMIENTO DE LOS SERVICIOS DE TRANSFERENCIA TECNOLÓGICA PARA LA TRANSFORMACIÓN DEL GRANO DE CAFÉ EN EL SECTOR II DEL VALLE NAZARATEGUI DEL DISTRITO DE PUERTO BERMUDEZ - PROVINCIA DE OXAPAMPA - DEPARTAMENTO DE PASCO,Administración directa,Paralizada,3/10/2024 00:00:00,187446,PUERTO BERMUDEZ,OXAPAMPA,PASCO
174345,2506027,2506027,CREACION DE LA PISCIGRANJA COMUNAL EN LA LOCALIDAD DE ALVARIÑO DEL DISTRITO DE PUERTO BERMUDEZ - PROVINCIA DE OXAPAMPA - DEPARTAMENTO DE PASCO,Administración directa,Finalizado,12/05/2022 00:00:00,149436.98,PUERTO BERMUDEZ,OXAPAMPA,PASCO
174344,2506016,2506016,CREACION DE LA PISCIGRANJA COMUNAL EN LA LOCALIDAD DE PALMACOCHA DEL DISTRITO DE PUERTO BERMUDEZ - PROVINCIA DE OXAPAMPA - DEPARTAMENTO DE PASCO,Administración directa,Finalizado,13/05/2022 00:00:00,148320.71,PUERTO BERMUDEZ,OXAPAMPA,PASCO
174343,2506007,2506007,CREACION DE LA PISCIGRANJA COMUNAL EN LA LOCALIDAD DE SARDIS DEL DISTRITO DE PUERTO BERMUDEZ - PROVINCIA DE OXAPAMPA - DEPARTAMENTO DE PASCO,Administración directa,Finalizado,17/05/2022 00:00:00,148311.24,PUERTO BERMUDEZ,OXAPAMPA,PASCO
174342,2505997,2505997,CREACION DE LA PISCIGRANJA COMUNAL EN LA LOCALIDAD DE SAN JUAN DE CAHUAPANAS DEL DISTRITO DE PUERTO BERMUDEZ - PROVINCIA DE OXAPAMPA - DEPARTAMENTO DE PASCO,Administración directa,Finalizado,11/05/2022 00:00:00,148170.07,PUERTO BERMUDEZ,OXAPAMPA,PASCO
174341,2505838,2505838,MEJORAMIENTO DE LA CRIANZA DE PORCINOS EN LA LOCALIDAD DE EDITA NAZARATEGUI DEL DISTRITO DE PUERTO BERMUDEZ - PROVINCIA DE OXAPAMPA - DEPARTAMENTO DE PASCO,Administración directa,Finalizado,18/06/2022 00:00:00,152398.73,PUERTO BERMUDEZ,OXAPAMPA,PASCO
174340,2505823,2505823,MEJORAMIENTO DE LA CRIANZA DE GANADO VACUNO EN LA LOCALIDAD DE MAPIRISHARI DEL DISTRITO DE PUERTO BERMUDEZ - PROVINCIA DE OXAPAMPA - DEPARTAMENTO DE PASCO,Administración directa,Finalizado,14/02/2022 00:00:00,143742,PUERTO BERMUDEZ,OXAPAMPA,PASCO
174339,2499383,2499383,MEJORAMIENTO DE LOS SERVICIOS DE TRANSFERENCIA TECNOLOGICA PARA LA PRODUCCION DEL CULTIVO DE GRANADILLA EN LA LOCALIDAD DE ALTO UNION DEL DISTRITO DE PUERTO BERMUDEZ - PROVINCIA DE OXAPAMPA - DEPARTAMENTO DE PASCO,Administración directa,Finalizado,1/07/2022 00:00:00,147109.20,PUERTO BERMUDEZ,OXAPAMPA,PASCO
174313,2301516,2301516,"MEJORAMIENTO Y AMPLIACIÓN DE LA PRESTACION DEL SERVICIO EDUCATIVO DE LA I.E. NRO 31 NUESTRA SEÑORA DEL CARMEN, CON DISEÑO ARQUITECTONICO BIOCLIMATICO EN LA URBANIZACION SAN JUAN, DISTRITO DE YANACANCHA - PASCO - PASCO",Contrata,En Ejecución,13/04/2023 00:00:00,28122821.67,YANACANCHA,PASCO,PASCO
174311,2084815,74176,"MEJORAMIENTO Y AMPLIACIÓN DE LOS SERVICIOS DE SANEAMIENTO Y FORTALECIMIENTO INSTITUCIONAL INTEGRAL DE LA EMAPA PASCO, PROVINCIA DE PASCO - PASCO, COMPONENTE II: COLECTOR PRIMARIO PATARCOCHA",Contrata,Sin Ejecución,"",3540057.03,,PASCO,PASCO
174253,2191375,203742,"REFORMULACION DEL EXPEDIENTE TECNICO DEL PROYECTO INSTALACION DE AGUA POTABLE Y ALCANTARILLADO DE LA COMUNIDAD DE RAYA , DISTRITO DE PALCAZU - OXAPAMPA - PASCO",Contrata,Sin Ejecución,"","",PALCAZU,OXAPAMPA,PASCO
174179,2487104,2487104,"MEJORAMIENTO Y AMPLIACION DEL SERVICIO DE MOVILIDAD URBANA A TRAVÉS DE PISTAS, VEREDAS Y ÁREAS VERDES EN LAS CALLES MANCO CÁPAC, HUAYLLAY, JORGE CHAVEZ CUADRA 3 Y PASAJES EN LA COMUNIDAD CAMPESINA DE YURAJHUANCA DEL DISTRITO DE SIMON BOLIVAR - PROVINCIA DE PASCO - DEPARTAMENTO DE PASCO",Contrata,Finalizado,1/02/2023 00:00:00,3907659.11,SIMON BOLIVAR,PASCO,PASCO
174129,2448827,2448827,"MEJORAMIENTO DE LA CAPACIDAD OPERATIVA DEL SISTEMA DE SEGURIDAD CIUDADANA DE LA MUNICIPALIDAD DISTRITAL DE YANACANCHA, DISTRITO DE YANACANCHA-PROVINCIA DE PASCO-DEPARTAMENTO DE PASCO",Contrata,Finalizado,13/12/2022 00:00:00,1866592.91,YANACANCHA,PASCO,PASCO
174015,2552932,2552932,"CONSTRUCCION DE AULA DE EDUCACION PRIMARIA Y CERCO PERIMETRICO; EN EL(LA) IE ALTO CAÑACHACRA - POZUZO ALTO CAÑACHACRA DISTRITO DE POZUZO, PROVINCIA OXAPAMPA, DEPARTAMENTO PASCO",Administración directa,Finalizado,1/10/2022 00:00:00,248041.54,POZUZO,OXAPAMPA,PASCO
174011,2552939,2552939,"CONSTRUCCIÓN DE COBERTURA; EN EL(LA) COMISARIA BASICA POLICIAL DE OXAPAMPA DISTRITO DE OXAPAMPA, PROVINCIA OXAPAMPA, DEPARTAMENTO PASCO",Administración directa,Finalizado,6/10/2022 00:00:00,95003.83,OXAPAMPA,OXAPAMPA,PASCO
174002,2189352,255635,"MEJORAMIENTO Y AMPLIACION DEL SERVICIO EDUCATIVO DEL NIVEL PRIMARIO DE LA I.E. N° 34456 VILLA CARIÑO, DISTRITO DE CONSTITUCION - PROVINCIA DE OXAPAMPA - DEPARTAMENTO DE PASCO. I ETAPA",Administración directa,Finalizado,3/10/2022 00:00:00,2828539.29,CONSTITUCION,OXAPAMPA,PASCO
174001,2552938,2552938,"CONSTRUCCIÓN DE AULA Y AULA DE COMPUTO; ADQUISICION DE EQUIPAMIENTO DE AULA; EN EL(LA) IE NUEVO SANTA VIRGINIA - POZUZO NUEVO SANTA VIRGINIA DISTRITO DE POZUZO, PROVINCIA OXAPAMPA, DEPARTAMENTO PASCO",Administración directa,Finalizado,10/10/2022 00:00:00,416792.55,POZUZO,OXAPAMPA,PASCO
173998,2546885,2546885,"CONSTRUCCION DE AMBIENTE DE USOS MULTIPLES; EN EL(LA) IE SANTA ROSA - POZUZO DISTRITO DE POZUZO, PROVINCIA OXAPAMPA, DEPARTAMENTO PASCO",Administración directa,Finalizado,3/10/2022 00:00:00,110468.47,POZUZO,OXAPAMPA,PASCO
173965,2558319,2558319,"CONSTRUCCION DE RED DE ALCANTARILLADO; EN EL(LA) Y DESAGUE EN EL CASERIO DE SAN LUIS Y PAVOPAMPA DEL DISTRITO DE HUANCABAMBA, PROVINCIA OXAPAMPA, DEPARTAMENTO PASCO",Administración directa,Finalizado,10/10/2022 00:00:00,378323,HUANCABAMBA,OXAPAMPA,PASCO
173700,2558668,2558668,"REMODELACION DE AMBIENTE DE RECREACION ACTIVA; EN EL(LA) PARQUE DEL JIRON SAN MARTIN, ASENTAMIENTO HUMANO TUPAC AMARU SECTOR 2, DISTRITO DE CHAUPIMARCA, PROVINCIA PASCO, DEPARTAMENTO PASCO",Contrata,Finalizado,11/07/2023 00:00:00,478522.80,CHAUPIMARCA,PASCO,PASCO
173671,2481980,2481980,MEJORAMIENTO DEL SERVICIO EDUCATIVO DEL NIVEL SECUNDARIA DE LA INSTITUCION EDUCATIVA N° 34292 INCA GARCILASO DE LA VEGA EN LA COMUNIDAD CAMPESINA DE PACOYAN DEL DISTRITO DE SIMON BOLIVAR - PROVINCIA DE PASCO - DEPARTAMENTO DE PASCO,Contrata,Finalizado,15/03/2023 00:00:00,2657475.77,SIMON BOLIVAR,PASCO,PASCO
173643,2557551,2557551,"MEJORAMIENTO DEL SERVICIO DE TRANSITABILIDAD VEHICULAR EN EL TRAMO LA AURORA (CARRETERA EMP PE 3N) TICLACAYAN (CARRETERA EMP PA 546) EN EL DISTRITO DE TICLACAYAN, PROVINCIA DE PASCO, DEPARTAMENTO DE PASCO",Contrata,En Ejecución,4/05/2023 00:00:00,3895124.12,TICLACAYAN,PASCO,PASCO
173517,2550009,2550009,"REPARACION DE CALZADA; EN EL(LA) JR. RICARDO PALMA ENTRE LOS TRAMOS AV. TUPAC AMARU CON NICOMENDEZ MEZA DIAS; AV. DANIEL ALCIDES CARRION, AV. SANTA ROSA, AV. 30 DE AGOSTO, AV. NICOMENDEZ MEZA DIAS EN EL TRAMO DEL JR. RICARDO PALMA CON JR. VICTOR BERAUN EN LA LOCALIDAD COLQUIJIRCA, DISTRITO DE TINYAHUARCO, PROVINCIA PASCO, DEPARTAMENTO PASCO",Contrata,Finalizado,19/10/2022 00:00:00,429826.67,TINYAHUARCO,DANIEL ALCIDES CARRION,PASCO
173409,2543751,2543751,"CONSTRUCCION DE PUENTE; EN EL(LA) UNIDAD PRODUCTORA RUTA PE-18D, EN LA LOCALIDAD RIO BLANCO, DISTRITO DE POZUZO, PROVINCIA OXAPAMPA, DEPARTAMENTO PASCO",Administración directa,Finalizado,6/10/2022 00:00:00,241449.70,POZUZO,OXAPAMPA,PASCO
173356,2544522,2544522,"CREACION DEL SERVICIO DE PREVENCION, ATENCION DE INCENDIOS Y EMERGENCIAS DE LA COMPAÑIA DE BOMBEROS N° 47 DEL DISTRITO DE OXAPAMPA, PROVINCIA DE OXAPAMPA - PASCO",Administración directa,Finalizado,11/11/2022 00:00:00,884516.61,OXAPAMPA,OXAPAMPA,PASCO
173292,2543589,2543589,"REPARACION DE PUENTE PEATONAL; EN EL(LA) PUENTE COLGANTE LORETO DEL SECTOR LORETO, DISTRITO DE CHONTABAMBA, PROVINCIA OXAPAMPA, DEPARTAMENTO PASCO",Administración directa,Finalizado,7/10/2022 00:00:00,64701.05,CHONTABAMBA,OXAPAMPA,PASCO
173281,2474529,2474529,"RENOVACION DE INFRAESTRUCTURA DEPORTIVA; EN EL(LA) REHABILITACION DE CAMPO DEPORTIVO DE VOLYBOL EN LA LOCALIDAD VICCO, DISTRITO DE VICCO, PROVINCIA PASCO, DEPARTAMENTO PASCO",Administración directa,Finalizado,19/09/2022 00:00:00,157225.14,VICCO,PASCO,PASCO
173144,2494354,2494354,MEJORAMIENTO DE LA PRODUCTIVIDAD DEL GANADO VACUNO DE DOBLE PROPOSITO EN LA COMUNIDAD DE PUERTO DAVIS DEL DISTRITO DE CONSTITUCION - PROVINCIA DE OXAPAMPA - DEPARTAMENTO DE PASCO,Administración directa,En Ejecución,11/09/2022 00:00:00,165641.58,CONSTITUCION,OXAPAMPA,PASCO
173039,2558989,2558989,"REMODELACIÓN DE INFRAESTRUCTURA DEPORTIVA; EN EL(LA) LOSA DEPORTIVA DE YARUSYACAN DISTRITO DE SAN FRANCISCO DE ASIS DE YARUSYACAN, PROVINCIA PASCO, DEPARTAMENTO PASCO",Contrata,Finalizado,6/12/2022 00:00:00,1019603.37,SAN FRANCISCO DE ASIS DE YARUSYACAN,PASCO,PASCO
173004,2532940,2532940,CONSULTORIA PARA LA ELABORACION DEL EXPEDIENTE TECNICO DEL PROYECTO MEJORAMIENTO DEL SERVICIO EDUCATIVO DEL NIVEL SECUNDARIA EN LA I.E PEDRO UBALDO POLINAR DEL CENTRO POBLADO OSOMAYO DEL DISTRITO DE POZUZO - PROVINCIA DE OXAPAMPA - DEPARTAMENTO DE PASCO,Contrata,Sin Ejecución,"","",POZUZO,OXAPAMPA,PASCO
173001,2547435,2547435,CREACION DE 2 PONTONES EN LA QUEBRADA SAN CARLOS DE LA ZONA URBANA EN EL DISTRITO DE VILLA RICA - PROVINCIA DE OXAPAMPA - DEPARTAMENTO DE PASCO.,Contrata,Finalizado,11/04/2023 00:00:00,322291.91,VILLA RICA,OXAPAMPA,PASCO
172999,2463860,2463860,"MEJORAMIENTO Y AMPLIACION DE LA I.E. N 34267 MAZUHUAZO, I.E. N 34298 ISHPIHUACAZU, I.E. N 34451-SECTOR QUEBRADA PACO, I.E. N 34526-SECTOR LA OROYA, I.E. N 34553-SECTOR ALTO ISHPIHUACAZU DE LAS 5 LOCALIDADES DEL DISTRITO DE PALCAZU - PROVINCIA DE OXAPAMPA - DEPARTAMENTO DE PASCO. - PRIMERA ETAPA I.E. N 34526 LA OROYA.",Contrata,Finalizado,13/09/2022 00:00:00,549717.20,PALCAZU,OXAPAMPA,PASCO
172995,2504412,2504412,CREACION DE LOSA DEPORTIVA DEL CENTRO POBLADO DE RANYAC DEL DISTRITO DE NINACACA - PROVINCIA DE PASCO - DEPARTAMENTO DE PASCO,Contrata,Finalizado,6/03/2023 00:00:00,819060.04,NINACACA,PASCO,PASCO
172877,2516041,2516041,AMPLIACION DE LOS SERVICIOS DE AGUA POTABLE Y ALCANTARILLADO EN LA LOCALIDAD DE SAN PEDRO DE PILLAO DEL DISTRITO DE SAN PEDRO DE PILLAO - PROVINCIA DE DANIEL ALCIDES CARRION - DEPARTAMENTO DE PASCO,Contrata,Sin Ejecución,"",491852.52,SAN PEDRO DE PILLAO,DANIEL ALCIDES CARRION,PASCO
172802,2234417,254072,"MEJORAMIENTO DE LOS SERVICIOS EDUCATIVOS DEL NIVEL PRIMARIO EN LA INSTITUCIÓN EDUCATIVA N 34418, SANTA APOLONIA, DISTRITO DE VILLA RICA, PROVINCIA DE OXAPAMPA, DEPARTAMENTO DE PASCO",Contrata,En Ejecución,15/03/2023 00:00:00,1512213.01,VILLA RICA,OXAPAMPA,PASCO
172764,2457450,2457450,"MEJORAMIENTO DEL SERVICIO EDUCATIVO DEL NIVEL INICIAL Y PRIMARIA DE LA INSTITUCION EDUCATIVA N° 34052 JOSE ANTONIO ENCINAS FRANCO, DISTRITO DE YANACANCHA - PROVINCIA DE PASCO - DEPARTAMENTO DE PASCO",Contrata,Paralizada,3/12/2024 00:00:00,16929724.13,YANACANCHA,PASCO,PASCO
172658,2116853,107387,"CONSTRUCCION DEL MODERNO TERMINAL TERRESTRE INTERPROVINCIAL DE LA CIUDAD DE CERRO DE PASCO, PROVINCIA DE PASCO - PASCO",Contrata,En Ejecución,17/10/2022 00:00:00,35654108.77,,PASCO,PASCO
172540,2504497,2504497,"PRIMERA ETAPA ""MEJORAMIENTO DEL ESPACIO DEPORTIVO DE LA LOCALIDAD DE SAN RAMON DE YANAPAMPA DEL DISTRITO DE SAN FRANCISCO DE ASIS DE YARUSYACAN - PROVINCIA DE PASCO - DEPARTAMENTO DE PASCO""",Contrata,Finalizado,8/12/2022 00:00:00,1614275.63,SAN FRANCISCO DE ASIS DE YARUSYACAN,PASCO,PASCO
172389,2558824,2558824,"REPARACION DE SUPERFICIE DE RODADURA; EN EL(LA) PUNTOS CRITICOS DEL CAMINO VECINAL TRAMO: LORENCILLO 1 - COMUNIDAD NATIVA DE MOSQUITO PLAYA EN LA LOCALIDAD LORENCILLO I, DISTRITO DE CONSTITUCION, PROVINCIA OXAPAMPA, DEPARTAMENTO PASCO",Administración directa,En Ejecución,3/09/2022 00:00:00,129796.31,CONSTITUCION,OXAPAMPA,PASCO
172286,2516680,2516680,CREACION DE LOCAL DE USOS MULTIPLES DEL CASERIO AZUL MINA DEL DISTRITO DE CHACAYAN - PROVINCIA DE DANIEL ALCIDES CARRION - DEPARTAMENTO DE PASCO,Administración directa,Finalizado,4/10/2022 00:00:00,179755.91,CHACAYAN,DANIEL ALCIDES CARRION,PASCO
172196,2494364,2494364,MEJORAMIENTO DE LA PRODUCTIVIDAD DEL GANADO VACUNO DE DOBLE PROPOSITO EN LA COMUNIDAD NATIVA PUERTO VIOLETA DEL DISTRITO DE CONSTITUCION - PROVINCIA DE OXAPAMPA - DEPARTAMENTO DE PASCO,Administración directa,En Ejecución,10/09/2022 00:00:00,165641.58,CONSTITUCION,OXAPAMPA,PASCO
172017,2499548,2499548,CREACION DE ESPACIOS RECREATIVOS Y PLAZA CIVICA EN LA COMUNIDAD CAMPESINA DE UCRUCANCHA DEL DISTRITO DE SIMON BOLIVAR PROVINCIA DE PASCO DEPARTAMENTO DE PASCO ETAPA I,Contrata,Finalizado,27/12/2022 00:00:00,1378128.77,SIMON BOLIVAR,PASCO,PASCO
171982,2231959,246477,"MEJORAMIENTO DEL SISTEMA DE PROTECCIÓN FRENTE A INUNDACIONES DEL ÁREA URBANA DEL CENTRO POBLADO DE CHUPACA DEL DISTRITO DE PAUCARTAMBO, PROVINCIA Y DEPARTAMENTO DE PASCO",Contrata,En Ejecución,5/06/2023 00:00:00,6201010.88,PAUCARTAMBO,PASCO,PASCO
171953,2234108,253934,"INSTALACION DE SERVICIOS DE PROTECCION DE DEFENSA RIBEREÑA EN EL RIO ISCOZACIN, EN LA LOCALIDAD DE PUERTO ISCOZACIN, DEL DISTRITO PALCAZU, PROVINCIA OXAPAMPA, REGION PASCO",Contrata,En Ejecución,8/06/2023 00:00:00,6278665.49,PALCAZU,OXAPAMPA,PASCO
171918,2248572,308671,CREACION DEL PARQUE PRINCIPAL DEL CENTRO POBLADO DE HUALLAMAYO DEL DISTRITO DE PAUCARTAMBO - PROVINCIA DE PASCO - DEPARTAMENTO DE PASCO,Contrata,En Ejecución,14/12/2022 00:00:00,1627618.01,PAUCARTAMBO,PASCO,PASCO
171757,2265482,317648,"CREACION DE PISTAS Y VEREDAS EN EL JR. 22 DE JUNIO CDRAS 03, 04, 05, 06, AV. CERRO DE PASCO CDRAS 01, 02, 03, 04, JR. PUNO CDRAS 01, 02, 03, JR. RAMÓN CASTILLA CDRAS 01, JR. AYACUCHO CDRAS 04, 05, JR. TRUJILLO CDRAS 05, 06, DISTRITO DE VICCO, PROVINCIA DE PASCO - PASCO",Contrata,Sin Ejecución,"",553091.32,VICCO,PASCO,PASCO
171569,2555292,2555292,"CONSTRUCCION DE INFRAESTRUCTURA DEPORTIVA; EN EL(LA) CAMPO DEPORTIVO ""LOS ANGELES"" EN LA LOCALIDAD LOS ANGELES, DISTRITO DE SAN FRANCISCO DE ASIS DE YARUSYACAN, PROVINCIA PASCO, DEPARTAMENTO PASCO",Contrata,Finalizado,9/11/2022 00:00:00,894864.02,SAN FRANCISCO DE ASIS DE YARUSYACAN,PASCO,PASCO
171307,2546397,2546397,"REPARACION DE PUENTE; EN EL(LA) C.P QUILLAZU-PROGRESO (PUENTE QUILLAZU) DISTRITO DE OXAPAMPA, PROVINCIA OXAPAMPA, DEPARTAMENTO PASCO",Administración directa,Finalizado,22/11/2022 00:00:00,78738.69,OXAPAMPA,OXAPAMPA,PASCO
171219,2544646,2544646,"REPARACION DE PUENTE PEATONAL; EN EL(LA) PUENTE COLGANTE SANTO DOMINGO DEL SECTOR SAN CARLOS, DISTRITO DE CHONTABAMBA, PROVINCIA OXAPAMPA, DEPARTAMENTO PASCO",Administración directa,Finalizado,1/09/2022 00:00:00,64990.91,CHONTABAMBA,OXAPAMPA,PASCO
170853,2235359,257843,"CONSULTORIA PARA LA REFORMULACION DEL EXPEDIENTE TECNICO DEL PROYECTO INSTALACION DEL SANEAMIENTO BÁSICO INTEGRAL EN LA COMUNIDAD NATIVA SÉPTIMO UNIDO SANTA FE DE AGUACHINI DEL DISTRITO PUERTO BERMÚDEZ, PROVINCIA OXAPAMPA, REGION PASCO",Contrata,Sin Ejecución,"","",OXAPAMPA,OXAPAMPA,PASCO
170849,2498264,2498264,"CONSULTORIA PARA LA ELABORACION DEL EXPEDIENTE TECNICO DEL PROYECTO CREACION DE LA TROCHA CARROZABLE DE LA LOCALIDAD TINGOPAMPA - ESTACIÓN PARDAVE, CENTRO POBLADO DE POCOBAMBA DEL DISTRITO DE SANTA ANA DE TUSI - PROVINCIA DE DANIEL ALCIDES CARRION - DEPARTAMENTO DE PASCO",Contrata,Sin Ejecución,"","",SANTA ANA DE TUSI,DANIEL ALCIDES CARRION,PASCO
170818,2187676,260225,"""MEJORAMIENTO DE LOS SERVICIOS EDUCATIVOS DE LA I.E.P. N° 34025, DISTRITO PAUCARTAMBO, PROVINCIA PASCO, REGIÓN PASCO""",Contrata,En Ejecución,5/04/2023 00:00:00,3011635.54,PAUCARTAMBO,PASCO,PASCO
170348,2533574,2533574,"REPARACION DE VIAS VECINALES; EN EL(LA) SERVICIO DE LA TRANSITABILIDAD VEHICULAR DESDE EL TRAMO VICCO KM 0-00 - PACORAN - INICIO PAMOC KM 2-655 EN LA LOCALIDAD VICCO, DISTRITO DE VICCO, PROVINCIA PASCO, DEPARTAMENTO PASCO",Administración directa,Finalizado,1/09/2022 00:00:00,65170.80,VICCO,PASCO,PASCO
170163,2510914,2510914,CREACION DEL COMEDOR COMUNAL DE LA CC.NN.DE BUENOS AIRES DEL DISTRITO DE PALCAZU - PROVINCIA DE OXAPAMPA - DEPARTAMENTO DE PASCO,Administración directa,Finalizado,15/08/2022 00:00:00,234298.52,PALCAZU,OXAPAMPA,PASCO
170068,2232237,2232237,0,Contrata,Sin Ejecución,"",7816855.02,,,PASCO
169987,2538419,2538419,"CONSULTORIA PARA LA ELABORACION DEL EXPEDIENTE TECNICO DEL PROYECTO CREACION DE LOS SERVICIOS DE AGUA POTABLE E INSTALACIÓN DEL SISTEMA DE DISPOSICIÓN DE EXCRETAS EN LAS COMUNIDADES NATIVAS DE; SAN MARTIN DE QUIRISHARI, VILLA ALEGRE QUIRISHARI Y LA ESPERANZA CC.NN. QUIRISHARI DEL DISTRITO DE PUERTO BERMUDEZ - PROVINCIA DE OXAPAMPA - DEPARTAMENTO DE PASCO",Contrata,Sin Ejecución,"","",PUERTO BERMUDEZ,OXAPAMPA,PASCO
169639,2555534,2555534,"RENOVACION DE CAMPO DEPORTIVO; EN EL(LA) ESTADIO MUNICIPAL COLOSO DE BOM BOM DE FUTBOL 8 EN LA LOCALIDAD VICCO, DISTRITO DE VICCO, PROVINCIA PASCO, DEPARTAMENTO PASCO",Contrata,Finalizado,24/10/2022 00:00:00,431861.98,VICCO,PASCO,PASCO
169584,2537280,2537280,"MEJORAMIENTO DE LOS SERVICIOS DEL CEMENTERIO MUNICIPAL, DEL DISTRITO DE PUERTO BERMUDEZ - PROVINCIA DE OXAPAMPA - DEPARTAMENTO DE PASCO",Contrata,Finalizado,18/05/2023 00:00:00,866922.23,PUERTO BERMUDEZ,OXAPAMPA,PASCO
169567,2521515,2521515,"CREACION DE LOSA DEPORTIVA EN LA COMUNIDAD NATIVA PUERTO LIBRE, DISTRITO DE CONSTITUCIÓN, PROVINCIA DE OXAPAMPA, DEPARTAMENTO PASCO",Contrata,Finalizado,3/11/2022 00:00:00,173822.93,OXAPAMPA,OXAPAMPA,PASCO
169447,2508509,2508509,"MEJORAMIENTO DE SERVICIO DE MOVILIDAD URBANA EN LAS AVENIDAS, CALLES, JIRONES Y PASAJES PRINCIPALES DEL ASENTAMIENTO HUMANO DE TAHUANTINSUYO DEL DISTRITO DE CHAUPIMARCA - PROVINCIA DE PASCO - DEPARTAMENTO DE PASCO",Contrata,Sin Ejecución,"","",CHAUPIMARCA,PASCO,PASCO
169291,2551587,2551587,MEJORAMIENTO DEL COLISEO MUNICIPAL MULTIUSOS EN EL CENTRO POBLADO ALTO PALCAZU DEL DISTRITO DE PALCAZU - PROVINCIA DE OXAPAMPA - DEPARTAMENTO DE PASCO,Contrata,Sin Ejecución,"",2335263.86,PALCAZU,OXAPAMPA,PASCO
169289,2536494,2536494,"REPARACION DE DEFENSA RIBEREÑA; EN EL(LA) TRAMO MARGEN DERECHO DE LA I.E. ANDRES AVELINO CACERES Y EL ESTADIO EN LA LOCALIDAD PUCURHUAY, DISTRITO DE TICLACAYAN, PROVINCIA PASCO, DEPARTAMENTO PASCO",Administración directa,Sin Ejecución,"",50077.81,TICLACAYAN,PASCO,PASCO
169287,2545788,2545788,CREACION DE LOS SERVICIOS PUBLICOS DE INTEGRACION ECONOMICA Y SOCIAL EN LA LOCALIDAD DE LA FLORIDA DEL DISTRITO DE HUACHON - PROVINCIA DE PASCO - DEPARTAMENTO DE PASCO,Administración directa,En Ejecución,10/08/2022 00:00:00,151973.19,HUACHON,PASCO,PASCO
168914,2507660,2507660,MEJORAMIENTO DE LOS SERVICIOS DE SALUD DEL PUESTO DE SALUD SANTA ROSA DE CHIVIS DEL DISTRITO DE PUERTO BERMUDEZ - PROVINCIA DE OXAPAMPA - DEPARTAMENTO DE PASCO,Contrata,En Ejecución,2/12/2022 00:00:00,2682490.80,PUERTO BERMUDEZ,OXAPAMPA,PASCO
168912,2552424,2552424,"CREACIÓN DE LA LOSA DEPORTIVA MULTIUSOS EN EL BARRIO INMACULADA CONCEPCIÓN, DISTRITO DE PUERTO BERMUDEZ - PROVINCIA DE OXAPAMPA - DEPARTAMENTO DE PASCO",Contrata,Finalizado,29/11/2022 00:00:00,187131.23,PUERTO BERMUDEZ,OXAPAMPA,PASCO
168911,2502020,2502020,CREACIÓN DE LOSA DEPORTIVA MULTIUSOS EN EL BARRIO LAS LOMAS DEL DISTRITO DE PUERTO BERMUDEZ - PROVINCIA DE OXAPAMPA - DEPARTAMENTO DE PASCO,Contrata,Finalizado,15/11/2022 00:00:00,184918.66,PUERTO BERMUDEZ,OXAPAMPA,PASCO
168910,2552147,2552147,CREACIÓN DE LA LOSA DEPORTIVA MULTIUSOS EN EL BARRIO MIRAFLORES DISTRITO DE PUERTO BERMUDEZ - PROVINCIA DE OXAPAMPA - DEPARTAMENTO DE PASCO,Contrata,Finalizado,15/11/2022 00:00:00,183459.13,PUERTO BERMUDEZ,OXAPAMPA,PASCO
168909,2554278,2554278,MEJORAMIENTO DE LOS SERVICIOS DEPORTIVOS DE LA LOSA DEPORTIVA LA JAULA DEL SECTOR 4 DEL CENTRO POBLADO DE COLQUIJIRCA DEL DISTRITO DE TINYAHUARCO - PROVINCIA DE PASCO - DEPARTAMENTO DE PASCO,Contrata,Finalizado,14/10/2022 00:00:00,1242302.43,TINYAHUARCO,PASCO,PASCO
168878,2316312,353575,"MEJORAMIENTO Y AMPLIACION DE PISTAS Y VEREDAS EN EL CENTRO POBLADO DE SAN ISIDRO DE YANAPAMPA, DISTRITO DE TICLACAYAN - PASCO - PASCO",Contrata,Sin Ejecución,"","",TICLACAYAN,PASCO,PASCO
168744,2470507,2470507,CONSULTORIA PARA LA ELABORACION DEL EXPEDIENTE TECNICO DEL PROYECTO MEJORAMIENTO DEL SERVICIO EDUCATIVO DE LA INSTITUCIÓN EDUCATIVA INTEGRADO N° 34454 P.W. ALEJANDRO LUIS CALDERÓN ESPINOZA DE LA CC.NN. NEVATI DEL DISTRITO DE PUERTO BERMUDEZ - PROVINCIA DE OXAPAMPA - DEPARTAMENTO DE PASCO,Contrata,Sin Ejecución,"","",PUERTO BERMUDEZ,OXAPAMPA,PASCO
168737,2558962,2558962,CREACION DE COBERTURA DE TECHO PARA LA LOSA DEPORTIVA EN EL DISTRITO DE PALLANCHACRA - PROVINCIA DE PASCO - DEPARTAMENTO DE PASCO,Contrata,Finalizado,17/10/2022 00:00:00,459329.80,PALLANCHACRA,PASCO,PASCO
168671,2522568,2522568,CONSULTORIA PARA LA ELABORACION DEL EXPEDIENTE TECNICO DEL PROYECTO MEJORAMIENTO DE SERVICIO EDUCATIVO DE LA I.E. INICIAL MADRE MARIA ASCENCION DEL DISTRITO DE VILLA RICA - PROVINCIA DE OXAPAMPA - DEPARTAMENTO DE PASCO,Contrata,Sin Ejecución,"","",VILLA RICA,OXAPAMPA,PASCO
168594,2463860,2463860,"MEJORAMIENTO Y AMPLIACION DE LA I.E. N 34267 MAZUHUAZO, I.E. N 34298 ISHPIHUACAZU, I.E. N 34451-SECTOR QUEBRADA PACO, I.E. N 34526-SECTOR LA OROYA, I.E. N 34553-SECTOR ALTO ISHPIHUACAZU DE LAS 5 LOCALIDADES DEL DISTRITO DE PALCAZU - PROVINCIA DE OXAPAMPA - DEPARTAMENTO DE PASCO. - SEGUNDA ETAPA I.E. N 34298 ISHPIHUACAZU",Contrata,Finalizado,4/10/2022 00:00:00,406419.77,PALCAZU,OXAPAMPA,PASCO
168537,2554361,2554361,"CREACION DEL CAMINO TURISTICO Y RECREATIVO CRUZ ESQUINA - PULIAG, EN SANTA ANA DE TUSI, DISTRITO DE SANTA ANA DE TUSI - PROVINCIA DE DANIEL ALCIDES CARRION - DEPARTAMENTO DE PASCO, CON CUI 2554361",Contrata,Finalizado,26/10/2022 00:00:00,1830635.60,SANTA ANA DE TUSI,DANIEL ALCIDES CARRION,PASCO
168535,2315893,353167,"MEJORAMIENTO DE VIAS CON PISTAS, VEREDAS Y TRATAMIENTO PAISAJISTICO EN LAS CALLES MARIATEGUI, GULANA, ULHUAN, MITOPUCRO Y WILLAPARAG SANTA ANA DE TUSI, DISTRITO DE SANTA ANA DE TUSI - DANIEL ALCIDES CARRION - PASCO.",Contrata,Finalizado,15/10/2022 00:00:00,896326.23,SANTA ANA DE TUSI,DANIEL ALCIDES CARRION,PASCO
168415,2545804,2545804,"CREACIÓN DEL SERVICIO RECREATIVO Y DEPORTIVO EN LA C.C. TINGO PALCA, DISTRITO DE YANACANCHA - PROVINCIA DE PASCO - DEPARTAMENTO DE PASCO",Contrata,Finalizado,10/10/2022 00:00:00,595836.36,YANACANCHA,PASCO,PASCO
168414,2543738,2543738,"CONSTRUCCION DE PUENTE; EN EL(LA) UNIDAD PRODUCTORA RUTA SAN ANTONIO - OSOMAYO, EN LA LOCALIDAD OSOMAYO, DISTRITO DE POZUZO, PROVINCIA OXAPAMPA, DEPARTAMENTO PASCO",Administración directa,Finalizado,19/07/2022 00:00:00,311712.56,POZUZO,OXAPAMPA,PASCO
168384,2507020,2507020,MEJORAMIENTO DE LA CRIANZA DE GANADO VACUNO DE DOBLE PROPÓSITO EN LA LOCALIDAD DE SANTA ROSA DE CHIVIS DEL DISTRITO DE PUERTO BERMUDEZ - PROVINCIA DE OXAPAMPA - DEPARTAMENTO DE PASCO,Administración directa,Finalizado,15/02/2022 00:00:00,146324,PUERTO BERMUDEZ,OXAPAMPA,PASCO
168370,2534272,2534272,"CREACION DE SERVICIOS PUBLICOS PARA EL DESARROLLO DE ACTIVIDADES COMUNALES, ORGANIZATIVAS Y SOCIOCULTURALES EN EL CASERÍO DE COLQUIPUCRO DEL DISTRITO DE SAN PEDRO DE PILLAO - PROVINCIA DE DANIEL ALCIDES CARRION - DEPARTAMENTO DE PASCO",Contrata,Finalizado,6/10/2022 00:00:00,198728.98,SAN PEDRO DE PILLAO,DANIEL ALCIDES CARRION,PASCO
168188,2445606,2445606,"CREACION DE LA CARRETERA VECINAL CANTA GALLO - VIA PICHIS DEL DISTRITO DE CONSTITUCION, PROVINCIA DE OXAPAMPA, DEPARTAMENTO DE PASCO",Contrata,Finalizado,14/10/2022 00:00:00,3955982.97,CONSTITUCION,OXAPAMPA,PASCO
168158,2508237,2508237,"CREACION DE LOCAL COMUNAL MULTIUSOS DE LA CCNN DE CAHUAPANAS, DISTRITO DE CONSTITUCION DE LA PROVINCIA DE OXAPAMPA, DEPARTAMENTO DE PASCO",Administración directa,Finalizado,8/08/2022 00:00:00,200541.82,CONSTITUCION,OXAPAMPA,PASCO
168144,2462512,2462512,"""CREACIÓN DE LOS SERVICIOS DE FORTALECIMIENTO DE CAPACIDADES EN GESTIÓN COMUNAL (LOCAL DE USOS MÚLTIPLES) DE LA LOCALIDAD DE SAN MARTÍN DEL DISTRITO DE PUERTO BERMUDEZ - PROVINCIA DE OXAPAMPA - DEPARTAMENTO DE PASCO""",Administración directa,Finalizado,11/07/2022 00:00:00,141662.44,PUERTO BERMUDEZ,OXAPAMPA,PASCO
168073,2508136,2508136,CREACION DEL LOCAL MULTIUSOS DE LA COMUNIDAD NATIVA DE PUERTO LETICIA DEL DISTRITO DE CONSTITUCION - PROVINCIA DE OXAPAMPA - DEPARTAMENTO DE PASCO,Administración directa,Finalizado,8/08/2022 00:00:00,200541.82,CONSTITUCION,OXAPAMPA,PASCO
168006,2544384,2544384,CREACION DEL CAMINO VECINAL ALAGUIN - PILLAGUI - YARHUACANCHA - YANAMACHAY - CHAPALOGLA EN EL CENTRO POBLADO DE QUIPARACRA DEL DISTRITO DE HUACHON - PROVINCIA DE PASCO - DEPARTAMENTO DE PASCO,Administración directa,En Ejecución,4/07/2022 00:00:00,4639225.51,HUACHON,PASCO,PASCO
167679,2376025,2376025,MEJORAMIENTO GENETICO DE GANADO OVINO CORRIEDALE EN LA LOCALIDAD DE ISCAYCOCHA DEL DISTRITO DE CHACAYAN - PROVINCIA DE DANIEL ALCIDES CARRION - DEPARTAMENTO DE PASCO,Administración directa,Sin Ejecución,"","",CHACAYAN,DANIEL ALCIDES CARRION,PASCO
167664,2403597,2403597,"SALDO DE OBRA ""CREACION DEL MERCADO MODELO EN LA LOCALIDAD DE CONSTITUCION - DISTRITO DE CONSTITUCION - OXAPAMPA - PASCO, PRIMERA ETAPA""",Administración directa,Finalizado,9/05/2022 00:00:00,580193.99,CONSTITUCION,OXAPAMPA,PASCO
167662,2535684,2535684,"REPARACION DE LÍNEA DE CONDUCCIÓN, RESERVORIO Y RED DE DISTRIBUCION; EN EL(LA) A DEMAS ACTIVOS DEL SISTEMA DE RIEGO DE LA LOCALIDAD DE CHACAYAN DISTRITO DE CHACAYAN, PROVINCIA DANIEL ALCIDES CARRION, DEPARTAMENTO PASCO",Administración directa,Finalizado,18/12/2021 00:00:00,130000,CHACAYAN,DANIEL ALCIDES CARRION,PASCO
167657,2527535,2527535,"MEJORAMIENTO DEL FORTALECIMIENTO DE CAPACIDAD DE INSTALACION DE PASTOS CULTIVADOS PARA IMPULSAR LA GANADERIA EN EL AMBITO DISTRITAL DE CHACAYAN, DEL DISTRITO DE CHACAYAN - PROVINCIA DE DANIEL ALCIDES CARRION - DEPARTAMENTO DE PASCO",Administración directa,Finalizado,8/11/2011 00:00:00,73407.50,CHACAYAN,DANIEL ALCIDES CARRION,PASCO
167600,2474555,2474555,MEJORAMIENTO DE LA TRANSITABILIDAD VEHICULAR Y PEATONAL EN LOS PONTONES: QUICHAS (FRONTIS A LA I.E. N° 34001) Y QUICHAS ANTIGUA (MUYO MUYO) DE LA LOCALIDAD DE QUICHAS DISTRITO DE YANACANCHA - PROVINCIA DE PASCO - DEPARTAMENTO DE PASCO,Contrata,Finalizado,6/10/2022 00:00:00,336085.56,YANACANCHA,PASCO,PASCO
167597,2530314,2530314,"MEJORAMIENTO DE LA LOSA DEPORTIVA EN LA C.C. LA CANDELARIA DEL C.P. DE LA QUINUA, DISTRITO DE YANACANCHA- PROVINCIA DE PASCO - DEPARTAMENTO DE PASCO",Contrata,Finalizado,10/10/2022 00:00:00,190163.66,YANACANCHA,PASCO,PASCO
167206,2442378,2442378,"MEJORAMIENTO DE CAPACIDADES EN GESTION COMUNAL EN LA LOCALIDAD DE MIRAFLORES DE LA CC.NN. TSACHOPEN, DISTRITO DE CHONTABAMBA, PROVINCIA DE OXAPAMPA - PASCO",Administración directa,Finalizado,7/07/2022 00:00:00,309246,CHONTABAMBA,OXAPAMPA,PASCO
166787,2522539,2522539,MEJORAMIENTO Y AMPLIACION DE LOS SERVICIOS DE AGUA POTABLE Y SANEAMIENTO EN LA COMUNIDAD CAMPESINA DE YURAJHUANCA DEL DISTRITO DE SIMON BOLIVAR - PROVINCIA DE PASCO - DEPARTAMENTO DE PASCO,Contrata,Sin Ejecución,"","",SIMON BOLIVAR,PASCO,PASCO
166723,2482361,2482361,AMPLIACION DE LA CAPTACIÓN DEL AGUA POTABLE HACIA EL RESERVORIO EN EL CENTRO POBLADO DE CHINCHE YANAHUANCA DEL DISTRITO DE YANAHUANCA - PROVINCIA DE DANIEL ALCIDES CARRION - DEPARTAMENTO DE PASCO,Contrata,Finalizado,15/09/2022 00:00:00,717297.26,YANAHUANCA,DANIEL ALCIDES CARRION,PASCO
166360,2546320,2546320,"CONSTRUCCION DE SERVICIOS HIGIENICOS Y/O VESTIDORES Y CISTERNA; EN EL(LA) IE 13 DE AGOSTO - SIMON BOLIVAR EN LA LOCALIDAD QUIULACOCHA, DISTRITO DE SIMON BOLIVAR, PROVINCIA PASCO, DEPARTAMENTO PASCO",Contrata,Sin Ejecución,"",295440.46,SIMON BOLIVAR,PASCO,PASCO
166219,2535084,2535084,"REMODELACION DE AMBIENTE DE USOS MULTIPLES, VEREDA, SERVICIOS HIGIENICOS Y/O VESTIDORES Y SUMINISTRO DE ENERGIA ELECTRICA; EN EL(LA) LOCAL COMUNAL EN LA LOCALIDAD MARIA TERESA, DISTRITO DE CHONTABAMBA, PROVINCIA OXAPAMPA, DEPARTAMENTO PASCO",Administración directa,Finalizado,1/06/2022 00:00:00,45597.30,CHONTABAMBA,OXAPAMPA,PASCO
166218,0,0,"CONSTRUCCION DE VIAS DE ACCESO; EN EL(LA) PROYECCION E INTERSECCION DEL JR. LERCHER Y JR. LOS PINOS DISTRITO DE OXAPAMPA, PROVINCIA OXAPAMPA, DEPARTAMENTO PASCO",Administración directa,Finalizado,1/06/2022 00:00:00,365243.85,OXAPAMPA,OXAPAMPA,PASCO
165899,2383890,2383890,"CREACIÓN DE LA LÍNEA DE TRANSMISIÓN 60 kV OXAPAMPA A POZUZO Y SET 60/33/13.2 kV POZUZO, DISTRITO DE POZUZO PROVINCIA DE OXAPAMPA DEPARTAMENTO DE PASCO",Contrata,En Ejecución,7/06/2024 00:00:00,81738665.99,POZUZO,OXAPAMPA,PASCO
165813,2223552,215411,"SALDO DE OBRA - II ETAPA: MEJORAMIENTO DE LOS SERVICIOS EDUCATIVOS EN LA I.E. 34003 TUPAC AMARU DEL NIVEL INICIAL Y PRIMARIA DEL AA.HH. TUPAC AMARU SECTOR 2 DEL DISTRITO DE CHAUPIMARCA, PROVINCIA DE PASCO - PASCO",Contrata,Finalizado,22/09/2022 00:00:00,1741130.04,CHAUPIMARCA,PASCO,PASCO
165684,2250353,271097,"PRIMERA ETAPA DEL PROYECTO: MEJORAMIENTO DE LOS SERVICIOS EDUCATIVOS DE LA I.E. NUESTRA SEÑORA DEL CARMEN EN LA LOCALIDAD DE CHOROBAMBA, DISTRITO DE HUANCABAMBA, PROVINCIA DE OXAPAMPA, DEPARTAMENTO DE PASCO.",Contrata,En Ejecución,16/05/2023 00:00:00,11338858.36,HUANCABAMBA,OXAPAMPA,PASCO
165683,2207109,149728,"TRAMO I DE LA 2DA ETAPA DEL EXPEDIENTE TECNICO REFORMULADO DEL SALDO DE LA OBRA: CREACION DEL SISTEMA DE INTERCONEXION VIAL ENTRE LAS COMUNIDADES NATIVAS DE PUERTO LIBRE, PUERTO AMISTAD, SAN JORGE DE PACHITEA, 7 HERMANOS Y BAJO SAN LUIS DE CHINCHIHUANI, DISTRITO DE CONSTITUCION, PROVINCIA DE OXAPAMPA - PASCO",Contrata,Finalizado,27/09/2022 00:00:00,3824416.94,CONSTITUCION,OXAPAMPA,PASCO
165647,2469220,2469220,SERVICIOS DE CONSULTORIA PARA LA ELABORACION DEL EXPEDIENTE TECNICO DEL PROYECTO: MEJORAMIENTO DEL SERVICIO DE EDUCACIÓN INTEGRADO N 34340 MIGUEL EL GRAN PRINCIPE DE LA CC.NN. BOCA SAMAYA DEL DISTRITO DE PUERTO BERMUDEZ - PROVINCIA DE OXAPAMPA - DEPARTAMENTO DE PASCO,Contrata,Sin Ejecución,"","",PUERTO BERMUDEZ,OXAPAMPA,PASCO
165608,2310902,348311,CREACION DEL PARQUE INFANTIL EN EL CENTRO POBLADO DE QUIULACOCHA DEL DISTRITO DE SIMON BOLIVAR - PROVINCIA DE PASCO - DEPARTAMENTO DE PASCO,Contrata,Finalizado,1/09/2022 00:00:00,865263.09,SIMON BOLIVAR,PASCO,PASCO
165604,2173360,226008,MEJORAMIENTO DE LA CARRETERA TRAMO GOLLAR - SANTA ANA DE TUSI DISTRITO DE SANTA ANA DE TUSI - PROVINCIA DE DANIEL CARRION - REGION PASCO,Administración directa,Finalizado,8/07/2021 00:00:00,5425639.41,SANTA ANA DE TUSI,PASCO,PASCO
165524,2517861,2517861,CREACION DE VIA VECINAL CHIPI CHIPI - MILPO-RANRACANCHA EN LA LOCALIDAD DE HUACHON DEL DISTRITO DE HUACHON - PROVINCIA DE PASCO - DEPARTAMENTO DE PASCO - ETAPA II,Administración directa,Sin Ejecución,"",708547.83,HUACHON,PASCO,PASCO
165495,2338354,377253,"CREACION DE SISTEMA DE RIEGO EN EL ANEXO DE SHAURIN, DISTRITO DE SAN FRANCISCO DE ASIS DE YARUSYACAN - PASCO - PASCO",Contrata,Sin Ejecución,"",750724.14,SAN FRANCISCO DE ASIS DE YARUSYACAN,PASCO,PASCO
165415,2550130,2550130,MEJORAMIENTO Y AMPLIACION DEL SISTEMA DE AGUA POTABLE EN EL SECTOR DE SHUYOCOCHA DEL DISTRITO DE HUANCABAMBA - PROVINCIA DE OXAPAMPA - DEPARTAMENTO DE PASCO,Administración directa,Finalizado,3/08/2022 00:00:00,234197.49,HUANCABAMBA,OXAPAMPA,PASCO
165414,2549204,2549204,MEJORAMIENTO Y AMPLIACION DE LOSA DEPORTIVA Y TECHADO EN EL SECTOR LA COLMENA SANTA ROSA-GRAPAWAZU DEL DISTRITO DE HUANCABAMBA - PROVINCIA DE OXAPAMPA - DEPARTAMENTO DE PASCO,Administración directa,Finalizado,7/07/2022 00:00:00,353283.37,HUANCABAMBA,OXAPAMPA,PASCO
165413,2547150,2547150,CREACION DEL SERVICIO DE TRANSITABILIDAD (PUENTE CARROZABLE) EN LA LOCALIDAD DE ALTO TUNQUI DEL DISTRITO DE HUANCABAMBA - PROVINCIA DE OXAPAMPA - DEPARTAMENTO DE PASCO,Administración directa,Finalizado,15/07/2022 00:00:00,258903.24,HUANCABAMBA,OXAPAMPA,PASCO
165069,2412243,2412243,"MEJORAMIENTO Y AMPLIACION DE LOS SERVICIOS DE AGUA POTABLE, ALCANTARILLADO Y PTAR EN LA COMUNIDAD CAMPESINA DE SAN PEDRO DE RACCO DEL DISTRITO DE SIMON BOLIVAR - PROVINCIA DE PASCO - DEPARTAMENTO DE PASCO",Contrata,Finalizado,7/10/2022 00:00:00,4212512.40,SIMON BOLIVAR,PASCO,PASCO
164752,2155913,194766,"MEJORAMIENTO DE VIAS CON PISTAS, VEREDAS, GRADERIAS EN CALLES, JIRONES Y PASAJES . DEL AA. HH ULIACHIN - SECTOR 4, DISTRITO DE CHAUPIMARCA, PROVINCIA DE PASCO - PASCO. COMPONENTE II:""MEJORAMIENTO DE VIAS CON PISTAS,VEREDAS,GRADERIAS,EN LOS PSJES. JUNIN Y CALLE TRANSVERSAL JUNIN, 8 DE OCTUBRE Y COLON Y EL JR. DANIEL ALCIDES CARRION DEL AA.HH. ULIACHIN SECTOR 4""",Contrata,Finalizado,6/09/2022 00:00:00,826455.03,CHAUPIMARCA,DANIEL ALCIDES CARRION,PASCO
164520,2534213,2534213,"CREACION DEL SISTEMA DE AGUA POTABLE Y DISPOSICION DE EXCRETAS DE LA CC.NN. DE CENTRO CONAZ, DEL CENTRO POBLADO DE 7 DE JUNIO (VILLA AMERICA) DEL DISTRITO DE PALCAZU - PROVINCIA DE OXAPAMPA - DEPARTAMENTO DE PASCO",Contrata,Sin Ejecución,"",1081135.32,PALCAZU,OXAPAMPA,PASCO
164519,2531095,2531095,AMPLIACION DEL SISTEMA DE DESAGUE EN EL ANEXO DE BATANCHACA DEL DISTRITO DE SAN FRANCISCO DE ASIS DE YARUSYACAN - PROVINCIA DE PASCO - DEPARTAMENTO DE PASCO,Contrata,Sin Ejecución,"",253432.93,SAN FRANCISCO DE ASIS DE YARUSYACAN,PASCO,PASCO
164068,2538196,2538196,MEJORAMIENTO Y AMPLIACIÓN DEL SISTEMA DE ELECTRIFICACION RURAL CONVENCIONAL - CHAUPIHUARANGA VI ETAPA - 7 DISTRITOS DE LA PROVINCIA DE DANIEL ALCIDES CARRION - DEPARTAMENTO DE PASCO,Contrata,Sin Ejecución,"","",,DANIEL ALCIDES CARRION,PASCO
163638,2506106,2506106,"MEJORAMIENTO DEL SERVICIO DE MOVILIDAD URBANA EN LA CALLES, JIRONES Y PASAJES DEL ASENTAMIENTO HUMANO DE ULIACHIN - SECTOR 5 DEL DISTRITO DE CHAUPIMARCA - PROVINCIA DE PASCO - DEPARTAMENTO DE PASCO",Contrata,Sin Ejecución,"","",CHAUPIMARCA,PASCO,PASCO
163449,2545436,2545436,"MEJORAMIENTO DEL SERVICIO DE LIMPIEZA PUBLICA, INSTALACION DEL RELLENO SANITARIO Y PROGRAMA DE EDUCACION SANITARIA EN LA LOCALIDAD DE MAYRO DEL DISTRITO DE PALCAZU - PROVINCIA DE OXAPAMPA - DEPARTAMENTO DE PASCO",Contrata,Finalizado,23/08/2022 00:00:00,876956.90,PALCAZU,OXAPAMPA,PASCO
162790,2537907,2537907,MEJORAMIENTO Y AMPLIACION DE LOS SERVICIOS DE AGUA POTABLE Y SANEAMIENTO DEL CENTRO POBLADO SACRAFAMILIA DEL DISTRITO DE SIMON BOLIVAR - PROVINCIA DE PASCO - DEPARTAMENTO DE PASCO.,Contrata,Sin Ejecución,"",7572252.40,SIMON BOLIVAR,PASCO,PASCO
162590,2524500,2524500,MEJORAMIENTO DEL SERVICIO INTEGRADO DEL LOCAL DE USOS MULTIPLES EN EL CENTRO POBLADO DE QUILLAZU (PROGRESO) DEL DISTRITO DE OXAPAMPA - PROVINCIA DE OXAPAMPA - DEPARTAMENTO DE PASCO,Contrata,Finalizado,18/08/2022 00:00:00,765587.56,OXAPAMPA,OXAPAMPA,PASCO
162588,2522682,2522682,"CREACION DE LOS SERVICIOS DE TRANSITABILIDAD VEHICULAR Y PEATONAL DE LAS CALLES: CALLE S/N, PASAJE ALEMANIA, CALLE WALPURGA, CALLE PRUSIA, CALLE PEDRO CUCULIZA, CALLE AMIGOS DE POZUZO, CALLE JUAN PABLO, CALLE CARLOS DELGADO, DISTRITO DE POZUZO - PROVINCIA DE OXAPAMPA - DEPARTAMENTO DE PASCO",Contrata,Finalizado,18/10/2022 00:00:00,2312795.04,POZUZO,OXAPAMPA,PASCO
162587,2117808,156769,"SALDO DE OBRA: AMPLIACION DE INFRAESTRUCTURA Y MEJORA DE LA CAPACIDAD RESOLUTIVA DE LOS SERVICIOS DE SALUD DEL PUESTO DE SALUD DEL CENTRO POBLADO DE HUAYO, DISTRITO DE SANTA ANA DE TUSI - DANIEL ALCIDES CARRION - PASCO",Contrata,Finalizado,3/08/2022 00:00:00,548635.25,SANTA ANA DE TUSI,DANIEL ALCIDES CARRION,PASCO
162586,2232331,234171,MEJORAMIENTO Y AMPLIACIÓN DE LA CAPACIDAD RESOLUTIVA DE LOS ESTABLECIMIENTOS DE SALUD DE LA MICRO RED POZUZO DISTRITO DE POZUZO - PROVINCIA DE OXAPAMPA - DEPARTAMENTO DE PASCO,Contrata,En Ejecución,8/09/2022 00:00:00,15666536.65,POZUZO,OXAPAMPA,PASCO
162584,2402738,2402738,CREACION DEL SERVICIO DE TRANSITABILIDAD URBANA DE PALLANCHACRA DISTRITO DE PALLANCHACRA - PROVINCIA DE PASCO - REGIÓN PASCO,Contrata,Finalizado,8/08/2022 00:00:00,1894138.29,PALLANCHACRA,PASCO,PASCO
162583,2165922,238287,"INSTALACION DE LOS SERVICIOS DE PROTECCION EN LOS RESTOS ARQUEOLOGICOS DE YARUSHPAMPA DEL CENTRO POBLADO DE ASTOBAMBA, DISTRITO DE YANAHUANCA, PROVINCIA DE DANIEL CARRION, REGION PASCO.",Contrata,Finalizado,27/10/2022 00:00:00,4370070.21,YANAHUANCA,PASCO,PASCO
162582,0,0,"CONSTRUCCION DE PUENTES; EN DIEZ CARRETERAS VECINALES DE LOS DISRITOS DE VILCABAMBA, SANTA ANA DE TUSI, YANAHUANCA, TAPUC Y DEL DISTRITO DE SAN PEDRO DE PILLAO, PROVINCIA DANIEL ALCIDES CARRION, DEPATAMENTO DE PASCO",Contrata,Sin Ejecución,"","",VILCABAMBA,DANIEL ALCIDES CARRION,PASCO
162581,2030472,4742,"SALDO DE OBRA: CONSTRUCCION Y MEJORAMIENTO DE LA CARRETERA HUACHÓN - HUANCABAMBA, CONSTRUCCION DE LA CARRETERA TUNEL JANCA PUNTA (18 540) HASTA EL SECTOR DE LA RINCONADA PUENTE USHUN KM 51 232.50 META 32.69 KM. Y MEJORAMIENTO DE LA CARRETERA SECTOR RINCONADA PUENTE USHUN KM 51 232.50 -HUALLAMAYO (KM 57 232.80) META 6KM HUACHON HUANCABAMBA.",Contrata,En Ejecución,1/09/2022 00:00:00,19039535.29,HUANCABAMBA,PASCO,PASCO
162580,2484708,2484708,I ETAPA: MEJORAMIENTO Y AMPLIACION DE LA TRANSITABILIDAD VEHICULAR PEATONAL EN EL CENTRO POBLADO DE SAN AGUSTIN DE HUAYCHAO DEL DISTRITO DE HUAYLLAY - PROVINCIA DE PASCO - DEPARTAMENTO DE PASCO.,Contrata,En Ejecución,5/10/2022 00:00:00,6750107.83,HUAYLLAY,PASCO,PASCO
162579,2474071,2474071,"CREACION DE PISTAS, VEREDAS EN EL JR. LIMA CDRAS 06, 07, 08, 09, 10, 11, 12, 13, 14, JR. DANIEL CARRIÓN CDRA 02, DISTRITO DE VICCO - PROVINCIA DE PASCO - DEPARTAMENTO DE PASCO.",Contrata,En Ejecución,15/11/2022 00:00:00,3166049.28,VICCO,PASCO,PASCO
162559,2412246,2412246,"MEJORAMIENTO Y AMPLIACION DE LOS SERVICIOS DE AGUA POTABLE, ALCANTARILLADO Y PTAR EN LA COMUNIDAD CAMPESINA DE SANTA ANA DE PACOYAN DEL DISTRITO DE SIMON BOLIVAR - PROVINCIA DE PASCO - DEPARTAMENTO DE PASCO",Contrata,Sin Ejecución,"","",SIMON BOLIVAR,PASCO,PASCO
162558,2494218,2494218,MEJORAMIENTO Y AMPLIACION DE LOS SERVICIOS DE AGUA POTABLE Y SANEAMIENTO EN LA COMUNIDAD CAMPESINA DE QUIULACOCHA DEL DISTRITO DE SIMON BOLIVAR - PROVINCIA DE PASCO - DEPARTAMENTO DE PASCO,Contrata,Sin Ejecución,"","",SIMON BOLIVAR,PASCO,PASCO
162548,2314642,352209,"I ETAPA: MEJORAMIENTO DE LOS SERVICIOS DE TRANSITABILIDAD EN LAS VÍAS URBANAS DEL CENTRO POBLADO DE ACOBAMBA-SECTOR 1, DISTRITO DE HUARIACA - PASCO - PASCO",Contrata,Finalizado,21/09/2022 00:00:00,2064540.41,HUARIACA,PASCO,PASCO
162542,2217858,231485,"CONSTRUCCION DE PISTAS Y VEREDAS EN LA CALLE PRINCIPAL DE LA LOCALIDAD DE PUMACAYAN, DISTRITO DE SAN FRANCISCO DE ASIS DE YARUSYACAN - PASCO - PASCO",Contrata,Finalizado,26/09/2022 00:00:00,2234292.47,SAN FRANCISCO DE ASIS DE YARUSYACAN,PASCO,PASCO
162451,2451532,2451532,"CREACION DEL CENTRO DE ACOPIO, TRANSFORMACIÓN Y COMERCIALIZACIÓN DE CACAO, DISTRITO DE CONSTITUCION - PROVINCIA DE OXAPAMPA - DEPARTAMENTO DE PASCO. PRIMERA ETAPA.",Contrata,Finalizado,15/08/2022 00:00:00,2200404.22,CONSTITUCION,OXAPAMPA,PASCO
162450,2498115,2498115,"CREACION DE LOS PUENTES COLGANTES PEATONALES EN TURPASH, UCHUCMISCA, KISMARAN, HUARTUPE, HUARUSH Y SHIRICUCHO DEL DISTRITO DE PAUCAR - PROVINCIA DE DANIEL ALCIDES CARRION - DEPARTAMENTO DE PASCO",Contrata,Finalizado,13/10/2022 00:00:00,2133660.54,PAUCAR,DANIEL ALCIDES CARRION,PASCO
162230,2331400,370739,"MEJORAMIENTO DE LOS SERVICIOS DE TRANSITABILIDAD VEHICULAR RURAL EN EL ANEXO DE SANTA ELENA, DEL C.P. PUENTE PAUCARTAMBO, DISTRITO DE VILLA RICA - OXAPAMPA - PASCO",Administración directa,Finalizado,15/09/2022 00:00:00,119671.92,VILLA RICA,OXAPAMPA,PASCO
161903,2526038,2526038,MEJORAMIENTO DE LA CARRETERA EN EL TRAMO PA-631 (BARRIO SANTO DOMINGO) - TSACHOPEN - GRAMAZU DISTRITO DE CHONTABAMBA - PROVINCIA DE OXAPAMPA - DEPARTAMENTO DE PASCO,Contrata,Sin Ejecución,"","",CHONTABAMBA,OXAPAMPA,PASCO
161874,2534767,2534767,"CONSTRUCCION DE VIAS DE ACCESO; EN EL(LA) LOS ALREDEDORES DEL ESTADIO CHUPACA EN LA LOCALIDAD CHUPACA, DISTRITO DE PAUCARTAMBO, PROVINCIA PASCO, DEPARTAMENTO PASCO",Administración directa,Finalizado,6/12/2021 00:00:00,109365.12,PAUCARTAMBO,PASCO,PASCO
161873,2534770,2534770,"CONSTRUCCION DE VIAS DE ACCESO; EN EL(LA) AL PUENTE LIRIOPAMPA, DEL CAMINO VECINAL TRAMO LIRIOPAMPA - RANYAC EN LA LOCALIDAD LIRIO PAMPA, DISTRITO DE PAUCARTAMBO, PROVINCIA PASCO, DEPARTAMENTO PASCO",Administración directa,Finalizado,6/12/2021 00:00:00,58404.91,PAUCARTAMBO,PASCO,PASCO
161855,2534766,2534766,"CONSTRUCCION DE VIAS DE ACCESO; EN EL(LA) CALLE LOS EUCALIPTOS DEL BARRIO LOS GUINDALES EN LA LOCALIDAD PAUCARTAMBO, DISTRITO DE PAUCARTAMBO, PROVINCIA PASCO, DEPARTAMENTO PASCO",Administración directa,Finalizado,3/12/2021 00:00:00,81890.41,PAUCARTAMBO,PASCO,PASCO
161758,2508313,2508313,"REPARACION DE CAMINO PEATONAL; EN EL(LA) CAMINO DE HERRADURA YARUSYACAN-BATANCHACA, YANATAMBON-PECHGAPUQUIO Y COCHACHARAO-HUANCAMACHAY DISTRITO DE SAN FRANCISCO DE ASIS DE YARUSYACAN, PROVINCIA PASCO, DEPARTAMENTO PASCO TRAMO III COCHACHARAO - HUANCAMACHAY",Administración directa,Finalizado,1/09/2021 00:00:00,93747.56,SAN FRANCISCO DE ASIS DE YARUSYACAN,PASCO,PASCO
161757,2508313,2508313,"REPARACION DE CAMINO PEATONAL; EN EL(LA) CAMINO DE HERRADURA YARUSYACAN-BATANCHACA, YANATAMBON-PECHGAPUQUIO Y COCHACHARAO-HUANCAMACHAY DISTRITO DE SAN FRANCISCO DE ASIS DE YARUSYACAN, PROVINCIA PASCO, DEPARTAMENTO PASCO TRAMO II YANATAMBON - PECHGAPUQUIO",Administración directa,Finalizado,16/08/2021 00:00:00,89893.07,SAN FRANCISCO DE ASIS DE YARUSYACAN,PASCO,PASCO
161373,2505773,2505773,MEJORAMIENTO DE LA CRIANZA DE GANADO VACUNO EN LA LOCALIDAD DE PAUGIL DEL DISTRITO DE PUERTO BERMUDEZ - PROVINCIA DE OXAPAMPA - DEPARTAMENTO DE PASCO,Administración directa,Finalizado,17/02/2022 00:00:00,143652,PUERTO BERMUDEZ,OXAPAMPA,PASCO
161336,2508563,2508563,MEJORAMIENTO DE CAMPO DEPORTIVO CON GRASS SINTÉTICO EN EL BARRIO VISTA ALEGRE DEL DISTRITO DE HUARIACA - PROVINCIA DE PASCO - DEPARTAMENTO DE PASCO,Contrata,En Ejecución,18/07/2022 00:00:00,783913.32,HUARIACA,PASCO,PASCO
161204,2318939,355924,"CREACION DEL PUENTE CARROZABLE BOA EN EL CAMINO VECINAL VIA PICHIS PROGRESIVA 14 780 EN LA LOCALIDAD DE SAN FAUSTO, DISTRITO DE PUERTO BERMUDEZ - OXAPAMPA - PASCO",Contrata,Finalizado,25/07/2022 00:00:00,3132611.73,PUERTO BERMUDEZ,OXAPAMPA,PASCO
161172,2487923,2487923,MEJORAMIENTO Y AMPLIACION DEL SERVICIO HIGIÉNICO MUNICIPAL HUAMACHUCO DEL DISTRITO DE CHAUPIMARCA - PROVINCIA DE PASCO - DEPARTAMENTO DE PASCO,Contrata,Finalizado,24/10/2023 00:00:00,433030.46,CHAUPIMARCA,PASCO,PASCO
161081,2525864,2525864,MEJORAMIENTO DE CAMPO DEPORTIVO CON GRASS SINTÉTICO EN EL BARRIO DE LAS LOMAS DE QUIURACHACAN DEL DISTRITO DE HUARIACA - PROVINCIA DE PASCO - DEPARTAMENTO DE PASCO,Contrata,En Ejecución,15/06/2022 00:00:00,620945.51,HUARIACA,PASCO,PASCO
161017,2498285,2498285,"REMODELACION DE AMBIENTE DE RECREACION ACTIVA; EN EL(LA) PARQUE MINERO DISTRITO DE CHAUPIMARCA, PROVINCIA PASCO, DEPARTAMENTO PASCO",Contrata,Finalizado,27/05/2022 00:00:00,1392610.97,CHAUPIMARCA,PASCO,PASCO
160754,2538851,2538851,CREACION DEL SERVICIO DE TRANSITABILIDAD DEL PUENTE POZUZO EN EL SECTOR DE OSOMAYO DEL DISTRITO DE POZUZO - PROVINCIA DE OXAPAMPA - DEPARTAMENTO DE PASCO,Administración directa,Sin Ejecución,"",2915831.71,POZUZO,OXAPAMPA,PASCO
160753,0,0,"RENOVACION DE VIAS DE ACCESO; EN EL(LA) DE LAS VIAS URBANAS: PROLONGACION BELGRADO - JIRONES ALBENGRIN, MAININGER, LIMA, TSACHOPEN, KENNEDY, MULLER, FIECK, INDEPENDENCIA Y PASAJES ASHANINKA, LOS GERANIOS, LOS CLAVELES, LOS LAURELES, SAAVEDRA, TRAVI, Y ALEJANDRO CALDERON DEL DISTRITO DE OXAPAMPA, PROVINCIA OXAPAMPA, DEPARTAMENTO PASCO",Administración directa,Finalizado,4/03/2022 00:00:00,85136.80,OXAPAMPA,OXAPAMPA,PASCO
160751,2522959,2522959,AMPLIACION DE CREACION DEL CAMINO DE HERRADURA TRAMO I (PANTEON - TUCUAIN - SHAUSHA ARRIBA) TRAMO II (APARA - SHAUSHA ABAJO) DE LA LOCALIDAD DE TAPUC DEL DISTRITO DE TAPUC - PROVINCIA DE DANIEL ALCIDES CARRION - DEPARTAMENTO DE PASCO,Administración directa,Finalizado,11/04/2022 00:00:00,100000,TAPUC,DANIEL ALCIDES CARRION,PASCO
160750,2469303,2469303,MEJORAMIENTO Y AMPLIACION DE CAMINO VECINAL DESDE LA LOCALIDAD DE MICHIVILCA AL CENTRO POBLADO DE CHAUPIMARCA (CHAUPIMARCA) DEL DISTRITO DE TAPUC - PROVINCIA DE DANIEL ALCIDES CARRION - DEPARTAMENTO DE PASCO,Contrata,Sin Ejecución,"","",TAPUC,DANIEL ALCIDES CARRION,PASCO
160749,2442646,2442646,"CREACION DE PISTAS, VEREDAS Y ESCALINATAS EN EL BARRIO CALLAO Y HUAYLAS DE LA LOCALIDAD DE TAPUC DISTRITO DE TAPUC - PROVINCIA DE DANIEL ALCIDES CARRION - DEPARTAMENTO DE PASCO",Contrata,Sin Ejecución,"",962406.78,TAPUC,DANIEL ALCIDES CARRION,PASCO
160746,2531715,2531715,"REPARACION DE SISTEMA DE ABASTECIMIENTO DE AGUA POTABLE; EN EL(LA) LOCALIDAD DE VICCO Y EL CENTRO POBLADO DE SHELBY, DISTRITO DE VICCO, PROVINCIA PASCO, DEPARTAMENTO PASCO",Administración directa,Finalizado,1/03/2022 00:00:00,145129.92,VICCO,PASCO,PASCO
160745,2537843,2537843,"REPARACION DE INFRAESTRUCTURA DEPORTIVA Y ; CONSTRUCCION DE MURO DE CONTENCION; EN EL(LA) COLISEO CERRADO DE LA LOCALIDAD DE COLQUIJIRCA, DISTRITO DE TINYAHUARCO, PROVINCIA PASCO, DEPARTAMENTO PASCO",Contrata,Finalizado,24/03/2022 00:00:00,199676.30,TINYAHUARCO,PASCO,PASCO
160744,2523341,2523341,"CONSTRUCCION DE CERCO PERIMETRICO; REPARACION DE CAPILLA Y VIAS DE ACCESO; EN EL(LA) CEMENTERIO GENERAL EN LA LOCALIDAD POAGMARAY, DISTRITO DE HUACHON, PROVINCIA PASCO, DEPARTAMENTO PASCO",Administración directa,Finalizado,24/05/2022 00:00:00,156786.28,HUACHON,PASCO,PASCO
160743,2440523,2440523,MEJORAMIENTO DE VIAS DE ACCESO DE LA LOCALIDAD DE PAMPA INCA A LA INSTITUCION EDUCATIVA PRIMARIA PAMPA INCA Y AL CENTRO DE PRODUCCION UCHUHUERTA BAJO EN EL CENTRO POBLADO DE POAGMARAY DEL DISTRITO DE HUACHON - PROVINCIA DE PASCO - DEPARTAMENTO DE PASCO,Administración directa,Finalizado,21/03/2022 00:00:00,117844.95,HUACHON,PASCO,PASCO
160034,2542129,2542129,"MEJORAMIENTO Y FORTALECIMIENTO DE LA CAPACIDAD AGRÍCOLA DE LA COMUNIDAD CAMPESINA SAN JUAN BAUTISTA (CASERÍOS Y BARRIOS), DEL DISTRITO DE HUARIACA - PROVINCIA DE P ASCO - DEPARTAMENTO DE PASCO",Contrata,Finalizado,4/07/2022 00:00:00,381929.42,HUARIACA,PASCO,PASCO
159998,2525795,2525795,"CONTRUCCIÓN DE MURO DE CONTENCIÓN; EN EL (LA) BARRIO NUEVA CAJAMARQUILLA EN EL CENTRO POBLADO DE CAJAMARQUILLA, DISTRITO DE YANACANCHA, PROVINCIA PASCO, DEPARTAMENTO PASCO",Contrata,Finalizado,23/11/2021 00:00:00,35006.36,YANACANCHA,PASCO,PASCO
159559,2522143,2522143,"MEJORAMIENTO DEL SERVICIO EDUCATIVO MEDIANTE LA IMPLEMENTACION Y EQUIPAMIENTO DE LAS INSTITUCIONES PUBLICAS DEL AMBITO DE INFLUENCIA DISTRITAL, DISTRITO DE VICCO - PROVINCIA DE PASCO - DEPARTAMENTO DE PASCO",Contrata,Finalizado,10/11/2021 00:00:00,146234.68,VICCO,PASCO,PASCO
159558,2534403,2534403,CREACION DEL SERVICIO DE GENERACION ELECTRICA NO CONVENCIONAL CON PANELES SOLARES EN EL CASERIO DE CULEBRAMARCA DEL CENTRO POBLADO DE LUCMA DEL DISTRITO DE HUACHON - PROVINCIA DE PASCO - DEPARTAMENTO DE PASCO,Administración directa,En Ejecución,10/03/2022 00:00:00,59945.31,HUACHON,PASCO,PASCO
159276,2526742,2526742,"CONSTRUCCIÓN DE GRADERIAS Y BARANDAS EN LA AV. LUIS AGUILAR INTERSECCIÓN CALLE PACHACUTEC, SECTOR 4 AA. HH. COLUMNA PASCO, DISTRITO DE YANACANCHA, PROVINCIA DE PASCO, DEPARTAMENTO DE PASCO",Contrata,Finalizado,23/11/2021 00:00:00,35177.91,YANACANCHA,PASCO,PASCO
159266,2498986,2498986,MEJORAMIENTO Y AMPLIACION DEL SERVICIO DE MOVILIDAD URBANA EN LA INTERCONEXION VIAL DE LA AV. EL MINERO - JR. HUANCAVELICA CENTRO POBLADO DE PARAGSHA DEL DISTRITO DE SIMON BOLIVAR - PROVINCIA DE PASCO - DEPARTAMENTO DE PASCO,Contrata,Sin Ejecución,"",651612.02,SIMON BOLIVAR,PASCO,PASCO
159171,2535618,2535618,AMPLIACION DE LA INFRAESTRUCTUA DEPORTIVA CON GRASS SINTETICO EN EL ANEXO DE SALCACHUPAN DEL DISTRITO DE PALLANCHACRA - PROVINCIA DE PASCO - DEPARTAMENTO DE PASCO,Contrata,Finalizado,13/07/2022 00:00:00,275449.76,PALLANCHACRA,PASCO,PASCO
159169,2535658,2535658,MEJORAMIENTO DE CAPACIDADES PRODUCTIVAS DE LOS GANADEROS DE LA LOCALIDAD DE CHUNQUIPATA DEL DISTRITO DE PALLANCHACRA - PROVINCIA DE PASCO - DEPARTAMENTO DE PASCO,Contrata,Finalizado,14/07/2022 00:00:00,245615.86,PALLANCHACRA,PASCO,PASCO
159062,2245434,297459,"SALDO DE OBRA ""MEJORAMIENTO Y AMPLIACION DE LA OFERTA DE SERVICIOS EDUCATIVOS DE LA I.E. 7 DE JUNIO DEL CENTRO POBLADO DE VILLA AMERICA, DISTRITO DE PALCAZU - OXAPAMPA - PASCO""",Contrata,Finalizado,14/09/2021 00:00:00,868911.46,PALCAZU,OXAPAMPA,PASCO
159060,2508766,2508766,MEJORAMIENTO DEL CAMPO DEPORTIVO CON GRASS SINTÉTICO EN EL BARRIO TRES DE OCTUBRE DEL DISTRITO DE HUARIACA - PROVINCIA DE PASCO - DEPARTAMENTO DE PASCO,Contrata,Finalizado,16/06/2022 00:00:00,681764.54,HUARIACA,PASCO,PASCO
158901,2202170,294836,"AMPLIACION Y MEJORAMIENTO DEL SERVICIO DE AGUA POTABLE E INSTALACION DEL SISTEMA DE SANEAMIENTO BASICO DE LA LOCALIDAD DE SANTA ROSA DE UCRO , DISTRITO DE SANTA ANA DE TUSI - PROVINCIA DE DANIEL ALCIDES CARRION - PASCO",Por núcleo ejecutor,Finalizado,2/03/2022 00:00:00,1183513.51,SANTA ANA DE TUSI,DANIEL ALCIDES CARRION,PASCO
158879,2260178,298073,"MEJORAMIENTO Y AMPLIACION DEL SERVICIO DE AGUA POTABLE Y SANEAMIENTO BASICO EN LA COMUNIDAD NATIVA MIRITIRIANI , DISTRITO DE PUERTO BERMUDEZ - OXAPAMPA - PASCO",Por núcleo ejecutor,Finalizado,18/09/2019 00:00:00,1571947.12,PUERTO BERMUDEZ,OXAPAMPA,PASCO
158616,2457631,2457631,MEJORAMIENTO Y AMPLIACION DEL SERVICIO DE SEGURIDAD CIUDADANA EN EL DISTRITO DE CONSTITUCION - PROVINCIA DE OXAPAMPA - DEPARTAMENTO DE PASCO,Obras por impuestos,Finalizado,27/07/2021 00:00:00,5824310.97,CONSTITUCION,OXAPAMPA,PASCO
158516,2538568,2538568,MEJORAMIENTO DEL SISTEMA DE AGUA POTABLE Y DISPOSICION DE EXCRETAS EN EL SECTOR DE ESMERALDA DEL DISTRITO DE PALCAZU - PROVINCIA DE OXAPAMPA - DEPARTAMENTO DE PASCO,Contrata,Sin Ejecución,"",1381071.67,PALCAZU,OXAPAMPA,PASCO
158514,2501847,2501847,MEJORAMIENTO DEL SERVICIO DE GESTION COMUNITARIO EN EL ANEXO BATANCHACA DEL DISTRITO DE SAN FRANCISCO DE ASIS DE YARUSYACAN - PROVINCIA DE PASCO - DEPARTAMENTO DE PASCO,Administración directa,Finalizado,10/01/2022 00:00:00,290579.54,SAN FRANCISCO DE ASIS DE YARUSYACAN,PASCO,PASCO
158513,2517861,2517861,CREACION DE VIA VECINAL CHIPI CHIPI - MILPO-RANRACANCHA EN LA LOCALIDAD DE HUACHON DEL DISTRITO DE HUACHON - PROVINCIA DE PASCO - DEPARTAMENTO DE PASCO,Administración directa,En Ejecución,22/12/2021 00:00:00,274960.08,HUACHON,PASCO,PASCO
157569,2504376,2504376,CREACION DE LOCAL COMUNAL MULTIUSOS EN EL CENTRO POBLADO DE SOCORRO DEL DISTRITO DE NINACACA - PROVINCIA DE PASCO - DEPARTAMENTO DE PASCO,Administración directa,Finalizado,11/10/2022 00:00:00,"",NINACACA,PASCO,PASCO
157486,2514157,2514157,"ADQUISICION DE JUEGOS INFANTILES E INCLUSIVOS; EN EL(LA) PARQUE INFANTIL DEL BARRIO SAN CRISTOBAL DEL DISTRITO DE HUAYLLAY, PROVINCIA PASCO, DEPARTAMENTO PASCO",Administración directa,Sin Ejecución,"","",HUAYLLAY,PASCO,PASCO
157484,2480278,2480278,"ADQUISICION DE EQUIPO DE AULA DE EDUCACION SECUNDARIA; EN EL(LA) IE HUAYLLAY - HUAYLLAY DISTRITO DE HUAYLLAY, PROVINCIA PASCO, DEPARTAMENTO PASCO",Contrata,Finalizado,22/03/2021 00:00:00,251436.28,HUAYLLAY,PASCO,PASCO
157481,2468774,2468774,MEJORAMIENTO Y AMPLIACION DE ELECTRIFICACION SECTOR 9 - PARTE BAJA DEL CENTRO POBLADO LOS ANDES DE PUCARA DEL DISTRITO DE HUAYLLAY - PROVINCIA DE PASCO - DEPARTAMENTO DE PASCO,Administración directa,Sin Ejecución,"",3079201.57,HUAYLLAY,PASCO,PASCO
157480,2463120,2463120,"MEJORAMIENTO DE GRADERIAS, MUROS DE CONTENCION, ACCESO PEATONAL Y TRATAMIENTO PAISAJISTICO DEL PASAJE HUANCAYO DEL BARRIO SAN CRISTOBAL DEL DISTRITO DE HUAYLLAY - PROVINCIA DE PASCO - DEPARTAMENTO DE PASCO",Contrata,Finalizado,1/03/2023 00:00:00,626164.94,HUAYLLAY,PASCO,PASCO
157477,2441219,2441219,MEJORAMIENTO PRODUCTIVO DEL GANADO VACUNO LECHERO EN EL CASERIO DE PALCAN DEL DISTRITO DE HUAYLLAY - PROVINCIA DE PASCO - DEPARTAMENTO DE PASCO,Administración directa,Sin Ejecución,"",143578.60,HUAYLLAY,PASCO,PASCO
157370,2232425,224313,SALDO DE OBRA: MEJORAMIENTO Y REHABILITACIÓN DEL CAMINO VECINAL TRAMO LA CC.NN. CHINCHIHUAQUI - PLATANILLO SHIMAQUI DISTRITO DE PUERTO BERMUDEZ-PROVINCIA OXAPAMPA- DEPARTAMENTO PASCO,Administración directa,Finalizado,22/09/2022 00:00:00,2771633.44,PUERTO BERMUDEZ,OXAPAMPA,PASCO
157369,2548711,2548711,"RENOVACIÓN DE COBERTURA Y SALA DE USOS MÚLTIPLES; CONSTRUCCIÓN DE CERCO PERIMETRICO; EN EL(LA) IE 34212 - OXAPAMPA EN LA LOCALIDAD TAMBO MARÍA, DISTRITO DE OXAPAMPA, PROVINCIA OXAPAMPA, DEPARTAMENTO PASCO",Administración directa,Finalizado,6/10/2022 00:00:00,215710,OXAPAMPA,OXAPAMPA,PASCO
157368,2329166,365502,"MEJORAMIENTO DEL SERVICIO DE TRANSITABILIDAD VEHICULAR Y PEATONAL DE LA VÍA MALECÓN LA ESPERANZA, DISTRITO DE OXAPAMPA, PROVINCIA DE OXAPAMPA - PASCO",Administración directa,Finalizado,1/09/2022 00:00:00,5721441.35,OXAPAMPA,OXAPAMPA,PASCO
157367,2078078,73797,"SALDO DE OBRA DEL PROYECTO: CONSTRUCCION DEL CAMINO RURAL SAN LUIS SAN CRISTOBAL, DISTRITO DE POZUZO, PROVINCIA DE OXAPAMPA PASCO, REFORMULADO Y ACTUALIZADO ETAPA II",Administración directa,Finalizado,22/08/2022 00:00:00,3009591.14,POZUZO,OXAPAMPA,PASCO
157366,2358987,2358987,MEJORAMIENTO DE LOS SERVICIOS EDUCATIVOS DE LA IE INTEGRADA LIBERTADOR MARISCAL CASTILLA DE LA CIUDAD DE OXAPAMPA - DISTRITO DE OXAPAMPA - PROVINCIA DE OXAPAMPA - DEPARTAMENTO DE PASCO,Contrata,Sin Ejecución,"","",OXAPAMPA,OXAPAMPA,PASCO
157364,2130352,30969,"SALDO DE OBRA AMPLIACION Y MEJORAMIENTO DE LOS SERVICIOS DE AGUA POTABLE Y ALCANTARILLADO DE LAS ZONAS URBANAS DE SANTO DOMINGO, SAN CARLOS, SAN JOSE Y NUEVA BERNA Y CHURUMAZU, DISTRITO DE CHONTABAMBA-OXAPAMPA, REFORMULADO Y ACTUALIZADO I ETAPA PERIODO 2022",Administración directa,Finalizado,9/05/2022 00:00:00,2342178.62,CHONTABAMBA,OXAPAMPA,PASCO
157363,2250751,281535,"MEJORAMIENTO DE LA CARRETERA LOS ALPES - SANTA ETELVINA - SAN CRISIPIN - ALTO OYON - SAN JUAN, PUENTE ENTAZ Y PUENTE SAN JUAN DEL , DISTRITO DE VILLA RICA - OXAPAMPA - PASCO - ETAPA I",Administración directa,Finalizado,11/04/2022 00:00:00,2606832.34,VILLA RICA,OXAPAMPA,PASCO
157362,2342739,381462,"MEJORAMIENTO DE LA TRANSITABILIDAD PEATONAL Y VEHICULAR DEL JR. FRANSICO KOHEL GSTIR CUADRAS 1,2 Y 4, JR. PEDRO KOHEL CUADRA 01, JOSE MULLER RANDOLF CUADRAS 1 Y 2, JR ALFREDO WITTING CDRA 01 Y JR 1 DE NOVIEMBRE CDRA 01 DEL SECTOR DE MONTEFUNER Y ESPERANZA, DISTRITO DE POZUZO - OXAPAMPA - PASCO - ETAPA III",Administración directa,Finalizado,7/03/2022 00:00:00,756745.72,POZUZO,OXAPAMPA,PASCO
157268,2533530,2533530,MEJORAMIENTO DE LOS SERVICIOS TURISTICOS DE LA LAGUNA CHICHURRAQUINA DEL CENTRO POBLADO DE VILLA CORAZON DE JESUS DISTRITO DE SANTA ANA DE TUSI - PROVINCIA DE DANIEL ALCIDES CARRION - DEPARTAMENTO DE PASCO,Contrata,Finalizado,25/04/2022 00:00:00,1054744.39,SANTA ANA DE TUSI,DANIEL ALCIDES CARRION,PASCO
157246,2528889,2528889,"CREACION DEL LOCAL DE MULTIUSOS EN EL BARRIO SHISHE, DISTRITO DE SANTA ANA DE TUSI - PROVINCIA DE DANIEL ALCIDES CARRION - DEPARTAMENTO DE PASCO",Contrata,Finalizado,26/05/2022 00:00:00,359610.31,SANTA ANA DE TUSI,DANIEL ALCIDES CARRION,PASCO
157241,2534370,2534370,MEJORAMIENTO DEL ESTADIO MUNICIPAL CHORA DE MI VIDA DEL CENTRO POBLADO DE SANTA ROSA DE CHORA DEL DISTRITO DE SANTA ANA DE TUSI - PROVINCIA DE DANIEL ALCIDES CARRION - DEPARTAMENTO DE PASCO.,Contrata,Finalizado,4/12/2023 00:00:00,1333715.07,SANTA ANA DE TUSI,DANIEL ALCIDES CARRION,PASCO
157164,2454584,2454584,CREACION DE MÓDULOS DE PARARRAYOS EN LA COMUNIDAD CAMPESINA DE RACRACANCHA DEL DISTRITO DE TINYAHUARCO - PROVINCIA DE PASCO - DEPARTAMENTO DE PASCO,Contrata,Finalizado,23/03/2022 00:00:00,324663.19,TINYAHUARCO,PASCO,PASCO
157052,2537946,2537946,"CONSTRUCCION DE SERVICIOS HIGIENICOS Y/O VESTIDORES; EN EL(LA) IE 34622 LIBERTADOR MARISCAL CASTILLA - OXAPAMPA DISTRITO DE OXAPAMPA, PROVINCIA OXAPAMPA, DEPARTAMENTO PASCO",Administración directa,Finalizado,7/02/2022 00:00:00,78578,OXAPAMPA,OXAPAMPA,PASCO
157048,2540273,2540273,"CONSTRUCCION DE AULA Y EDIFICACION; ADQUISICION DE EQUIPAMIENTO DE AMBIENTES COMPLEMENTARIOS; EN EL(LA) IE ERNESTO VON MULLEMBRUCK - CHONTABAMBA , LOCALIDAD DE CHURUMAZÚ, DISTRITO DE CHONTABAMBA, PROVINCIA OXAPAMPA, DEPARTAMENTO PASCO",Administración directa,Finalizado,7/02/2022 00:00:00,908128.89,CHONTABAMBA,OXAPAMPA,PASCO
157030,2522495,2522495,CREACION DEL PARQUE TURISTICO LOS ANDES DE PUCARA DEL CENTRO POBLADO LOS ANDES DE PUCARA DEL DISTRITO DE HUAYLLAY - PROVINCIA DE PASCO - DEPARTAMENTO DE PASCO,Contrata,Finalizado,19/04/2022 00:00:00,1135319.17,HUAYLLAY,PASCO,PASCO
156669,2517727,2517727,MEJORAMIENTO Y AMPLIACION DE LOS SERVICIOS DE EDUCACION EN EL CENTRO EDUCATIVO DEL SECTOR SANTA ROSA DE CHUCHURRAS DEL DISTRITO DE PALCAZU - PROVINCIA DE OXAPAMPA - DEPARTAMENTO DE PASCO.,Contrata,Finalizado,22/03/2022 00:00:00,306333.72,PALCAZU,OXAPAMPA,PASCO
156636,2452751,2452751,CREACION DE TROCHA CARROZABLE CHALHUACOCHA PUCROCOCHA PATARAYOG DEL DISTRITO DE VILCABAMBA - PROVINCIA DE DANIEL ALCIDES CARRION - DEPARTAMENTO DE PASCO,Contrata,Sin Ejecución,"","",VILCABAMBA,DANIEL ALCIDES CARRION,PASCO
156635,2491191,2491191,"CREACION DEL LOCAL COMUNAL MULTIUSO NIÑOS, JÓVENES Y ADULTOS, SAN MIGUEL DE CUCHIS DEL DISTRITO DE VILCABAMBA - PROVINCIA DE DANIEL ALCIDES CARRION - DEPARTAMENTO DE PASCO",Contrata,Sin Ejecución,"","",VILCABAMBA,DANIEL ALCIDES CARRION,PASCO
156513,2503199,2503199,"CONSTRUCCION DE CAPTACION DE AGUA ; EN EL(LA) RECARGA HÍDRICA DEL DISTRITO DE PAUCARTAMBO - REGIÓN PASCO PARA LA UNIDAD PRODUCTORA SISTEMA DE IRRIGACIÓN PANGOA (ETAPA 2012-2013-2014), DISTRITO DE PANGOA, PROVINCIA SATIPO, DEPARTAMENTO JUNIN",Administración directa,Finalizado,30/09/2021 00:00:00,5530992.72,PAUCARTAMBO,PASCO,PASCO
156365,2487634,2487634,CREACION DEL PUENTE CORRIENTE DEL DIABLO Y ACCESOS EN EL RIO POZUZO EN EL TRAMO CONSTITUCION A ISCOZACIN L 150 M DEL DISTRITO DE PALCAZU PROVINCIA DE OXAPAMPA DEPARTAMENTO DE PASCO.,Contrata,Paralizada,23/05/2022 00:00:00,20155067.04,CONSTITUCION,OXAPAMPA,PASCO
156339,0,0,MEJORAMIENTO DE LA CARRETERA TRAMO GOYLLAR - SANTA ANA DE TUSI DEL DISTRITO DE SANTA ANA DE TUSI - PROVINCIA DE DANIEL ALCIDES CARRION - REGION PASCO,Administración directa,En Ejecución,8/07/2020 00:00:00,5425639.41,SANTA ANA DE TUSI,DANIEL ALCIDES CARRION,PASCO
156317,2503329,2503329,CREACION DE CAMPO DEPORTIVO A GRASS SINTÉTICO EN EL CASERÍO DE USCPACHACA DEL DISTRITO DE TAPUC - PROVINCIA DE DANIEL ALCIDES CARRION - DEPARTAMENTO DE PASCO,Contrata,Sin Ejecución,"",304407.06,TAPUC,DANIEL ALCIDES CARRION,PASCO
156275,2495181,2495181,MEJORAMIENTO DE LA CAPACIDAD RESOLUTIVA DEL PUESTO DE SALUD DE GRAPANAZU DEL DISTRITO DE HUANCABAMBA - PROVINCIA DE OXAPAMPA - DEPARTAMENTO DE PASCO,Contrata,Sin Ejecución,"","",HUANCABAMBA,OXAPAMPA,PASCO
156271,2494933,2494933,"MEJORAMIENTO DE PISTAS Y VEREDAS DE LAS CALLES, AV. LEONARDO YALICO, AV. JUAN VELAZCO ALVARADO, AV. BUENOS AIRES, AV. CILERIO BORONDA, AV. TEOFILO ZELADA, AV. ANTONIO ROSALES Y AV. ENRIQUE SUAREZ DEL CENTRO POBLADO DE LANTURACHI DEL DISTRITO DE HUANCABAMBA - PROVINCIA DE OXAPAMPA - DEPARTAMENTO DE PASCO",Contrata,Sin Ejecución,"","",HUANCABAMBA,OXAPAMPA,PASCO
156270,2495303,2495303,"MEJORAMIENTO DE PISTAS Y VEREDAS DE LAS CALLES JR. JOSE SALAZAR, JR. JUANA URETA, JR. JOSE CARLOS MARIATEGUI, JR, PEDRO ORTIZ Y JR. BERNARDO AYALA , DEL CENTRO POBLADO DE LANTURACHI DEL DISTRITO DE HUANCABAMBA - PROVINCIA DE OXAPAMPA - DEPARTAMENTO DE PASCO",Contrata,Sin Ejecución,"","",HUANCABAMBA,OXAPAMPA,PASCO
156268,2469191,2469191,"MEJORAMIENTO DE PISTAS Y VEREDAS DE LAS CALLES JR. SIMÓN BOLÍVAR, JR. SARELA FERNANDEZ, JR. FRANCISCO BOLOGNESI, JR. MIGUEL GRAU, AV. 28 DE JULIO, CALLES N° 1,2 Y 3, DEL CENTRO POBLADO DE GRAPANAZU DEL DISTRITO DE HUANCABAMBA - PROVINCIA DE OXAPAMPA - DEPARTAMENTO DE PASCO",Contrata,Sin Ejecución,"","",HUANCABAMBA,OXAPAMPA,PASCO
156267,2502428,2502428,"MEJORAMIENTO DE CAPACIDADES DE LOS PRODUCTORES AGRICOLAS PARA LA PRODUCCION, PROCESO DE EMPACADO PRIMARIO Y COMERCIALIZACION DE PALTO HASS DISTRITO DE HUANCABAMBA - PROVINCIA DE OXAPAMPA - DEPARTAMENTO DE PASCO",Administración directa,Sin Ejecución,"","",HUANCABAMBA,OXAPAMPA,PASCO
156266,2301032,339397,"MEJORAMIENTO DE LAS CALLES LAS ORQUIDEAS, LOS ROSALES, LOS GERANIOS, CALLE N 01, CALLE N 02, CALLE N 03, CALLE N 04, YANACHAGA DE LA LOCALIDAD DE HUANCABAMBA, DISTRITO DE HUANCABAMBA - OXAPAMPA - PASCO",Contrata,Sin Ejecución,"",4742800.10,HUANCABAMBA,OXAPAMPA,PASCO
156264,2518594,2518594,"MEJORAMIENTO DE LA ASOCIATIVIDAD, DESARROLLO SOSTENIBLE Y ACOMPAÑAMIENTO INTEGRAL PARA LA INNOVACION DE LA AGRICULTURA FAMILIAR PARA LA REACTIVACION DE LA ECONOMIA DE HUANCABAMBA DEL DISTRITO DE HUANCABAMBA - PROVINCIA DE OXAPAMPA - DEPARTAMENTO DE PASCO",Administración directa,Sin Ejecución,"","",HUANCABAMBA,OXAPAMPA,PASCO
156263,2409939,2409939,CREACION DE UNA LOSA DE RECREACION MULTIUSOS DEL CENTRO POBLADO DE MALLAMPAMPA - DISTRITO DE HUANCABAMBA - PROVINCIA DE OXAPAMPA - DEPARTAMENTO DE PASCO,Contrata,Sin Ejecución,"",523719.22,HUANCABAMBA,OXAPAMPA,PASCO
156253,2173359,21775,"""MEJORAMIENTO DE LA CARRETERA NINACACA - HUACHON, PROVINCIA PASCO - REGION PASCO"". SALDO DE OBRA.",Contrata,En Ejecución,4/04/2022 00:00:00,85663226.65,NINACACA,PASCO,PASCO
156236,2523520,2523520,CREACION DEL LOCAL COMUNAL EN EL CASERÍO DE SANTA ROSA DE HUANAG DEL DISTRITO DE HUARIACA - PROVINCIA DE PASCO - DEPARTAMENTO DE PASCO,Contrata,Finalizado,27/05/2022 00:00:00,383599.95,HUARIACA,PASCO,PASCO
156179,2431108,2431108,MEJORAMIENTO DE VIA DE LA CALLE TUPAC AMARU EN LA LOCALIDAD DE COLQUIJIRCA DEL DISTRITO DE TINYAHUARCO - PROVINCIA DE PASCO - DEPARTAMENTO DE PASCO - 1RA ETAPA,Contrata,Finalizado,8/03/2019 00:00:00,587508.01,TINYAHUARCO,PASCO,PASCO
156176,2403492,2403492,"MEJORAMIENTO DE VIAS CON PISTAS, VEREDAS Y MUROS DE CONTENCION EN EL JR. CESAR VALLEJO CUADRA 2 DEL SECTOR 2, DEL AA.HH ULIACHIN - DISTRITO DE CHAUPIMARCA - PROVINCIA DE PASCO - REGIÓN PASCO",Obras por impuestos,Finalizado,23/11/2021 00:00:00,640273.25,CHAUPIMARCA,PASCO,PASCO
156168,2442273,2442273,MEJORAMIENTO DE LAS INFRAESTRUCTURAS DEPORTIVAS CON INSTALACION DE GRAS SINTETICO DEL DISTRITO DE TINYAHUARCO - PROVINCIA DE PASCO - DEPARTAMENTO DE PASCO,Contrata,Sin Ejecución,"",4680143.60,TINYAHUARCO,PASCO,PASCO
156021,2029684,4743,SALDO Y OBRAS COMPLEMENTARIAS DEL PROYECTO MEJORAMIENTO DE LA CARRETERA YANAHUANCA CERRO DE PASCO,Administración directa,En Ejecución,1/09/2021 00:00:00,6594455.66,YANAHUANCA,PASCO,PASCO
155588,2501857,2501857,CREACION DEL SERVICIO DE AGUA POTABLE Y DISPOSICION DE EXCRETAS EN EL SECTOR DE ALTO ISHPIHUACASO DEL DISTRITO DE PALCAZU - PROVINCIA DE OXAPAMPA - DEPARTAMENTO DE PASCO,Contrata,Sin Ejecución,"",712997.50,PALCAZU,OXAPAMPA,PASCO
155524,2533211,2533211,"CONSTRUCCION DE PISTA, VEREDA Y CUNETA; EN EL(LA) SERVICIO DE MOVILIDAD URBANA EN EL CALLE CARRION EN LA LOCALIDAD VILCABAMBA, DISTRITO DE VILCABAMBA, PROVINCIA DANIEL ALCIDES CARRION, DEPARTAMENTO PASCO",Administración directa,Finalizado,22/11/2021 00:00:00,102568.57,VILCABAMBA,DANIEL ALCIDES CARRION,PASCO
155374,2426998,2426998,"ADQUISICION DE PUENTE MODULAR; EN EL(LA) REPOSICION ADQUISICION E INSTALACION DE 09. PUENTES MODULARES EN LAS VIAS VECINALES DE LOS DISTRITOS DE HUANCABAMBA, PALCAZU, NINACACA, CHONTABAMBA Y POZUZO, PROVINCIAS DE OXAPAMPA Y PASCO, DEPARTAMENTO DE PASCO",Contrata,Sin Ejecución,"",609120.94,POZUZO,OXAPAMPA,PASCO
155237,2426998,2426998,MONTAJE INSTALACION Y CONSTRUCCION DE OBRAS CIVILES DEL PUENTE MODULAR RIO PACO,Contrata,Finalizado,7/12/2022 00:00:00,742320.48,,,PASCO
155219,2426998,2426998,MONTAJE INSTALACION Y CONSTRUCCION DE OBRAS CIVILES DEL PUENTE MODULAR ANANA,Contrata,Finalizado,12/10/2022 00:00:00,655458.18,,,PASCO
155025,2479394,2479394,CREACION DE LOS ESPACIOS PÚBLICOS EN LA ZONA URBANA DEL CENTRO POBLADO DE SAN FRANCISCO DE CAHUAPANAS DEL DISTRITO DE PUERTO BERMUDEZ - PROVINCIA DE OXAPAMPA - DEPARTAMENTO DE PASCO,Administración directa,Finalizado,16/12/2021 00:00:00,720867,PUERTO BERMUDEZ,OXAPAMPA,PASCO
155010,2479542,2479542,CREACION DE LOS ESPACIOS PUBLICOS EN LA ZONA URBANA DEL CENTRO POBLADO DE SAN PABLO DEL DISTRITO DE PUERTO BERMUDEZ - PROVINCIA DE OXAPAMPA - DEPARTAMENTO DE PASCO,Administración directa,Finalizado,16/12/2021 00:00:00,700966,PUERTO BERMUDEZ,OXAPAMPA,PASCO
154869,2524740,2524740,"REPARACION DE PLAZOLETA; EN EL(LA) COMO SON PARQUE TICLAHUANCA Y PARQUE LOS ANGELES ( CEMENTERIO) DEL DISTRITO DE TICLACAYAN, PROVINCIA PASCO, DEPARTAMENTO PASCO",Administración directa,Finalizado,15/10/2021 00:00:00,83610.67,TICLACAYAN,PASCO,PASCO
154825,2531241,2531241,"CONSTRUCCION DE VEREDA Y ARMADO DE ALUMBRADO PUBLICO; EN EL(LA) ACCESO PUENTE MARAPARA EN AV. REMIGIO MORALES EN LA LOCALIDAD PUERTO BERMUDEZ, DISTRITO DE PUERTO BERMUDEZ, PROVINCIA OXAPAMPA, DEPARTAMENTO PASCO",Administración directa,Finalizado,1/04/2022 00:00:00,216033,PUERTO BERMUDEZ,OXAPAMPA,PASCO
154682,2531617,2531617,"REMODELACION DE PUENTE PEATONAL; EN EL(LA) DE CHILEAC L42M EN LA LOCALIDAD SAN PEDRO DE MALLANPAMPA, DISTRITO DE HUANCABAMBA, PROVINCIA OXAPAMPA, DEPARTAMENTO PASCO",Administración directa,Finalizado,25/11/2021 00:00:00,42378.35,HUANCABAMBA,OXAPAMPA,PASCO
154427,2430090,2430090,"MEJORAMIENTO DEL ENTORNO DE PLAZA DE ARMAS EN LA CALLE MORALES JANAMPA, EN LA COMUNIDAD CAMPESINA DE TINYAHUARCO (SMELTER) DEL DISTRITO DE TINYAHUARCO - PROVINCIA DE PASCO - DEPARTAMENTO DE PASCO",Obras por impuestos,Finalizado,9/11/2021 00:00:00,2570921.57,TINYAHUARCO,PASCO,PASCO
154385,2515468,2515468,"CONSTRUCCION DE AULA Y SERVICIOS HIGIENICOS Y/O VESTIDORES; EN EL(LA) IE 34018 FRANCISCO HUARICAPCHA - NINACACA DISTRITO DE NINACACA, PROVINCIA PASCO, DEPARTAMENTO PASCO",Contrata,Finalizado,22/03/2022 00:00:00,333080.16,NINACACA,PASCO,PASCO
154189,2441691,2441691,MEJORAMIENTO DE LOS SERVICIOS MUNICIPALES EN LAS AREAS TECNICAS Y ADMINISTRATIVAS DE LA MUNICIPALIDAD DISTRITAL DE VILLA RICA DEL DISTRITO DE VILLA RICA-PROVINCIA DE OXAPAMPA-DEPARTAMENTO PASCO,Administración directa,Finalizado,19/07/2021 00:00:00,1480072.46,VILLA RICA,OXAPAMPA,PASCO
154155,2448786,2448786,CREACIÓN DEL SERVICIO DE AGUA POTABLE E INSTALACIÓN DEL SISTEMA DE ELIMINACIÓN DE EXCRETAS EN LAS LOCALIDADES DE SHUYHUA - MARAPATA - PUCARA - SAN MATEO - TINGO DE HUALCA - MANICOTAN - SAN JACINTO DEL DISTRITO DE PAUCARTAMBO - PROVINCIA DE PASCO - DEPARTAMENTO DE PASCO,Contrata,Sin Ejecución,"",8817213.89,PAUCARTAMBO,PASCO,PASCO
154146,2524288,2524288,"REPARACION DE VIAS VECINALES; EN EL(LA) CAMINO VECINAL TRAMO: TAYAMPAMPA - TROJA EN LA LOCALIDAD HUALLAMAYO, DISTRITO DE PAUCARTAMBO, PROVINCIA PASCO, DEPARTAMENTO PASCO",Contrata,Finalizado,8/02/2022 00:00:00,173158.18,PAUCARTAMBO,PASCO,PASCO
153930,2519027,2519027,MEJORAMIENTO DE LA LOSA DEPORTIVA CON GRASS SINTETICO EN EL CENTRO POBLADO DE COCHAMARCA NUEVO DEL DISTRITO DE VICCO - PROVINCIA DE PASCO - DEPARTAMENTO DE PASCO,Contrata,Paralizada,1/03/2022 00:00:00,650873.30,VICCO,PASCO,PASCO
153468,2527271,2527271,AMPLIACIÓN Y MEJORAMIENTO DE LA OFERTA DE LOS SERVICIOS DEL CENTRO DE USOS MÚLTIPLES EN EL DISTRITO DE HUARIACA - PROVINCIA DE PASCO - DEPARTAMENTO DE PASCO,Contrata,Sin Ejecución,"",3513550.52,HUARIACA,PASCO,PASCO
153406,2443508,2443508,MEJORAMIENTO VIAL EN EL BARRIO PUMPURA HUACHON DEL DISTRITO DE HUACHON-PROVINCIA DE PASCO-DEPARTAMENTO DE PASCO-ETAPA II,Administración directa,Sin Ejecución,"",641282.01,HUACHON,PASCO,PASCO
153253,2190602,263509,"CREACION DEL CAMINO VECINAL PUCURHUAY - HUAPA, DISTRITO DE TICLACAYAN - PASCO - PASCO",Contrata,Sin Ejecución,"","",TICLACAYAN,PASCO,PASCO
153065,2479655,2479655,CREACION DE DEFENSA RIBEREÑA EN AMBAS MARGENES DEL RIO CHIPARAGRA DEL CENTRO POBLADO DE CHIPA DEL DISTRITO DE NINACACA - PROVINCIA DE PASCO - DEPARTAMENTO DE PASCO,Administración directa,Finalizado,2/07/2025 00:00:00,736497.95,NINACACA,PASCO,PASCO
153000,2494594,2494594,MEJORAMIENTO Y AMPLIACION DE LOS SISTEMAS DE AGUA POTABLE Y ALCANTARILLADO DEL CENTRO POBLADO DE HUALLAMAYO DEL DISTRITO DE PAUCARTAMBO - PROVINCIA DE PASCO - DEPARTAMENTO DE PASCO,Contrata,Sin Ejecución,"","",PAUCARTAMBO,PASCO,PASCO
152975,2459908,2459908,CREACION DEL SERVICIO DE PROTECCIÓN CON DEFENSA RIBEREÑA EN EL RIO SAN JUAN - SECTOR HUARAUCACA DEL DISTRITO DE TINYAHUARCO - PROVINCIA DE PASCO - DEPARTAMENTO DE PASCO,Contrata,Sin Ejecución,"",8181757.36,TINYAHUARCO,PASCO,PASCO
152958,2495131,2495131,"""CREACION DEL SERVICIO DE TRANSITABILIDAD DEL CAMINO VECINAL TRAMO: PUEBLO LIBRE - TRES ANGELES - SAN MATIAS, DISTRITO DE CONSTITUCION - PROVINCIA DE OXAPAMPA - DEPARTAMENTO DE PASCO"" PRIMERA ETAPA",Contrata,Finalizado,9/11/2022 00:00:00,688136.35,CONSTITUCION,OXAPAMPA,PASCO
152507,2531200,2531200,"REPARACION DE CAMINO PARA VEHICULOS LIGEROS; EN DOS CAMINOS VECINALES DE LA LOCALIDADES DE CHIPA (TRAMO Y SOCORRO DISTRITO DE NINACACA, PROVINCIA PASCO, DEPARTAMENTO PASCO",Administración directa,En Ejecución,2/07/2025 00:00:00,234714.69,NINACACA,PASCO,PASCO
152440,2516048,2516048,"CREACION DEL SERVICIO DE TRANSITABILIDAD VEHICULAR Y PEATONAL SOBRE LA QUEBRADA PACO, EN EL CASERIO QUEBRADA PACO DEL CENTRO POBLADO DE PUERTO MAYRO DEL DISTRITO DE PALCAZU - PROVINCIA DE OXAPAMPA - DEPARTAMENTO DE PASCO",Contrata,Finalizado,21/03/2022 00:00:00,325530.27,PALCAZU,OXAPAMPA,PASCO
152254,2301456,340933,"Recuperación del área degradada por residuos sólidos El Relleno, sector el Delfín, distrito de Pozuzo, provincia de Oxapampa, departamento de Pasco",Contrata,Finalizado,26/10/2021 00:00:00,1551064.59,POZUZO,OXAPAMPA,PASCO
152253,2301296,340516,"RECUPERACION DEL ÁREA DEGRADADA POR RESIDUOS SÓLIDOS SECTOR GRAMAZÚ CAROLINA III ETAPA, DISTRITO DE HUANCABAMBA, PROVINCIA DE OXAPAMPA, PASCO",Contrata,Finalizado,21/10/2021 00:00:00,5049692.66,HUANCABAMBA,OXAPAMPA,PASCO
152217,2511947,2511947,MEJORAMIENTO DEL PARQUE DEL DISTRITO DE TICLACAYAN PROVINCIA DE PASCO DEPARTAMENTO DE PASCO,Contrata,En Ejecución,17/12/2021 00:00:00,676130.39,TICLACAYAN,PASCO,PASCO
152171,2524057,2524057,"RENOVACION DE LÍNEA DE ADUCCIÓN, RED DE DISTRIBUCION Y CONEXIONES DOMICILIARIAS; EN EL(LA) SISTEMA DE AGUA POTABLE EN LA LOCALIDAD YARHUAY, DISTRITO DE PAUCARTAMBO, PROVINCIA PASCO, DEPARTAMENTO PASCO",Contrata,Finalizado,6/01/2022 00:00:00,219134.62,PAUCARTAMBO,PASCO,PASCO
152098,2509955,2509955,"RENOVACION DE EDIFICACION; EN EL(LA) MERCADO DE ABASTOS DISTRITO DE OXAPAMPA, PROVINCIA OXAPAMPA, DEPARTAMENTO PASCO",Contrata,Finalizado,4/02/2022 00:00:00,530340.48,OXAPAMPA,OXAPAMPA,PASCO
151856,2517867,2517867,"MEJORAMIENTO DE LAS CARRETERAS VECINALES A NIVEL AFIRMANDO A LAS ZONAS PRODUCTIVAS DE CASA BLANCA -BAJO CASCADA-ALTO RIO LA SAL, PAMPA ENCANTADA EN EL CENTRO POBLADO DE PUENTE PAUCARTAMBO EN EL DISTRITO DE VILLA RICA - PROVINCIA DE OXAPAMPA - DEPARTAMENTO DE PASCO",Contrata,Finalizado,5/09/2022 00:00:00,651262.85,VILLA RICA,OXAPAMPA,PASCO
151531,2518448,2518448,"CONSTRUCCION DE CERCO PERIMETRICO; RENOVACION DE COBERTURA; EN EL(LA) EESS LA VIÑA DINAMARCA - CONSTITUCION LA VIÑA DINAMARCA DISTRITO DE CONSTITUCION, PROVINCIA OXAPAMPA, DEPARTAMENTO PASCO",Administración directa,Finalizado,25/10/2021 00:00:00,304047.89,CONSTITUCION,OXAPAMPA,PASCO
151490,2466952,2466952,CREACION DE TROCHA CARROZABLE CARHUAC - CONOCANCHA DEL CENTRO POBLADO SAN PEDRO DE CARHUAC DEL DISTRITO DE NINACACA - PROVINCIA DE PASCO - DEPARTAMENTO DE PASCO,Contrata,Sin Ejecución,"","",NINACACA,PASCO,PASCO
151468,2232255,236218,"REFORMULACIÓN DEL EXPEDIENTE TECNICO: MEJORAMIENTO Y AMPLIACION DE SERVICIOS EDUCATIVOS EN LA INSTITUCION EDUCATIVA KLEVER URIBE MELENDEZ GAMARRA NIVEL SECUNDARIA, DE LA COMUNIDAD DE VALLE NAZARATEGUI, DISTRITO DE PUERTO BERMUDEZ, PROVINCIA DE OXAPAMPA - REGION PASCO.",Contrata,Sin Ejecución,"","",PUERTO BERMUDEZ,OXAPAMPA,PASCO
151420,2520504,2520504,CREACION DE SISTEMA DE RIEGO EN LA GRANJA COMUNAL DE LA COMUNIDAD CAMPESINA LOS ANDES DE PUCARA EN EL CENTRO POBLADO DE LOS ANDES DE PUCARA DEL DISTRITO DE HUAYLLAY - PROVINCIA DE PASCO - DEPARTAMENTO DE PASCO,Contrata,Finalizado,12/09/2022 00:00:00,1645447.51,HUAYLLAY,PASCO,PASCO
151232,2276174,321331,"AMPLIACION Y MEJORAMIENTO DE PISTAS, VEREDAS EN LOS JR. MANCO CAPAC, PSJ JOSÉ FERRER GRACIA, PSJ MIRAFLORES, JR. HUÁNUCO, JR. LIMAY TRATAMIENTO PAISAJÍSTICO EN EL DISTRITO DE SAN PEDRO, PROVINCIA DE DANIEL ALCIDES CARRION - PASCO",Contrata,Sin Ejecución,"","",,DANIEL ALCIDES CARRION,PASCO
151177,2526194,2526194,"REPARACION DE VIAS VECINALES; EN EL(LA) TRAMO EMP. PE-5N A - SAN ALBERTO, PTE. SAN ALBERTO - ALTO SAN ALBERTO, DISTRITO DE OXAPAMPA, PROVINCIA OXAPAMPA, DEPARTAMENTO PASCO",Administración directa,Finalizado,24/09/2021 00:00:00,51061.80,OXAPAMPA,OXAPAMPA,PASCO
150720,2525730,2525730,"RENOVACION DE SISTEMA; EN EL(LA) DE AGUA POTABLE EN LA LOCALIDAD LANTURACHI, DISTRITO DE HUANCABAMBA, PROVINCIA OXAPAMPA, DEPARTAMENTO PASCO",Administración directa,Finalizado,17/03/2022 00:00:00,633555.24,HUANCABAMBA,OXAPAMPA,PASCO
150530,2450044,2450044,CREACCIÓN DE ESPACIOS DEPORTIVOS EN LA LOCALIDAD DE UCUCHACANCHA - DISTRITO DE GOYLLARISQUIZGA - DANIEL ALCIDES CARRIÓN - PASCO,Contrata,Finalizado,11/10/2022 00:00:00,423005.06,GOYLLARISQUIZGA,PASCO,PASCO
149968,2519499,2519499,"REPARACION DE ESTRUCTURA DE SOPORTE Y ESTRUCTURA DE RETENCION; EN EL(LA) PUENTE COLGANTE PEATONAL TAPARACU EN LA LOCALIDAD POAGMARAY, DISTRITO DE HUACHON, PROVINCIA PASCO, DEPARTAMENTO PASCO",Administración directa,Finalizado,24/08/2021 00:00:00,24659.10,HUACHON,PASCO,PASCO
149728,2448382,2448382,"MONTAJE, INSTALACIÓN Y CONSTRUCCIÓN DE OBRAS CIVILES DEL PUENTE MODULAR 8 DE DICIEMBRE, DISTRITO DE YANAHUANCA, PROVINCIA DE DANIEL ALCEDES CARRION, DEPARTAMENTO PASCO",Contrata,Finalizado,17/11/2021 00:00:00,407513.19,YANAHUANCA,PASCO,PASCO
149727,2426998,2426998,"MONTAJE, INSTALACIÓN Y CONSTRUCCIÓN DE OBRAS CIVILES DEL PUENTE MODULAR MONTECARLO, DISTRITO DE HUANCABAMBA, PROVINCIA DE OXAPAMPA, DEPARTAMENTO DE PASCO",Contrata,Finalizado,14/11/2021 00:00:00,406310.22,HUANCABAMBA,OXAPAMPA,PASCO
149652,2462830,2462830,CREACION DE SISTEMA DE PROTECCIÓN CONTRA RADIACIÓN SOLAR EN LAS INSTITUCIONES EDUCATIVAS DEL DISTRITO DE TINYAHUARCO - PROVINCIA DE PASCO - DEPARTAMENTO DE PASCO - I ETAPA,Contrata,Finalizado,20/02/2020 00:00:00,1924654.20,TINYAHUARCO,PASCO,PASCO
149627,2495413,2495413,CREACION DEL CAMPO DEPORTIVO CON GRASS SINTÉTICO EN EL CENTRO POBLADO HUAYO DEL DISTRITO DE SANTA ANA DE TUSI - PROVINCIA DE DANIEL ALCIDES CARRION - DEPARTAMENTO DE PASCO,Contrata,Finalizado,18/11/2021 00:00:00,483114.27,SANTA ANA DE TUSI,DANIEL ALCIDES CARRION,PASCO
149590,2130352,30969,"SALDO DE OBRA: AMPLIACION Y MEJORAMIENTO DE LOS SERVICIOS DE AGUA POTABLE Y ALCANTARILLADO DE LAS ZONAS URBANAS DE SANTO DOMINGO, SAN CARLOS, SAN JOSE Y NUEVA BERNA Y CHURUMAZU, DISTRITO DE CHONTABAMBA-OXAPAMPA - ETAPA I",Administración directa,Finalizado,6/09/2021 00:00:00,3569022.94,CHONTABAMBA,OXAPAMPA,PASCO
149454,2521285,2521285,"MEJORAMIENTO Y AMPLIACION DE LA SEÑALIZACION VIAL EN LA ZONA URBANA DEL DISTRITO DE OXAPAMPA, PROVINCIA DE OXAPAMPA - PASCO",Administración directa,Finalizado,18/08/2021 00:00:00,179779.35,OXAPAMPA,OXAPAMPA,PASCO
148634,2462830,2462830,CREACION DE SISTEMA DE PROTECCIÓN CONTRA RADIACIÓN SOLAR EN LAS INSTITUCIONES EDUCATIVAS DEL DISTRITO DE TINYAHUARCO - PROVINCIA DE PASCO - DEPARTAMENTO DE PASCO - II ETAPA,Contrata,Finalizado,1/12/2020 00:00:00,1924654.20,TINYAHUARCO,PASCO,PASCO
148616,2456293,2456293,MEJORAMIENTO Y REPOBLAMIENTO DE GANADO OVINO EN EL CENTRO POBLADO DE CUYAGHUAIN DEL DISTRITO DE SANTA ANA DE TUSI - PROVINCIA DE DANIEL ALCIDES CARRION - DEPARTAMENTO DE PASCO,Administración directa,Sin Ejecución,"","",SANTA ANA DE TUSI,DANIEL ALCIDES CARRION,PASCO
148603,2521190,2521190,"CREACION DE LOSA DEPORTIVA EN LA COMUNIDAD NATIVA PUERTO YARINA, DISTRITO DE CONSTITUCIÓN, PROVINCIA DE OXAPAMPA, DEPARTAMENTO PASCO",Contrata,Finalizado,3/01/2022 00:00:00,163226.22,OXAPAMPA,OXAPAMPA,PASCO
148489,2499199,2499199,"REPARACION DE PONTON; EN EL(LA) PONTON HUACASH EN LA LOCALIDAD HUACHON, DISTRITO DE HUACHON, PROVINCIA PASCO, DEPARTAMENTO PASCO",Administración directa,En Ejecución,20/11/2020 00:00:00,76349.09,HUACHON,PASCO,PASCO
148481,2511047,2511047,MEJORAMIENTO DE LOS SERVICIOS DE EDUCACION PRIMARIA N° 34721 ALTO CHONTILLA DEL SECTOR DE ALTO CHONTILLA DE LA CC.NN. ALTO ISCOZACIN DEL DISTRITO DE PALCAZU - PROVINCIA DE OXAPAMPA - DEPARTAMENTO DE PASCO,Contrata,Sin Ejecución,"",333329.37,PALCAZU,OXAPAMPA,PASCO
148343,2518712,2518712,"CONSTRUCCION DE NICHO; EN EL(LA) CEMENTERIO MUNICIPAL EN LA LOCALIDAD OXAPAMPA, DISTRITO DE OXAPAMPA, PROVINCIA OXAPAMPA, DEPARTAMENTO PASCO",Administración directa,Finalizado,2/08/2021 00:00:00,189232.68,OXAPAMPA,OXAPAMPA,PASCO
147767,2415903,2415903,MEJORAMIENTO DE LOSAS MULTIDEPORTIVAS EN BARRIOS Y ASENTAMIENTOS HUMANOS DEL DISTRITO DE CHAUPIMARCA - PROVINCIA DE PASCO - DEPARTAMENTO DE PASCO; I ETAPA: CAMPO DEPORTIVO URBANIZACION REAL DE MINAS,Contrata,Finalizado,15/06/2022 00:00:00,850640.91,CHAUPIMARCA,PASCO,PASCO
147679,2489598,2489598,"CONSTRUCCION DE CERCO PERIMETRICO; EN EL(LA) FILIAL DE OXAPAMPA DE LA UNIVERSIDAD NACIONAL DANIEL ALCIDES CARRION DISTRITO DE OXAPAMPA, PROVINCIA OXAPAMPA, DEPARTAMENTO PASCO",Contrata,Finalizado,8/02/2022 00:00:00,1532370.63,OXAPAMPA,OXAPAMPA,PASCO
147316,2521406,2521406,"MEJORAMIENTO DE LA VIA DE ACCESO ENTRE LAS LOCALIDADES DE PROGRESO Y GRAMAZU DEL DISTRITO DE OXAPAMPA, PROVINCIA DE OXAPAMPA - PASCO",Administración directa,Finalizado,19/08/2021 00:00:00,136153.12,OXAPAMPA,OXAPAMPA,PASCO
147069,2503685,2503685,CREACION DE LOS SERVICIOS DE PROTECCION EN RIBERAS DE RIO VULNERABLES ANTE EL PELIGRO DE INUNDACION EN LA LOCALIDAD DE PUENTE PAUCARTAMBO DEL DISTRITO DE VILLA RICA - PROVINCIA DE OXAPAMPA - DEPARTAMENTO DE PASCO,Contrata,Sin Ejecución,"","",VILLA RICA,OXAPAMPA,PASCO
147046,2507680,2507680,CREACION DE CAMPO DEPORTIVO CON GRASS SINTETICO EN EL ANEXO LOS ANGELES DEL DISTRITO DE SAN FRANCISCO DE ASIS DE YARUSYACAN - PROVINCIA DE PASCO - DEPARTAMENTO DE PASCO,Contrata,En Ejecución,9/11/2022 00:00:00,1518427.02,SAN FRANCISCO DE ASIS DE YARUSYACAN,PASCO,PASCO
146882,2514765,2514765,CREACION DE PISTAS Y VEREDAS EN EL CENTRO POBLADO DE SAN FRANCISCO DEL DISTRITO DE PAUCARTAMBO - PROVINCIA DE PASCO - DEPARTAMENTO DE PASCO,Contrata,En Ejecución,17/02/2026 00:00:00,4267389.63,PAUCARTAMBO,PASCO,PASCO
146873,2504195,2504195,"RENOVACION DE CONEXIONES DOMICILIARIAS DE AGUA POTABLE Y CONEXION DOMICILIARIA DE ALCANTARILLADO; EN EL(LA) REDES DE AGUA POTABLE Y ALCANTARILLADO EN LA LOCALIDAD SAN FRANCISCO, DISTRITO DE PAUCARTAMBO, PROVINCIA PASCO, DEPARTAMENTO PASCO",Contrata,Finalizado,21/09/2021 00:00:00,751670.03,PAUCARTAMBO,PASCO,PASCO
146866,2516970,2516970,"CREACION DE LOS SERVICIOS DE AGUA POTABLE Y DISPOSICION SANITARIA DE EXCRETAS EN LA CC.NN YAMUSHIMAS DEL DISTRITO DE CONSTITUCION,PROVINCIA DE OXAPAMPA,DEPARTAMENTO DE PASCO",Contrata,En Ejecución,10/11/2022 00:00:00,4511317.27,CONSTITUCION,OXAPAMPA,PASCO
146663,2519648,2519648,MEJORAMIENTO Y AMPLIACION DEL PUENTE L18.00 MTS EN EL SECTOR DE SAN DANIEL DEL DISTRITO DE HUANCABAMBA - PROVINCIA DE OXAPAMPA - DEPARTAMENTO DE PASCO,Administración directa,Finalizado,16/08/2021 00:00:00,318759.49,HUANCABAMBA,OXAPAMPA,PASCO
146662,2519647,2519647,MEJORAMIENTO Y AMPLIACION DEL PUENTE L17.00 MTS EN EL SECTOR DE SANTA ROSA DE GRAPANAZU DEL DISTRITO DE HUANCABAMBA - PROVINCIA DE OXAPAMPA - DEPARTAMENTO DE PASCO,Administración directa,Finalizado,1/12/2021 00:00:00,310741.85,HUANCABAMBA,OXAPAMPA,PASCO
146661,2519100,2519100,MEJORAMIENTO Y AMPLIACION DEL PUENTE L16.00 MTS EN EL SECTOR PUEBLO NUEVO NAVARRA DEL DISTRITO DE HUANCABAMBA - PROVINCIA DE OXAPAMPA - DEPARTAMENTO DE PASCO,Administración directa,Finalizado,7/07/2021 00:00:00,319077.79,HUANCABAMBA,OXAPAMPA,PASCO
146660,2517642,2517642,"REPARACION DE VIAS VECINALES; EN EL(LA) DE LOS TRAMOS JATUMPATA - LANTURACHI - PAGUARENGA - TORREBAMBA DISTRITO DE HUANCABAMBA, PROVINCIA OXAPAMPA, DEPARTAMENTO PASCO",Administración directa,Finalizado,10/09/2021 00:00:00,249488.16,HUANCABAMBA,OXAPAMPA,PASCO
146659,2328210,364572,"CREACION DE LA TROCHA CARROZABLE FUNDO HUANUQUILLO A LA ZONA DE PRODUCCION AGRICOLA CHAPANAPAMPA, CUTAJ, SAGAPATA, MARCOPAMPA Y CACHIGAGA, DISTRITO DE TAPUC PROVINCIA DANIEL ALCIDES CARRION",Contrata,Sin Ejecución,"",4873304.71,TAPUC,DANIEL ALCIDES CARRION,PASCO
146657,2195930,269814,"CREACION DEL LOCAL COMUNAL DE LA LOCALIDAD DE PUCUNAN, DISTRITO DE SANTA ANA DE TUSI - DANIEL ALCIDES CARRION - PASCO",Contrata,Finalizado,21/02/2022 00:00:00,204309.02,SANTA ANA DE TUSI,DANIEL ALCIDES CARRION,PASCO
146174,2179932,258849,"CREACION DEL CENTRO CÍVICO DE LA LOCALIDAD DE JUCLACANCHA, DISTRITO DE SANTA ANA DE TUSI - DANIEL ALCIDES CARRION - PASCO",Contrata,Finalizado,18/12/2021 00:00:00,490210.94,SANTA ANA DE TUSI,DANIEL ALCIDES CARRION,PASCO
145884,2522970,2522970,CREACION DEL LOCAL DE USOS MÚLTIPLES (LOCAL COMUNAL) PARA EL ANEXO DE RAHUI - PAMPA HERMOSA DEL DISTRITO DE HUARIACA - PROVINCIA DE PASCO - DEPARTAMENTO DE PASCO - PRIMERA ETAPA,Contrata,Finalizado,29/10/2021 00:00:00,309999.88,HUARIACA,PASCO,PASCO
145705,2234845,253502,"MEJORAMIENTO Y AMPLIACION DE SERVICIOS EDUCATIVOS EN EL INSTITUTO DE EDUCACION SUPERIOR TECNOLOGICO PUBLICO ALEXANDER VON HUMBOLDT, DISTRITO VILLA RICA, PROVINCIA OXAPAMPA, REGION PASCO",Contrata,En Ejecución,7/08/2019 00:00:00,47034288.83,VILLA RICA,OXAPAMPA,PASCO
145606,2289281,2289281,"MEJORAMIENTO Y AMPLIACION SISTEMA DE AGUA POTABLE, ALCANTARILLADO Y TRATAMIENTO DE AGUAS RESIDUALES EN EL DISTRITO DE VILCABAMBA - PROVINCIA DE DANIEL ALCIDES CARRION - DEPARTAMENTO DE PASCO",Contrata,Sin Ejecución,"","",VILCABAMBA,DANIEL ALCIDES CARRION,PASCO
145571,2234619,238195,"MEJORAMIENTO DEL CIRCUITO VIAL DE CHONTABAMBA , DISTRITO DE CHONTABAMBA - OXAPAMPA - PASCO",Contrata,En Ejecución,28/09/2021 00:00:00,25933362.01,CHONTABAMBA,OXAPAMPA,PASCO
145395,2301729,341149,"MEJORAMIENTO DE LA PRESTACION DE LOS SERVICIOS EDUCATIVOS DE LA I.E. JOSE CARLOS MARIATEGUI, LA CHIRA DEL CENTRO POBLADO DE MICHIVILCA, DISTRITO DE TAPUC - DANIEL ALCIDES CARRION - PASCO",Contrata,Sin Ejecución,"",4544567.36,TAPUC,DANIEL ALCIDES CARRION,PASCO
145070,2078078,73797,"SALDO DE OBRA DEL PROYECTO CONSTRUCCION DEL CAMINO RURAL SAN LUIS - SAN CRISTOBAL, DISTRITO DE POZUZO, PROVINCIA DE OXAPAMPA - PASCO - ETAPA I",Contrata,Finalizado,1/09/2021 00:00:00,3309146.08,POZUZO,OXAPAMPA,PASCO
145036,2514794,2514794,CREACION DE PISTAS Y VEREDAS DE LAS CALLES PRINCIPALES DEL CENTRO POBLADO DE LOS ANDES DE PUCARA DEL DISTRITO DE HUAYLLAY - PROVINCIA DE PASCO - DEPARTAMENTO DE PASCO,Contrata,Sin Ejecución,"",2652259.24,HUAYLLAY,PASCO,PASCO
144787,2173514,232269,MEJORAMIENTO Y AMPLIACION DE LA CAPACIDAD TECNICA OPERATIVA ACUICOLA DE LA DIRECCION REGIONAL DE PRODUCCION PASCO,Contrata,Finalizado,9/01/2021 00:00:00,3376526.60,,PASCO,PASCO
144785,2505418,2505418,MEJORAMIENTO DE SERVICIO DE TRANSITABILIDAD VEHICULAR Y PEATONAL EN EL JIRON PROGRESO Y JIRON HUARAL DEL AREA URBANA DEL DISTRITO DE HUAYLLAY - PROVINCIA DE PASCO - DEPARTAMENTO DE PASCO,Contrata,Sin Ejecución,"","",HUAYLLAY,PASCO,PASCO
144614,2513263,2513263,MEJORAMIENTO DEL SERVICIO DE TRANSITABILIDAD VEHICULAR Y PEATONAL DE LA AVENIDA JULIO SHITABORI DE LA LOCALIDAD DE ISCOZACIN DEL DISTRITO DE PALCAZU - PROVINCIA DE OXAPAMPA - DEPARTAMENTO DE PASCO,Contrata,Sin Ejecución,"",3989432.67,PALCAZU,OXAPAMPA,PASCO
144613,2516001,2516001,"REPARACION DE PUENTE PEATONAL; EN EL(LA) L30 ML EN LA LOCALIDAD CHILACHI, DISTRITO DE HUANCABAMBA, PROVINCIA OXAPAMPA, DEPARTAMENTO PASCO",Administración directa,Finalizado,7/06/2021 00:00:00,25110.77,HUANCABAMBA,OXAPAMPA,PASCO
144612,2515979,2515979,"REPARACION DE PUENTE PEATONAL; EN EL(LA) L45.00 ML EN LA LOCALIDAD SAN PEDRO DE HERRERIA, DISTRITO DE HUANCABAMBA, PROVINCIA OXAPAMPA, DEPARTAMENTO PASCO",Administración directa,Finalizado,7/06/2021 00:00:00,41418.38,HUANCABAMBA,OXAPAMPA,PASCO
144241,2500661,2500661,"MEJORAMIENTO DEL SERVICIO DE GESTION MUNICIPAL DEL CENTRO POBLADO QUILLAZU - PROGRESO, DISTRITO DE OXAPAMPA, PROVINCIA DE OXAPAMPA - PASCO",Contrata,Finalizado,15/07/2021 00:00:00,441007.62,OXAPAMPA,OXAPAMPA,PASCO
143944,2457816,2457816,"RENOVACION DE CERCO YO PORTADA; EN EL(LA) PLANTA DE TRATAMIENTO DE AGUAS RESIDUALES EN LA LOCALIDAD TAPUC, DISTRITO DE TAPUC, PROVINCIA DANIEL ALCIDES CARRION, DEPARTAMENTO PASCO",Administración directa,Finalizado,7/10/2019 00:00:00,152168.99,TAPUC,DANIEL ALCIDES CARRION,PASCO
143649,2084815,74176,"EXPEDIENTE TÉCNICO REFORMULADO SALDO PARCIAL COMPONENTE 01 SNIP N°74176, LINEA DE CONDUCCIÓN DE LA OBRA: ""MEJORAMIENTO Y AMPLIACIÓN DE LOS SERVICIOS DE SANEAMIENTO Y FORTALECIMIENTO INSTITUCIONAL INTEGRAL DE EMAPA PASCO, PROVINCIA DE PASCO-PASCO""",Administración directa,En Ejecución,7/07/2020 00:00:00,16125272.41,,PASCO,PASCO
143638,2155933,202682,"MEJORAMIENTO DE VÍAS CON PAVIMENTO, VEREDAS, GRADERÍAS Y TRATAMIENTO PAISAJÍSTICO EN LAS CALLES Y PASAJES DEL AA. HH. MIGUEL BRAVO QUISPE , DISTRITO DE CHAUPIMARCA, PROVINCIA DE PASCO - PASCO",Contrata,Finalizado,12/11/2021 00:00:00,1619925.82,CHAUPIMARCA,PASCO,PASCO
143544,2223552,215411,"SALDO DE OBRA: MEJORAMIENTO DE LOS SERVICIOS EDUCATIVOS EN LA I.E. 34003 TUPAC AMARU DEL NIVEL INICIAL Y PRIMARIA DEL AA.HH. TUPAC AMARU SECTOR 2 DEL DISTRITO DE CHAUPIMARCA, PROVINCIA DE PASCO - PASCO- ETAPA N°01",Administración directa,Finalizado,12/03/2021 00:00:00,522244.04,CHAUPIMARCA,PASCO,PASCO
143431,2439059,2439059,CREACION DE TROCHA CARROZABLE DEL PUENTE USHUM CHUQUIMAYO EN EL CENTRO POBLADO DE LUCMA DEL DISTRITO DE HUACHON PROVINCIA DE PASCO DEPARTAMENTO DE PASCO ETAPA III,Administración directa,Finalizado,3/03/2020 00:00:00,138000,HUACHON,PASCO,PASCO
143426,2439059,2439059,CREACION DE LA TROCHA CARROZABLE DEL PPUENTE USHUM CHUQUIMAYO EN EL CENTRO POBLADO DE LUCMA - DISTRITO DE HUACHON -PROVINCIA Y REGION PASCO ETAPA II,Administración directa,Finalizado,21/12/2019 00:00:00,88605,HUACHON,PASCO,PASCO
143404,2470742,2470742,MEJORAMIENTO Y AMPLIACIÓN DE SERVICIOS DE PROTECCIÓN CONTRA LAS INUNDACIONES TRAMO PUENTE HOSPITAL HASTA JARDÍN DE NIÑOS DE YANACOCHA EN LA LOCALIDAD DE HUARIACA DEL DISTRITO DE HUARIACA - PROVINCIA DE PASCO - DEPARTAMENTO DE PASCO,Contrata,Sin Ejecución,"","",HUARIACA,PASCO,PASCO
143403,2494904,2494904,"MEJORAMIENTO Y AMPLIACIÓN DEL SERVICIO DEL CENTRO ARTESANAL, TEXTIL, GASTRONÓMICO Y AGRARIO EN EL DISTRITO DE HUARIACA - PROVINCIA DE PASCO - DEPARTAMENTO DE PASCO",Contrata,Sin Ejecución,"","",HUARIACA,PASCO,PASCO
142863,2342739,381462,"MEJORAMIENTO DE LA TRANSITABILIDAD PEATONAL Y VEHICULAR DEL JR. FRANSICO KOHEL GSTIR CUADRAS 1,2 Y 4, JR. PEDRO KOHEL CUADRA 01, JOSE MULLER RANDOLF CUADRAS 1 Y 2, JR ALFREDO WITTING CDRA 01 Y JR 1 DE NOVIEMBRE CDRA 01 DEL SECTOR DE MONTEFUNER Y ESPERANZA, DISTRITO DE POZUZO - OXAPAMPA - PASCO - ETAPA II",Administración directa,Finalizado,3/05/2021 00:00:00,2045469.40,POZUZO,OXAPAMPA,PASCO
142794,2166403,240117,"INSTALACION DEL SISTEMA DE RIEGO PRESURIZADO EN LOS SECTORES DE ACHIRA,GOCHAPATA,CANGLASH,DEL CENTRO POBLADO DE HUALLAMAYO ,DISTRITO DE PAUCARTAMBO",Contrata,Finalizado,10/09/2021 00:00:00,5973236.71,PAUCARTAMBO,PASCO,PASCO
142791,2511030,2511030,"CONSTRUCCION DE CADENA DE FRIO; EN EL(LA) EESS DR.DANIEL ALCIDES CARRION GARCIA. - YANACANCHA DISTRITO DE YANACANCHA, PROVINCIA PASCO, DEPARTAMENTO PASCO",Contrata,Finalizado,24/06/2021 00:00:00,549471.34,YANACANCHA,DANIEL ALCIDES CARRION,PASCO
142763,2353621,384805,"CREACION DE LOS SERVICIOS PÚBLICOS DEL CENTRO CÍVICO MUNICIPAL DEL SECTOR LA COLONIA, DISTRITO DE POZUZO - OXAPAMPA - PASCO",Administración directa,Finalizado,26/03/2021 00:00:00,778993.47,POZUZO,OXAPAMPA,PASCO
142747,2462562,2462562,CREACIÓN DE LOS SERVICIOS DE FORTALECIMIENTO DE CAPACIDADES EN GESTIÓN COMUNAL (LOCAL DE USOS MÚLTIPLES) DE LA LOCALIDAD DE TRES ISLAS DEL DISTRITO DE PUERTO BERMUDEZ - PROVINCIA DE OXAPAMPA - DEPARTAMENTO DE PASCO,Administración directa,Finalizado,14/06/2021 00:00:00,145410.36,PUERTO BERMUDEZ,OXAPAMPA,PASCO
142579,2484664,2484664,"REMODELACION DE AMBIENTE DE ATENCION AL PUBLICO; EN EL(LA) MERCADO DE LA ZONA URBANA DEL DISTRITO DE VILLA RICA, PROVINCIA OXAPAMPA, DEPARTAMENTO PASCO",Administración directa,Finalizado,15/02/2021 00:00:00,176893.07,VILLA RICA,OXAPAMPA,PASCO
142578,2511745,2511745,"REPARACION DE PLATAFORMA; EN EL(LA) PUENTE CARROZABLE REVERENDO PADRE JOSE EGG EN LA LOCALIDAD POZUZO, DISTRITO DE POZUZO, PROVINCIA OXAPAMPA, DEPARTAMENTO PASCO",Administración directa,Finalizado,10/03/2021 00:00:00,203312.93,POZUZO,OXAPAMPA,PASCO
142577,2470302,2470302,MEJORAMIENTO DEL SERVICIO DE ACTIVIDADES DEPORTIVAS EN LA LOCALIDAD DE USCPACHACA DEL DISTRITO DE TAPUC - PROVINCIA DE DANIEL ALCIDES CARRION - DEPARTAMENTO DE PASCO,Contrata,Sin Ejecución,"",1224053.97,TAPUC,DANIEL ALCIDES CARRION,PASCO
142573,2505668,2505668,"REPARACION DE VIAS VECINALES; EN EL(LA) CAMINO VECINAL TRAMO PA-588 EMP. KM 0 MAS 050 - PLANTA DE TRATAMIENTO(AGOPUQUIO) EN LA LOCALIDAD VICCO, DISTRITO DE VICCO, PROVINCIA PASCO, DEPARTAMENTO PASCO",Administración directa,Finalizado,20/02/2021 00:00:00,33212.72,VICCO,PASCO,PASCO
142572,2504412,2504412,CREACION DE LOSA DEPORTIVA DEL CENTRO POBLADO DE RANYAC DEL DISTRITO DE NINACACA - PROVINCIA DE PASCO - DEPARTAMENTO DE PASCO,Contrata,Sin Ejecución,"",534919.65,NINACACA,PASCO,PASCO
142571,2484187,2484187,"CONSTRUCCION DE CERCO PERIMETRICO; REPARACION DE SERVICIOS HIGIENICOS Y/O VESTIDORES; EN EL(LA) IE LAS GOLONDRINAS - NINACACA EN LA LOCALIDAD CARHUAC, DISTRITO DE NINACACA, PROVINCIA PASCO, DEPARTAMENTO PASCO",Contrata,Finalizado,21/10/2021 00:00:00,340868.12,NINACACA,PASCO,PASCO
141962,2240512,277712,"CONSTRUCCION DE LA TROCHA CARROZABLE DEL TRAMO CARRETERA MARGINAL KM 155 - PAUJIL - PUERTO LA CAMPIÑA - CASERÍO ESPERANZA - PUERTO CC.NN SAN JUAN DE PICHIS - CC.NN AMAMBAY - PUERTO CC.NN. ZUNGAROYALI (26.695 KM), DISTRITO DE PUERTO BERMUDEZ - OXAPAMPA - PASCO",Contrata,En Ejecución,3/07/2024 00:00:00,29710365.56,PUERTO BERMUDEZ,OXAPAMPA,PASCO
141808,2226964,219283,"SALDO DE OBRA ""AMPLIACION DE LA CAPACIDAD DE LOS SERVICIOS EDUCATIVOS DE LOS LABORATORIOS Y TALLERES DE PRACTICA DE LAS CARRERAS DE ENFERMERIA TECNICA, TECNICA EN FARMACIA Y GUIA OFICIAL DE TURISMO DEL INSTITUTO DE EDUCACION SUPERIOR TECNOLOGICO PUBLICO PASCO""",Administración directa,En Ejecución,21/11/2019 00:00:00,1979132.96,,PASCO,PASCO
141792,2472757,2472757,CREACION DE CAMINO VECINAL TRAMO: DESVIÓ PIQUILHUANCA Y JUMAR DEL DISTRITO DE SANTA ANA DE TUSI - PROVINCIA DE DANIEL ALCIDES CARRION - DEPARTAMENTO DE PASCO,Contrata,Finalizado,17/02/2022 00:00:00,520488.79,SANTA ANA DE TUSI,DANIEL ALCIDES CARRION,PASCO
141791,2483197,2483197,MEJORAMIENTO DEL CEMENTERIO GENERAL DE LA LOCALIDAD DE CALLHUAN DEL DISTRITO DE SANTA ANA DE TUSI - PROVINCIA DE DANIEL ALCIDES CARRION - DEPARTAMENTO DE PASCO,Contrata,Finalizado,25/05/2022 00:00:00,514980.05,SANTA ANA DE TUSI,DANIEL ALCIDES CARRION,PASCO
141405,2459240,2459240,CREACION DE LOS SERVICIOS DE FORTALECIMIENTO DE CAPACIDADES EN GESTIÓN COMUNAL(LOCAL DE USOS MÚLTIPLES) DE LA COMUNIDAD NATIVA SANTOCHE-TUPAC AMARU DEL DISTRITO DE PUERTO BERMUDEZ - PROVINCIA DE OXAPAMPA - DEPARTAMENTO DE PASCO,Administración directa,Finalizado,14/06/2020 00:00:00,138753.79,PUERTO BERMUDEZ,OXAPAMPA,PASCO
141403,2458246,2458246,CREACION DE LOS SERVICIOS DE FORTALECIMIENTO DE CAPACIDADES EN GESTIÓN COMUNAL(LOCAL DE USOS MÚLTIPLES) EN LA COMUNIDAD NATIVA DE MANICHARI DEL DISTRITO DE PUERTO BERMUDEZ - PROVINCIA DE OXAPAMPA - DEPARTAMENTO DE PASCO,Administración directa,Finalizado,22/05/2021 00:00:00,141019.67,PUERTO BERMUDEZ,OXAPAMPA,PASCO
141402,2459146,2459146,CREACION DE LOS SERVICIOS DE FORTALECIMIENTO DE CAPACIDADES EN GESTIÓN COMUNAL(LOCAL DE USOS MÚLTIPLES) DE LA COMUNIDAD NATIVA SAN JORGE DE ANACAYALI DEL DISTRITO DE PUERTO BERMUDEZ - PROVINCIA DE OXAPAMPA - DEPARTAMENTO DE PASCO,Administración directa,Finalizado,14/06/2021 00:00:00,142562.66,PUERTO BERMUDEZ,OXAPAMPA,PASCO
141401,2458360,2458360,CREACION DE LOS SERVICIOS DE FORTALECIMIENTO DE CAPACIDADES EN GESTIÓN COMUNAL(LOCAL DE USOS MÚLTIPLES) DE LA COMUNIDAD NATIVA DE CENTRO UNION DEL DISTRITO DE PUERTO BERMUDEZ - PROVINCIA DE OXAPAMPA - DEPARTAMENTO DE PASCO,Administración directa,Finalizado,22/05/2021 00:00:00,136802.12,PUERTO BERMUDEZ,OXAPAMPA,PASCO
141367,2482998,2482998,"CREACION Y MEJORAMIENTO DE PISAS VEREDAS, AREAS VERDES DRENAJE Y ESCALINATAS DE LA AV. LEANDRO ANDALUZ (CUADRA 2 Y 11), JR. ANONIO YOHANN ( CUADRA 2 Y 3), JR. ANDRES EGG ( CUADRA 5 Y 6), JR. POZUZO (CUADRA 4 Y 5), JR. COOPERATIVA ( CUADRA 4) Y JR. SAN CARLOS ( CUADRA 3) DE LA CIUDAD DE VILLA RICA, DISTRITO DE VILLARICA, PROVINCIA DE OXAPAMPA, DEPARTAMENTO DE PASCO",Contrata,Sin Ejecución,"","",VILLA RICA,OXAPAMPA,PASCO
141352,2508638,2508638,MEJORAMIENTO INTEGRAL DEL SISTEMA DE AGUA POTABLE Y ALCANTARILLADO RURAL EN EL CENTRO POBLADO DE COCHAMARCA NUEVO DEL DISTRITO DE VICCO - PROVINCIA DE PASCO - DEPARTAMENTO DE PASCO,Administración directa,Finalizado,22/04/2021 00:00:00,2586370.39,VICCO,PASCO,PASCO
141303,2510702,2510702,"CREACION DEL SERVICIO DE MOVILIDAD URBANA A TRAVÉS DE PISTAS Y VEREDAS DEL JR. 28 DE JULIO (CDRA. 01), JR. LIBERTAD (CDRA. 01 Y 02) Y VÍAS PERIMETRICAS DE LA PLAZA HUAGAYCONDOR DE LA LOCALIDAD DE NINACACA DEL DISTRITO DE NINACACA - PROVINCIA DE PASCO - DEPARTAMENTO DE PASCO",Contrata,Finalizado,15/06/2021 00:00:00,242682.95,NINACACA,PASCO,PASCO
141029,2504457,2504457,"REPARACION DE VIAS VECINALES; EN EL(LA) TRAMO PUENTE ESPERANZA-RIO CHILAC Y PUENTE ESPERANZA-RIO PANCHA-ZONA DE PRODUCCION CHICOS EN LA LOCALIDAD LUCMA, DISTRITO DE HUACHON, PROVINCIA PASCO, DEPARTAMENTO PASCO",Administración directa,Finalizado,18/02/2021 00:00:00,142000,HUACHON,PASCO,PASCO
141028,2455683,2455683,CREACION DEL SERVICIO DE AGUA POTABLE Y ALCANTARILLADO EN EL CASERIO DE HUARANCAYO DEL CENTRO POBLADO DE LUCMA DEL DISTRITO DE HUACHON - PROVINCIA DE PASCO - DEPARTAMENTO DE PASCO,Administración directa,Finalizado,14/12/2020 00:00:00,127015.38,HUACHON,PASCO,PASCO
141027,2435192,2435192,AMPLIACION DE SANEAMIENTO BASICO DEL BARRIO AGOCHINCHAN DEL CENTRO POBLADO DE QUIPARACRA DEL DISTRITO DE HUACHON - PROVINCIA DE PASCO - DEPARTAMENTO DE PASCO,Administración directa,En Ejecución,15/09/2021 00:00:00,127841.87,HUACHON,PASCO,PASCO
140735,2466757,2466757,MEJORAMIENTO DE CAPACIDADES TECNICO PRODUCTIVAS PARA LA CRIANZA DE GALLINAS DE POSTURA EN LA LOCALIDAD DE LA FLORIDA DEL DISTRITO DE HUACHON - PROVINCIA DE PASCO - DEPARTAMENTO DE PASCO,Administración directa,Finalizado,20/07/2020 00:00:00,145643,HUACHON,PASCO,PASCO
140657,2173289,250722,"ETAPA II DEL PROYECTO: INSTALACION DE LA PLANTA DE TRATAMIENTO DE AGUAS RESIDUALES PUCAYACU PARA EL AA.HH. HAYA DE LA TORRE, TECHO PROPIO, COLUMNA PASCO, ASOCIACIONES DE VIVIENDA LOS JARDINES DE PUCAYACU Y LOS PROCERES, DISTRITO DE YANACANCHA, PROVINCIA PASCO Y REGION PASCO",Contrata,Finalizado,28/12/2020 00:00:00,10070738.64,YANACANCHA,PASCO,PASCO
140615,2173517,250207,MEJORAMIENTO Y AMPLIACIÓN DE LA PISTA DE ATERRIZAJE Y PLATAFORMA DEL AERÓDROMO DE VICCO EN LA PROVINCIA DE PASCO - REGION PASCO,Contrata,Sin Ejecución,"","",VICCO,PASCO,PASCO
140574,2445229,2445229,MEJORAMIENTO Y AMPLIACION DE SISTEMA DE AGUA POTABLE DEL SECTOR DE AGUARUNA DEL DISTRITO DE PALCAZU - PROVINCIA DE OXAPAMPA - DEPARTAMENTO DE PASCO,Contrata,Finalizado,27/04/2021 00:00:00,818692.94,PALCAZU,OXAPAMPA,PASCO
140516,2337878,376804,CREACION DE BANDA ANCHA PARA LA CONECTIVIDAD INTEGRAL Y DESARROLLO SOCIAL DE LA REGION PASCO,Contrata,En Ejecución,27/05/2019 00:00:00,303274127,,PASCO,PASCO
140483,0,0,"ADQUISICION DE CASETA, EN EL(LA) EN LA CADENA DEL VALOR DEL CULTIVO DE CACAO EN LA LOCALIDAD CONSTITUCION, DISTRITO DE CONSTITUCION, PROVINCIA OXAPAMPA, DEPARTAMENTO PASCO",Administración directa,Finalizado,1/12/2020 00:00:00,50000,CONSTITUCION,OXAPAMPA,PASCO
140177,2399832,2399832,MEJORAMIENTO DEL CAMINO VECINAL ENTRE LA CC.NN DE KIMPIRARI KM 000 Y LA CC.NN DE CAHUAPANAS DISTRITO DE CONSTITUCION - PROVINCIA DE OXAPAMPA - REGIÓN PASCO,Contrata,En Ejecución,10/11/2022 00:00:00,7997588.52,CONSTITUCION,OXAPAMPA,PASCO
140078,2496492,2496492,MEJORAMIENTO Y AMPLIACION DE ÁREAS VERDES Y ORNATO PÚBLICO DEL MARGEN DERECHO DEL JIRON HUALLAGA EN EL DISTRITO DE HUARIACA - PROVINCIA DE PASCO - DEPARTAMENTO DE PASCO,Contrata,Finalizado,22/06/2021 00:00:00,318680.15,HUARIACA,PASCO,PASCO
140065,2489123,2489123,"MEJORAMIENTO DE LOS SERVICIOS DE SALUD DEL CENTRO DE SALUD TAPUC, DISTRITO DE TAPUC - PROVINCIA DE DANIEL ALCIDES CARRION - DEPARTAMENTO DE PASCO",Contrata,Sin Ejecución,"","",TAPUC,DANIEL ALCIDES CARRION,PASCO
139914,2450171,2450171,CREACION DE INFRAESTRUCTURA PARA PROTECCION GANADERA EN LA COMUNIDAD CAMPESINA DE PILCO CANCHA DEL DISTRITO DE TINYAHUARCO - PROVINCIA DE PASCO - DEPARTAMENTO DE PASCO,Administración directa,Finalizado,16/11/2020 00:00:00,115000,TINYAHUARCO,PASCO,PASCO
139589,2505115,2505115,"MEJORAMIENTO DEL SERVICIO DE TRANSITABILIDAD VEHICULAR EN EL CAMINO VECINAL TRAMO LA HUECA, SAN AGUSTIN DE HUAYCHAO, JATUMPAMPA, LOS ANDES DE PUCARA DEL DISTRITO DE HUAYLLAY - PROVINCIA DE PASCO - DEPARTAMENTO DE PASCO",Contrata,Paralizada,7/05/2024 00:00:00,25912125.74,HUAYLLAY,PASCO,PASCO
139579,2506636,2506636,"CONSTRUCCION DE AMBIENTE DE MANEJO DE RESIDUOS SOLIDOS Y SSHH; EN EL(LA) EESS DR.DANIEL ALCIDES CARRION GARCIA. - YANACANCHA DISTRITO DE YANACANCHA, PROVINCIA PASCO, DEPARTAMENTO PASCO",Contrata,Sin Ejecución,"","",YANACANCHA,DANIEL ALCIDES CARRION,PASCO
139376,2467134,2467134,MEJORAMIENTO Y AMPLIACIÓN DEL PARQUE DE LA LOCALIDAD DE TAPUC DEL DISTRITO DE TAPUC - PROVINCIA DE DANIEL ALCIDES CARRIÓN - DEPARTAMENTO PASCO,Contrata,Finalizado,22/08/2022 00:00:00,1086369.45,TAPUC,PASCO,PASCO
139373,2486054,2486054,"MEJORAMIENTO Y AMPLIACIÓN DEL PARQUE DE LA LOCALIDAD DE YANAHUANCA, DISTRITO DE YANAHUANCA - PROVINCIA DE DANIEL ALCIDES CARRIÓN - DEPARTAMENTO DE PASCO",Contrata,Sin Ejecución,"",2257074.98,YANAHUANCA,PASCO,PASCO
139188,2459542,2459542,"""CREACION DEL DRENAJE PLUVIAL EN EL ANEXO DE COCHAPAMPA DE LA LOCALIDAD DE MACHCAN DEL DISTRITO DE SAN FRANCISCO DE ASIS DE YARUSYACAN - PROVINCIA DE PASCO - DEPARTAMENTO DE PASCO""",Administración directa,Sin Ejecución,"",363880,SAN FRANCISCO DE ASIS DE YARUSYACAN,PASCO,PASCO
139186,2490101,2490101,"""REPARACION DE CAPTACION DE AGUA , LÍNEA DE CONDUCCIÓN Y RESERVORIO; EN SIETE LOCALIDADES DEL DISTRITO DE SAN FRANCISCO DE ASIS DE YARUSYACAN, PROVINCIA PASCO, DEPARTAMENTO PASCO""",Administración directa,Finalizado,11/11/2020 00:00:00,176734.13,SAN FRANCISCO DE ASIS DE YARUSYACAN,PASCO,PASCO
139184,2492706,2492706,"""MEJORAMIENTO Y FORTALECIMIENTO DE LAS CAPACIDADES DE PRODUCCION DE HORTALIZAS EN LAS 22 ANEXOS DEL DISTRITO DE SAN FRANCISCO DE ASIS DE YARUSYACAN - PROVINCIA DE PASCO - DEPARTAMENTO DE PASCO""",Administración directa,Sin Ejecución,"",335779.99,SAN FRANCISCO DE ASIS DE YARUSYACAN,PASCO,PASCO
139121,2484708,2484708,"""MEJORAMIENTO Y AMPLIACION DE LA TRANSITABILIDAD VEHICULAR PEATONAL EN EL CENTRO POBLADO DE SAN AGUSTIN DE HUAYCHAO EN EL DISTRITO DE HUAYLLAY - PROVINCIA PASCO - DEPARTAMENTO DE PASCO"" - PRIMERA ETAPA",Contrata,Sin Ejecución,"",2646600.67,HUAYLLAY,PASCO,PASCO
139090,2466071,2466071,CREACION DE PISCIGRANJA EN LA COMUNIDAD NATIVA REDENCION NEVATI DEL DISTRITIO DE PUERTO BERMUDEZ PROVINCIA DE OXAPAMPA - DEPARTAMENTO DE PASCO,Administración directa,Finalizado,27/10/2020 00:00:00,126581,PUERTO BERMUDEZ,OXAPAMPA,PASCO
139060,2454523,2454523,"MEJORAMIENTO DE REDES DE MT Y BT ALIMENTADORES A4962, A4963, A4971 y A4972 SEM PASCO",Contrata,Finalizado,3/09/2021 00:00:00,8460031.50,,PASCO,PASCO
139059,2468761,2468761,CREACION DE LOS SERVICIOS TURÍSTICOS EN LA ZONA DE PARCANGA EN EL ANEXO LOS ANGELES DEL DISTRITO DE SAN FRANCISCO DE ASIS DE YARUSYACAN - PROVINCIA DE PASCO - DEPARTAMENTO DE PASCO,Contrata,Sin Ejecución,"","",SAN FRANCISCO DE ASIS DE YARUSYACAN,PASCO,PASCO
139058,2493502,2493502,"MEJORAMIENTO Y AMPLIACION DEL SERVICIO DE AGUA POTABLE, SERVICIO DE ALCANTARILLADO RURAL Y PLANTA DE TRATAMIENTO DE AGUAS RESIDUALES EN EL ANEXO YANATAMBON DEL DISTRITO DE SAN FRANCISCO DE ASIS DE YARUSYACAN - PROVINCIA DE PASCO - DEPARTAMENTO DE PASCO",Contrata,Sin Ejecución,"",3565490.88,SAN FRANCISCO DE ASIS DE YARUSYACAN,PASCO,PASCO
139057,2493499,2493499,CREACION DE LOS SERVICIOS DEL POLIDEPORTIVO DE LA LOCALIDAD DE YARUSYACAN DEL DISTRITO DE SAN FRANCISCO DE ASIS DE YARUSYACAN - PROVINCIA DE PASCO - DEPARTAMENTO DE PASCO,Contrata,Sin Ejecución,"","",SAN FRANCISCO DE ASIS DE YARUSYACAN,PASCO,PASCO
138992,2459315,2459315,"REPARACION DE VIAS DE ACCESO; EN EL(LA) LOS TRAMOS DE LA RUTA B VIA PICHIS A QUEBRADA ENCANTO L 20.00KM DISTRITO DE PUERTO BERMÚDEZ, PROVINCIA OXAPAMPA, DEPARTAMENTO PASCO",Administración directa,Finalizado,20/10/2020 00:00:00,50000,OXAPAMPA,OXAPAMPA,PASCO
138706,2499199,2499199,"REPARACION DE PONTON; EN EL(LA) PONTON HUACASH EN LA LOCALIDAD HUACHON, DISTRITO DE HUACHON, PROVINCIA PASCO, DEPARTAMENTO PASCO",Administración directa,En Ejecución,20/11/2020 00:00:00,68349.09,HUACHON,PASCO,PASCO
138667,2485555,2485555,"ADQUISICION DE EQUIPO DE AMBIENTES DE BIENESTAR UNIVERSITARIO; EN EL(LA) COMEDOR UNIVERSITARIO EN LA LOCALIDAD YANACANCHA, DISTRITO DE YANACANCHA, PROVINCIA PASCO, DEPARTAMENTO PASCO",Administración directa,En Ejecución,24/11/2020 00:00:00,424867.80,YANACANCHA,PASCO,PASCO
138603,2498279,2498279,"REMODELACION DE AMBIENTE DE RECREACION ACTIVA EN EL(LA) PLAZA CHAUPIMARCA DISTRITO DE CHAUPIMARCA, PROVINCIA PASCO, DEPARTAMENTO PASCO",Administración directa,Finalizado,2/11/2020 00:00:00,472957.81,CHAUPIMARCA,PASCO,PASCO
138501,2499963,2499963,"CONSTRUCCION DE PUENTE; EN EL(LA) MODULAR L33.00 MTS EN LA LOCALIDAD PALCAMAYO, DISTRITO DE HUANCABAMBA, PROVINCIA OXAPAMPA, DEPARTAMENTO PASCO",Administración directa,Finalizado,19/11/2020 00:00:00,458442.25,HUANCABAMBA,OXAPAMPA,PASCO
138484,2499661,2499661,"CONSTRUCCION DE PUENTE; EN EL(LA) SECTOR LA FLANDEZ EN LA LOCALIDAD ALTO PLAYA PAMPA, DISTRITO DE OXAPAMPA, PROVINCIA OXAPAMPA, DEPARTAMENTO PASCO",Administración directa,En Ejecución,1/11/2020 00:00:00,87877.20,OXAPAMPA,OXAPAMPA,PASCO
138370,2474267,2474267,"REPARACION DE SISTEMAS DE CIELO RASO; EN EL(LA) CENTRO DE EDCACION TECNICO PRODUCTIVA EN LA LOCALIDAD GOYLLARISQUIZGA, DISTRITO DE GOYLLARISQUIZGA, PROVINCIA DANIEL ALCIDES CARRION, DEPARTAMENTO PASCO",Administración directa,Finalizado,2/11/2020 00:00:00,32350.77,GOYLLARISQUIZGA,DANIEL ALCIDES CARRION,PASCO
138347,2442281,2442281,MEJORAMIENTO Y AMPLIACION DEL CAMINO VECINAL RUTA PE-3N: EMP. PA 570 COLQUIJIRCA Y HUARAUCACA DEL DISTRITO DE TINYAHUARCO - PROVINCIA DE PASCO - DEPARTAMENTO DE PASCO,Contrata,Sin Ejecución,"","",TINYAHUARCO,PASCO,PASCO
138346,2029683,3527,"SALDO DE OBRA : MEJORAMIENTO DE LA CARRETERA CARHUAMAYO - PAUCARTAMBO - DIVISION EL MILAGRO - LLAUPI - OXAPAMPA TRAMO II KM 37 MAS 000 - 45 MAS 300, DISTRITO DE PAUCARTAMBO, PROVINCIA Y REGIOS PASCO.",Contrata,Finalizado,16/11/2020 00:00:00,3260538.12,OXAPAMPA,OXAPAMPA,PASCO
138302,2496113,2496113,CREACION DE PISTAS Y VEREDAS DEL ANEXO DE YARHUAY DEL DISTRITO DE PAUCARTAMBO - PROVINCIA DE PASCO - DEPARTAMENTO DE PASCO,Contrata,Finalizado,9/11/2022 00:00:00,6280084,PAUCARTAMBO,PASCO,PASCO
138253,2436036,2436036,"REMODELACIÓN DE INFRAESTRUCTURA DEL TRANSPORTE EN EL RAMAL LA OROYA CERRO DE PASCO DEL FERROCARRIL DEL CENTRO TRAMOPK 50 AL PK 115 PARA EL REPLAN DE DESCONTAMINACIÓN Y TRATAMIENTO DE PASIVOS AMBIENTALES. EN LA LOCALIDAD NINACACA, DISTRITO DE NINACACA, PROVINCIA PASCO, DEPARTAMENTO PASCO",Contrata,Sin Ejecución,"","",NINACACA,PASCO,PASCO
138207,2491135,2491135,"CONSULTORIA PARA LA ELABORACION DE EXPEDIENTE TECNICO DEL PROYECTO CONSTRUCCION DE PUENTE; EN DIEZ CARRETERAS VECINAL , DE LOS DISTRITOS VILCABAMBA, SANTA ANA DE TUSI, YANAHUANCA, TAPUC Y DEL DISTRITO DE SAN PEDRO DE PILLAO, PROVINCIA DANIEL ALCIDES CARRION, DEPARTAMENTO PASCO",Contrata,Sin Ejecución,"",4177531.98,VILCABAMBA,DANIEL ALCIDES CARRION,PASCO
138167,2453525,2453525,"REMODELACION DE LA LOSA DEPORTIVA Y REPARACION DEL CERCO PERIMÉTRICO EN EL AA.HH. JOSE CARLOS MARIATEGUI EN LA LOCALIDAD PARAGSHA-SAN ANDRES, DISTRITO DE SIMON BOLIVAR-PROVINCIA PASCO-DEPARTAMENTO PASCO",Contrata,Finalizado,19/04/2021 00:00:00,667548.03,SIMON BOLIVAR,PASCO,PASCO
138133,2466056,2466056,CREACIÓN DE PISCIGRANJA EN LA COMUNIDAD NATIVA DE CHINCHIHUAQUI DEL DISTRITO DE PUERTO BERMÚDEZ - PROVINCIA DE OXAPAMPA - DEPARTAMENTO DE PASCO,Administración directa,Finalizado,12/10/2020 00:00:00,126681,OXAPAMPA,OXAPAMPA,PASCO
138116,2457909,2457909,"REMODELACION DE LOSA DEPORTIVA Y REPARACION DE OBRAS EXTERIORES EN EL AA.HH. COLUMNA PASCO DISTRITO DE YANACANCHA, PROVINCIA PASCO, DEPARTAMENTO PASCO",Contrata,Finalizado,14/04/2023 00:00:00,713651.63,YANACANCHA,PASCO,PASCO
138113,2453579,2453579,"REMODELACION DE LA LOSA DEPORTIVA Y REPARACION DE CERCO PERIMÉTRICO EN EL ASENTAMIENTO HUMANO ULIACHIN SECTOR 6, DISTRITO DE CHAUPIMARCA, PROVINCIA PASCO, DEPARTAMENTO PASCO",Contrata,Finalizado,19/04/2021 00:00:00,662736.72,CHAUPIMARCA,PASCO,PASCO
138107,2453571,2453571,"REMODELACION DE LA LOSA DEPORTIVA Y REPARACION DEL CERCO PERIMÉTRICO EN EL AA.HH. ULIACHIN SECTOR 2 ,DISTRITO DE CHAUPIMARCA-PROVINCIA PASCO- DEPARTAMENTO PASCO",Contrata,Finalizado,16/04/2021 00:00:00,671366.12,CHAUPIMARCA,PASCO,PASCO
138085,2400173,2400173,"MEJORAMIENTO DE VÍAS CON GRADERÍAS Y MUROS DE CONTENCIÓN EN EL JR. PAMPA SILVA CUADRA 4 DEL SECTOR 4, DEL AA.HH TÚPAC AMARU, CENTRO POBLADO DE CERRO DE PASCO - DISTRITO DE CHAUPIMARCA - PROVINCIA DE PASCO - REGIÓN PASCO",Contrata,Finalizado,11/08/2021 00:00:00,631505.61,CHAUPIMARCA,PASCO,PASCO
138084,2403365,2403365,MEJORAMIENTO DE VIAS CON GRADERIAS Y MUROS DE CONTENCION EN EL JIRON HUARICAPCHA CUADRA 4 DEL SECTOR 4 DEL AA.HH TUPAC AMARU - DISTRITO DE CHAUPIMARCA - PROVINCIA DE PASCO - REGIÓN PASCO,Contrata,Finalizado,19/04/2021 00:00:00,373429.21,CHAUPIMARCA,PASCO,PASCO
138046,2498589,2498589,"MEJORAMIENTO DE LA CARRETERA VECINAL TRAMO CIRCUITO OCONAL MARGEN IZQUIERDA-ANTEMA-HASTA EL EMPALME CON EL CIRCUITO EL DUENDE,EN EL DISTRITO DE VILLA RICA-PROVINCIA DE OXAPAMPA-DEPARTAMENTO DE PASCO",Administración directa,Finalizado,25/11/2020 00:00:00,140241.53,VILLA RICA,OXAPAMPA,PASCO
137986,2498438,2498438,"MEJORAMIENTO DE LA CARRETERA VECINAL CIRCUITO LOMA DEL DIABLO TRAMO SAN JOSE - LOMA DEL DIABLO - EL OCONAL, EN EL DISTRITO DE VILLA RICA - PROVINCIA DE OXAPAMPA - DEPARTAMENTO DE PASCO",Administración directa,Finalizado,12/11/2020 00:00:00,155119.51,VILLA RICA,OXAPAMPA,PASCO
137984,2492973,2492973,MEJORAMIETNO DE LAS INSTALACIONES EN LOS ESPACIOS RECREATIVOS DE SANTA APOLONIA EN EL DISTRITO DE VILLA RICA - PROVINCIA DE OXAPAMPA - DEPARTAMENTO DE PASCO,Administración directa,Finalizado,9/11/2020 00:00:00,346318.94,VILLA RICA,OXAPAMPA,PASCO
137981,2496028,2496028,"MEJORAMIENTO DE LA CARRETERA VECINAL TRAMO CANAL DE PIEDRA - LOS ALPES, EN EL DISTRITO DE VILLA RICA - PROVINCIA DE OXAPAMPA - DEPARTAMENTO DE PASCO",Administración directa,Finalizado,10/11/2020 00:00:00,112254.76,VILLA RICA,OXAPAMPA,PASCO
137955,2496105,2496105,"MEJORAMIENTO DE LA CARRETERA VECINAL TRAMO ALTO ACOMAYO MARGEN IZQUIERDO - SANTA ANGELA, EN EL DISTRITO DE VILLA RICA - PROVINCIA DE OXAPAMPA - DEPARTAMENTO DE PASCO",Administración directa,Finalizado,12/11/2020 00:00:00,138957.94,VILLA RICA,OXAPAMPA,PASCO
137799,2482677,2482677,MEJORAMIENTO Y AMPLIACION DE INFRAESTRUCTURA DE LA INSTITUCION EDUCATIVA N° 34015 EL BOSQUE EN EL CENTRO POBLADO DE CANCHACUCHO DEL DISTRITO DE HUAYLLAY - PROVINCIA DE PASCO - DEPARTAMENTO DE PASCO,Contrata,En Ejecución,30/12/2022 00:00:00,1172491.78,HUAYLLAY,PASCO,PASCO
137658,2466845,2466845,"CREACION DE PISTAS, VEREDAS Y MUROS DE CONTENCION EN EL JR. 2 DE MAYO EN LA LOCALIDAD DE HUAYLLAY, DISTRITO DE HUAYLLAY - PROVINCIA DE PASCO - DEPARTAMENTO DE PASCO",Contrata,Finalizado,2/06/2023 00:00:00,722546.35,HUAYLLAY,PASCO,PASCO
137641,2496531,2496531,"MEJORAMIENTO DE PISTAS Y VEREDAS, MURO DE CONTENCION EN LA CALLE MARAVILCA, ENTRE EL PASAJE CHAVIN TRAMO CARRETERA A CANTA, DISTRITO DE HUAYLLAY - PROVINCIA DE PASCO - DEPARTAMENTO DE PASCO",Contrata,Finalizado,22/02/2021 00:00:00,715400.40,HUAYLLAY,PASCO,PASCO
137511,2484688,2484688,"REPARACION DE PUENTE; EN EL(LA) YANAYACU EN EL SECTOR DE RUMICHACA DE LA LOCALIDAD DE HUAYLLAY DEL DISTRITO DE HUAYLLAY, PROVINCIA PASCO, DEPARTAMENTO PASCO",Administración directa,Finalizado,16/11/2020 00:00:00,63974.38,HUAYLLAY,PASCO,PASCO
137485,2485990,2485990,"MEJORAMIENTO DEL SERVICIO EDUCATIVO DE LA INSTITUCION EDUCATIVA KLEVER MELENDEZ GAMARRA DEL NIVEL INICIAL - BARRIO LA FLORIDA, DISTRITO DE HUAYLLAY - PROVINCIA DE PASCO - DEPARTAMENTO DE PASCO",Contrata,Sin Ejecución,"",3381768.15,HUAYLLAY,PASCO,PASCO
137357,2483541,2483541,MEJORAMIENTO DE CRIANZA DE GANADO OVINO EN LA COMUNIDAD CAMPESINA DE DEL LLICLLAO DEL DISTRITO DE YANAHUANCA - PROVINCIA DE DANIEL ALCIDES CARRION - DEPARTAMENTO DE PASCO,Administración directa,Finalizado,1/10/2021 00:00:00,168868.98,YANAHUANCA,DANIEL ALCIDES CARRION,PASCO
137356,2483600,2483600,MEJORAMIENTO DE CRIANZA DE GANADO OVINO EN LA COMUNIDAD CAMPESINA DE SANTA ROSA DE CHONTA DEL DISTRITO DE YANAHUANCA - PROVINCIA DE DANIEL ALCIDES CARRION - DEPARTAMENTO DE PASCO,Contrata,Sin Ejecución,"",184072.85,YANAHUANCA,DANIEL ALCIDES CARRION,PASCO
137314,2142691,171119,"CONSTRUCCION DE PISTAS, VEREDAS, Y DRENAJE PLUVIAL EN LOS JIRONES, LAS PALMERAS, LOS QUINUALES, PROLONGACION COLUMNA PASCO, Y PASAJE EUCALIPTOS DE LA ASOCIACION PRO VIVIENDA DE LA REGION AGRARIA,, DISTRITO DE YANACANCHA PASCO PASCO. II ETAPA.",Contrata,Finalizado,23/03/2021 00:00:00,724758.02,YANACANCHA,PASCO,PASCO
137313,2158359,151696,"MEJORAMIENTO DEL SERVICIO EDUCACION PRIMARIA DE LA INSTITUCION EDUCATIVA EULOGIO VENTO SANTAMARIA N 34116, EN LA LOCALIDAD DE YANACOCHA, DISTRITO DE YANAHUANCA, PROVINCIA DANIEL CARRION, DEPARTAMENTO DE PASCO",Contrata,Finalizado,17/03/2021 00:00:00,5159121.97,YANAHUANCA,PASCO,PASCO
137312,2490938,2490938,"CONSTRUCCION DE LÍNEA DE CONDUCCIÓN; EN EL(LA) SISTEMA DE AGUA POTABLE DE LA ZONA URBANA DEL DISTRITO DE YANACANCHA Y EL DISTRITO DE CHAUPIMARCA, PROVINCIA PASCO, DEPARTAMENTO PASCO",Contrata,Finalizado,6/08/2021 00:00:00,1054697.59,YANACANCHA,PASCO,PASCO
137311,2260943,315957,"MEJORAMIENTO DE LA TRANSITABILIDAD PEATONAL Y VEHICULAR DE LAS CALLES PADRE JOSE EGG, INGOBERT WITTING, PADRE JOSE GSTIR, POLICIA NACIONAL Y PSAJE. MALDONADO EN LA LOCALIDAD DE POZUZO, DISTRITO DE POZUZO - OXAPAMPA - PASCO",Contrata,Finalizado,1/04/2021 00:00:00,1759940.32,POZUZO,OXAPAMPA,PASCO
137310,2230672,224625,"MEJORAMIENTO DE LAS CALLES PRINCIPALES DEL CENTRO POBLADO DE PARIAMARCA , DISTRITO DE YANACANCHA PASCO PASCO",Contrata,Finalizado,15/03/2021 00:00:00,1643248.33,YANACANCHA,PASCO,PASCO
137309,2445402,2445402,CREACION DEL TRANSITO VEHICULAR Y PEATONAL SOBRE EL RIO OMAIZ DEL CENTRO POBLADO DE 7 DE JUNIO (VILLA AMERICA) DEL DISTRITO DE PALCAZU PROVINCIA DE OXAPAMPA DEPARTAMENTO DE PASCO,Contrata,Finalizado,6/04/2021 00:00:00,1543636.52,PALCAZU,OXAPAMPA,PASCO
137308,2206564,201725,"CREACION DEL CAMINO VECINAL SAN PEDRO DE PILLAO CHAUCHAG, DISTRITO DE SAN PEDRO DE PILLAO, PROVINCIA DE DANIEL ALCIDES CARRION - PASCO",Contrata,Finalizado,4/03/2021 00:00:00,1598390.19,SAN PEDRO DE PILLAO,DANIEL ALCIDES CARRION,PASCO
137307,2318586,355621,"MEJORAMIENTO VIAL CON PISTAS Y VEREDAS DEL CENTRO POBLADO DE QUIPARACRA DISTRITO DE HUACHON, PROVINCIA DE PASCO - PASCO",Contrata,Finalizado,2/03/2021 00:00:00,1730728.20,HUACHON,PASCO,PASCO
137306,2160593,2160593,"INSTALACIÓN DEL SERVICIO DE AGUA PARA RIEGO EN LAS LOCALIDADES DE QUICHAS ALTA, SAN MIGUEL Y QUICHAS BAJA DISTRITO DE YANACANCHA - PROVINCIA Y REGIÓN PASCO",Contrata,En Ejecución,8/03/2021 00:00:00,"",YANACANCHA,PASCO,PASCO
137305,2162822,218632,"CREACION DEL PARQUE PRINCIPAL DEL ANEXO DE TAYAPAMPA, DISTRITO DE PAUCARTAMBO, PROVINCIA Y REGIÓN DE PASCO",Contrata,Finalizado,1/06/2021 00:00:00,1793283.74,PAUCARTAMBO,PASCO,PASCO
137304,2236173,233185,"CREACION DE PISTAS Y VEREDAS DEL JR. LUIS OROPEZA TRAMO ENTRE JR. ARICA Y JR. JUNIN DE LA LOCALIDAD DE HUAYLLAY, DISTRITO DE HUAYLLAY - PASCO - PASCO",Contrata,Finalizado,12/03/2021 00:00:00,1470309.48,HUAYLLAY,PASCO,PASCO
137303,2499927,2499927,"REPARACION DE PISTA; EN EL(LA) AV. LEOPOLDO KRAUSSE DEL DISTRITO DE VILLA RICA, PROVINCIA OXAPAMPA, DEPARTAMENTO PASCO",Contrata,Finalizado,26/03/2021 00:00:00,1799086,VILLA RICA,OXAPAMPA,PASCO
137302,2497018,2497018,CREACION DE PAVIMENTACIÓN DE VÍAS URBANAS DE LA LOCALIDAD HUICHPIN DEL DISTRITO DE PALLANCHACRA - PROVINCIA DE PASCO - DEPARTAMENTO DE PASCO,Contrata,Finalizado,23/03/2021 00:00:00,1793864.88,PALLANCHACRA,PASCO,PASCO
137301,2148347,176661,"CONSTRUCCION DE DEFENSA RIBEREÑA DEL RIO TINGO, EN EL CENTRO POBLADO DE HUICHPIN, DISTRITO DE PALLANCHACRA - PROVINCIA DE PASCO, DEPARTAMENTO DE PASCO",Contrata,Finalizado,17/05/2021 00:00:00,1073893.02,PALLANCHACRA,PASCO,PASCO
137251,2476456,2476456,MEJORAMIENTO DEL SERVICIO DE TRANSITABILIDAD VEHICULAR Y PEATONAL EN LA CALLE JANAMPA ENTRE PARQUE UNIVERSITARIO Y AV. LOS INCAS DEL DISTRITO DE YANACANCHA - PROVINCIA DE PASCO - DEPARTAMENTO DE PASCO,Contrata,Finalizado,11/03/2021 00:00:00,175596.57,YANACANCHA,PASCO,PASCO
137191,2493296,2493296,"EJECUCION DE OBRA: CREACION DEL SERVICIO DE TRANSITABILIDAD VEHICULAR HUACHUACOCHA - MANTACOCHA, DISTRITO DE SAN PEDRO DE PILLAO - PROVINCIA DE DANIEL ALCIDES CARRION - DEPARTAMENTO DE PASCO",Contrata,Finalizado,13/01/2021 00:00:00,1702276.28,SAN PEDRO DE PILLAO,DANIEL ALCIDES CARRION,PASCO
137178,2234298,254219,"SERVICIO DE CONSULTORIA PARA LA ELABORACION DEL EXPEDIENTE TECNICO DEL PROYECTO MEJORAMIENTO DE LA CADENA PRODUCTIVA DEL GANADO VACUNO DE LECHE EN LA PROVINCIA PASCO, REGION PASCO.",Contrata,Sin Ejecución,"","",,PASCO,PASCO
137084,2435663,2435663,MEJORAMIENTO GENETICO DE GANADO OVINO EN LA COMUNIDAD DE PUCAYACU DEL DISTRITO DE YANACANCHA - PROVINCIA DE PASCO - DEPARTAMENTO DE PASCO,Administración directa,Finalizado,26/08/2020 00:00:00,118795.88,YANACANCHA,PASCO,PASCO
136993,2450169,2450169,CREACION DEL LOCAL DE USOS MULTIPLES PARA LA MEJORA NUTRICIONAL EN EL CENTRO POBLADO DE NUEVO SMELTER DEL DISTRITO DE TINYAHUARCO - PROVINCIA DE PASCO - DEPARTAMENTO DE PASCO,Administración directa,Finalizado,17/09/2020 00:00:00,100000,TINYAHUARCO,PASCO,PASCO
136589,2454422,2454422,"RECUPERACION DEL AREA DEGRADADA POR RESIDUOS SOLIDOS EN LA LOCALIDAD DE SAN PEDRO DE PILLAO, DISTRITO DE SAN PEDRO DE PILLAO - PROVINCIA DE DANIEL ALCIDES CARRION - DEPARTAMENTO DE PASCO",Administración directa,Finalizado,16/02/2021 00:00:00,265328.91,SAN PEDRO DE PILLAO,DANIEL ALCIDES CARRION,PASCO
136394,2483835,2483835,CREACION DEL PUENTE CARROZABLE PAMPAMARCA DEL CENTRO POBLADO DE SANTA ISABEL DEL DISTRITO DE PAUCARTAMBO - PROVINCIA DE PASCO - DEPARTAMENTO DE PASCO,Contrata,Finalizado,10/01/2022 00:00:00,12398602.16,PAUCARTAMBO,PASCO,PASCO
136360,2493033,2493033,MEJORAMIENTO Y AMPLIACION DE LA CARRETERA YANAORGO EN EL CENTRO POBLADO DE QUIPARACRA DEL DISTRITO DE HUACHON - PROVINCIA DE PASCO - DEPARTAMENTO DE PASCO,Administración directa,Finalizado,14/09/2020 00:00:00,224000.01,HUACHON,PASCO,PASCO
136301,2257047,310864,"SERVICIO DE CONSULTORIA PARA LA ELABORACION DEL EXPEDIENTE TECNICO DEL PROYECTO: INSTALACION DEL SERVICIO DE EDUCACIÓN INICIAL EN LOS CENTROS POBLADOS TINGO MAL PASO, DISTRITO DE POZUZO, ANANA, Y ANCAHUACHANAN DISTRITO HUANCABAMBA, PROVINCIA OXAPAMPA, REGIÓN PASCO.",Contrata,Sin Ejecución,"","",POZUZO,OXAPAMPA,PASCO
136262,2487121,2487121,"MEJORAMIENTO DEL SERVICIO DE TRANSITABILIDAD VIAL INTERURBANA DEL CAMINO VECINAL, TRAMO: YARINA - BUENA VISTA DEL DISTRITO DE CONSTITUCION - PROVINCIA DE OXAPAMPA - DEPARTAMENTO DE PASCO. - I ETAPA",Administración directa,Finalizado,2/11/2020 00:00:00,5416268.58,CONSTITUCION,OXAPAMPA,PASCO
136252,2493969,2493969,MEJORAMIENTO DE LOS PUENTES DE ACCESO AL CASERIO DE VILLA CARRION DEL CENTRO POBLADO DE SUNEC DEL DISTRITO DE TICLACAYAN - PROVINCIA DE PASCO - DEPARTAMENTO DE PASCO,Contrata,Finalizado,29/12/2020 00:00:00,1169309.65,TICLACAYAN,PASCO,PASCO
136251,2402372,2402372,CREACION DEL SERVICIO DE DISPOSICION DE EXCRETAS EN EL CASERIO DE RACRAYTINGO DEL DISTRITO DE TICLACAYAN - PROVINCIA PASCO - DEPARTAMENTO PASCO,Contrata,Finalizado,11/01/2021 00:00:00,859209.27,TICLACAYAN,PASCO,PASCO
136248,2333339,372621,"MEJORAMIENTO Y AMPLIACION DEL SERVICIO DE AGUIA POTABLE Y DISPOSICION DE EXCRETAS EN EL ANEXO DE TOMACONGA DEL CENTRO POBLADO DE HUAMANMARCA, DISTRITO DE TICLACAYAN - PASCO - PASCO",Contrata,Finalizado,29/12/2020 00:00:00,1761904.59,TICLACAYAN,PASCO,PASCO
136247,2402372,2402372,"CREACION DE DISPOSICION DE EXCRETAS EN EL CASERIO DE RACRAYTINGO, DISTRITO DE TICLACAYAN, PASCO - PASCO",Contrata,Sin Ejecución,"",859209.27,TICLACAYAN,PASCO,PASCO
135936,2495113,2495113,"CONSTRUCCION DE PUENTE; EN EL(LA) SECTOR MARAPARA DE LA AV. REMIGIO MORALES EN LA LOCALIDAD PUERTO BERMUDEZ, DISTRITO DE PUERTO BERMUDEZ, PROVINCIA OXAPAMPA, DEPARTAMENTO PASCO",Contrata,Finalizado,23/04/2021 00:00:00,1353498.56,PUERTO BERMUDEZ,OXAPAMPA,PASCO
135871,2408215,2408215,MEJORAMIENTO DEL CAMINO VECINAL EN LA COMUNIDAD SANTA FELIZA II - DISTRITO DE VILLA RICA - PROVINCIA DE OXAPAMPA - DEPARTAMENTO DE PASCO,Administración directa,Finalizado,13/10/2020 00:00:00,116419.91,VILLA RICA,OXAPAMPA,PASCO
135870,2432534,2432534,MEJORAMIENTO DEL CAMINO VECINAL DE LA COMUNIDAD FUNDO VIDURRIZAGA DEL DISTRITO DE VILLA RICA - PROVINCIA DE OXAPAMPA - DEPARTAMENTO DE PASCO,Administración directa,Finalizado,13/10/2020 00:00:00,106027.41,VILLA RICA,OXAPAMPA,PASCO
135865,2335136,374252,"MEJORAMIENTO DEL CAMINO VECINAL DEL ANEXO ALTO CHIVIS DEL C.P. SAN JUAN DE CACAZU,DISTRITO DE VILLA RICA - OXAPAMPA - PASCO",Administración directa,Finalizado,13/10/2020 00:00:00,119820,VILLA RICA,OXAPAMPA,PASCO
135800,2432769,2432769,"""MEJORAMIENTO DEL CAMINO VECINAL EN LA COMUNIDAD CHUCHUMAS, DISTRITO DE VILLA RICA, OXAPAMPA, PASCO""",Administración directa,Finalizado,1/10/2020 00:00:00,198855,VILLA RICA,OXAPAMPA,PASCO
135772,2466013,2466013,"CREACION DEL MURO DE CONTENCION EN MARGEN DERECHA DEL RIO TINGO DEL ANEXO DE PACHACRAHUAY, DISTRITO DE SAN FRANCISCO DE ASIS DE YARUSYACAN - PASCO - PASCO",Contrata,Finalizado,12/07/2021 00:00:00,818250.94,SAN FRANCISCO DE ASIS DE YARUSYACAN,PASCO,PASCO
135735,2482414,2482414,MEJORAMIENTO DE LA TRANSITABILIDAD VEHICULAR - PEATONAL Y EQUIPAMIENTO URBANO DEL CENTRO POBLADO DE SACRAFAMILIA DEL DISTRITO DE SIMON BOLIVAR - PROVINCIA DE PASCO - DEPARTAMENTO DE PASCO,Contrata,Sin Ejecución,"",136195.60,SIMON BOLIVAR,PASCO,PASCO
135733,2488769,2488769,"CREACION SERVICIO DE AGUA POTABLE Y DISPOSICIÓN SANITARIAS DE EXCRETAS EN CENTROS POBLADOS, COMUNIDADES CAMPESINAS Y ANEXOS (CASERÍOS Y HACIENDAS) DEL DISTRITO DE SIMON BOLIVAR - PROVINCIA DE PASCO - DEPARTAMENTO DE PASCO",Contrata,Sin Ejecución,"",197122.30,SIMON BOLIVAR,PASCO,PASCO
135732,2503799,2503799,MEJORAMIENTO DEL SERVICIO DE TRANSITABILIDAD DEL CAMINO VECINAL ENTRE LOS TRAMOS: C.C. SAN ANTONIO DE RANCAS PA 561 - EMP PA 100 C.C. YURAJHUANCA DEL DISTRITO DE SIMON BOLIVAR - PROVINCIA DE PASCO - DEPARTAMENTO DE PASCO,Contrata,Sin Ejecución,"",154434.43,SIMON BOLIVAR,PASCO,PASCO
135707,2468083,2468083,"""MEJORAMIENTO DE LA LOSA DEPORTIVA DEL AA.HH. JOSÉ CARLOS MAREATEGUI SECT. 2 DEL DISTRITO DE SIMON BOLIVAR - PROVINCIA DE PASCO - DEPARTAMENTO DE PASCO""",Contrata,Finalizado,4/05/2021 00:00:00,1518705.68,SIMON BOLIVAR,PASCO,PASCO
135672,2473715,2473715,"MEJORAMIENTO DEL SERVICIO DEL TRANSITABILIDAD VEHICULAR Y PEATONAL EN EL PASAJE 17 EL OLIVAR YANACANCHA ANTIGUA, DISTRITO DE YANACANCHA - PROVINCIA DE PASCO - DEPARTAMENTO DE PASCO",Contrata,Finalizado,1/02/2021 00:00:00,350895.55,YANACANCHA,PASCO,PASCO
135607,2226795,236633,"REHABILITACION, MEJORAMIENTO DEL CAMINO VECINAL, DESVIO CARRETERA FERNANDO BELAUNDE TERRY - YARINA - PUERTO LIBRE, DISTRITO DE CONSTITUCION - OXAPAMPA - PASCO",Contrata,Finalizado,23/04/2021 00:00:00,8887534.23,CONSTITUCION,OXAPAMPA,PASCO
135589,2331208,369754,CREACION DEL SERVICIO DE TRANSITABILIDAD VEHICULAR TROCHA CARROZABLE TRAMO VISTA ALEGRE CHAMAYOG PRIMAVERA DISTRITO DE YANAHUANCA PROVINCIA DE DANIEL ALCIDES CARRION PASCO,Contrata,Finalizado,25/09/2024 00:00:00,1985440.18,YANAHUANCA,DANIEL ALCIDES CARRION,PASCO
135508,2458606,2458606,"REPARACION DE VIAS DE ACCESO; EN EL(LA) EN LOS TRAMOS DE MAGONTONI,SHUMAUANI Y OWAY L 20 KM DISTRITO DE PUERTO BERMUDEZ, PROVINCIA OXAPAMPA, DEPARTAMENTO PASCO",Administración directa,Finalizado,23/12/2020 00:00:00,50000,PUERTO BERMUDEZ,OXAPAMPA,PASCO
135408,2491856,2491856,MEJORAMIENTO DEL SERVICIO DE AGUA POTABLE EN EL CENTRO POBLADO SANTA ISABEL DEL DISTRITO DE PAUCARTAMBO - PROVINCIA DE PASCO - DEPARTAMENTO DE PASCO,Contrata,Finalizado,8/03/2021 00:00:00,369773.37,PAUCARTAMBO,PASCO,PASCO
135407,2458173,2458173,"CONSTRUCCION DE CERCO PERIMÉTRICO; EN EL(LA) IE 34557 - PAUCARTAMBO EN LA LOCALIDAD MASHAMPAMPA, DISTRITO DE PAUCARTAMBO, PROVINCIA PASCO, DEPARTAMENTO PASCO",Contrata,Finalizado,18/08/2021 00:00:00,205301.76,PAUCARTAMBO,PASCO,PASCO
135406,2498386,2498386,CREACION DEL SERVICIO DE ESPACIOS PUBLICOS URBANOS PARA ACTIVIDADES CULTURALES DE RECREACCION Y ESPARCIMIENTO EN LA LOCALIDAD DE PAUCARTAMBO DEL DISTRITO DE PAUCARTAMBO - PROVINCIA DE PASCO - DEPARTAMENTO DE PASCO,Contrata,Finalizado,23/02/2021 00:00:00,306716.88,PAUCARTAMBO,PASCO,PASCO
135371,2469773,2469773,"CREACIÓN DEL CERCO PERIMETRICO DEL CEMENTERIO DE LA COMUNIDAD CAMPESINA DE TAMBOPAMPA,DISTRITO DE YANAHUANCA, PROVINCIA DANIEL ALCIDESCARRION-PASCO",Contrata,Finalizado,9/02/2021 00:00:00,530082.36,YANAHUANCA,PASCO,PASCO
135364,2483566,2483566,"CONSTRUCCIÓN DE INFRAESTRUCTURA DE ALMACENAMIENTO; EN EL (LA) PARA DISPOSICIÓN SEGURA DE LOS RESIDUOS SÓLIDOS EN LA LOCALIDAD DE GRAMAZU, DISTRITO DE HUANCABAMBA, PROVINCIA DE OXAPAMPA, DEPARTAMENTO PASCO",Administración directa,Finalizado,4/01/2021 00:00:00,999697.74,HUANCABAMBA,OXAPAMPA,PASCO
135319,2487113,2487113,CREACIÓN DE VEREDAS EN LA AV. PROLONGACIÓN 28 DE JULIO EN EL AA.HH. JOSÉ CARLOS MARIÁTEGUI SECTOR I DISTRITO DE SIMÓN BOLÍVAR PROVINCIA DE PASCO DEPARTAMENTO DE PASCO,Contrata,Finalizado,4/08/2022 00:00:00,629891.62,,PASCO,PASCO
135260,2300228,332768,"CONTRATACION DE EJECUCIÓN DE SALDO DE OBRA: MEJORAMIENTO Y AMPLIACIÓN DE LOS SERVICIOS DE SALUD DE SEGUNDO NIVEL DE COMPLEJIDAD 1-3 DEL CC. PP DE PARAGSHA, DISTRITO DE SIMÓN BOLÍVAR PASCO PASCO",Contrata,Finalizado,2/02/2021 00:00:00,2524255.01,,PASCO,PASCO
135198,2235146,250123,MEJORAMIENTO DEL SERVICIO EDUCATIVO DE LA I.E. N° 34036 SAGRADA FAMILIA DEL CENTRO POBLADO DE SACRA FAMILIA DISTRITO DE SIMON BOLIVAR PASCO PASCO,Contrata,Sin Ejecución,"",3581784.65,SIMON BOLIVAR,PASCO,PASCO
134712,2160593,211146,"INSTALACIÓN DEL SERVICIO DE AGUA PARA RIEGO EN LAS LOCALIDADES DE QUICHAS ALTA, SAN MIGUEL Y QUICHAS BAJA DISTRITO DE YANACANCHA - PROVINCIA Y REGIÓN PASCO",Contrata,Finalizado,8/03/2021 00:00:00,1758689.26,YANACANCHA,PASCO,PASCO
134705,2332752,2332752,"MEJORAMIENTO Y AMPLIACIÓN DEL SERVICIO DE ENERGÍA ELÉCTRICA CONVENCIONAL DE LAS LOCALIDADES DE COLQUIJIRCA Y VILLA DE PASCO, DISTRITO DE FUNDICIÓN DE TINYAHUARCO PROVINCIA DE PASCO Y DEPARTAMENTO DE PASCO",Contrata,Sin Ejecución,"","",TINYAHUARCO,PASCO,PASCO
134622,2380891,2380891,"INSTALACIÓN DEL SERVICIO DE ENERGÍA ELÉCTRICA MEDIANTE SISTEMA CONVENCIONAL EN LAS COMUNIDADES RURALES DEL DISTRITO DE NINACACA, PROVINCIA PASCO - PASCO",Contrata,Sin Ejecución,"","",NINACACA,PASCO,PASCO
134502,2305462,344257,CONSTRUCCION DEL CAMINO VECINAL PARA LA INTEGRACION DE LOS CASERIOS ANGAHUILCA UCRO Y HUAYO DISTRITO DE SANTA ANA DE TUSI - PROVINCIA DE DANIEL ALCIDES CARRION - DEPARTAMENTO DE PASCO,Contrata,Finalizado,18/02/2020 00:00:00,1665638.66,SANTA ANA DE TUSI,DANIEL ALCIDES CARRION,PASCO
134493,2496139,2496139,"RENOVACION DE VIAS DE ACCESO; EN EL(LA) VÍA DEPARTAMENTAL EMP PA 106 - PUENTE USHUN - HACIENDA ROMERO - MISQUIRAGRA - CRUCE TINGALPATA - CRUCE SAN FERNANDO - SAN GOTARDO - SUIZA BAJA (L 85.858 KM) EN LA LOCALIDAD USHUN, DISTRITO DE HUACHON, PROVINCIA PASCO, DEPARTAMENTO PASCO",Contrata,Finalizado,11/11/2020 00:00:00,1787936.45,HUACHON,PASCO,PASCO
134390,2468239,2468239,MEJORAMIENTO DE LAS VIAS PRINCIPALES DEL C.P UNION SIRIA DEL DISTRITO DE CONSTITUCION - PROVINCIA DE OXAPAMPA - DEPARTAMENTO DE PASCO,Administración directa,Finalizado,5/09/2020 00:00:00,141661.65,CONSTITUCION,OXAPAMPA,PASCO
134344,2470539,2470539,MEJORAMIENTO Y AMPLIACION DE LAS VIAS PRINCIPALES (762.2M) DEL C.P ORELLANA DEL DISTRITO DE CONSTITUCION - PROVINCIA DE OXAPAMPA - DEPARTAMENTO DE PASCO,Administración directa,Finalizado,11/09/2020 00:00:00,156085.69,CONSTITUCION,OXAPAMPA,PASCO
134327,2462288,2462288,"REPARACION DE PUESTO DE SALUD O POSTA DE SALUD; EN EL(LA) EESS STA. ANA DE TUSI - SANTA ANA DE TUSI DISTRITO DE SANTA ANA DE TUSI, PROVINCIA DANIEL ALCIDES CARRION, DEPARTAMENTO PASCO",Contrata,Finalizado,23/03/2021 00:00:00,245316.61,SANTA ANA DE TUSI,DANIEL ALCIDES CARRION,PASCO
134114,2452749,2452749,"CREACION DE ALAMEDA EN LA CALLE MANCO CAPAC, INTERSECCION ENTRE EL JR. DANIEL ALCIDES CARRION Y LOS HEROES DISTRITO DE VILCABAMBA - PROVINCIA DE DANIEL ALCIDES CARRION - DEPARTAMENTO DE PASCO",Administración directa,Finalizado,17/09/2020 00:00:00,549348,VILCABAMBA,DANIEL ALCIDES CARRION,PASCO
133769,2495800,2495800,"""CREACION DE DEFENSA RIBEREÑA DEL RIO SAN JOSE, BARRIO ARENALES DEL DISTRITO DE HUAYLLAY, PROVINCIA DE PASCO, DEPARTAMENTO DE PASCO""",Contrata,Sin Ejecución,"",9027900.68,HUAYLLAY,PASCO,PASCO
133757,2493958,2493958,"ADQUISICION DE SUBESTACION TRANSFORMADORA; EN EL (LA) DE 250KVA SUBESTACION TRIFASICA PARA EL CENTRO DE ATENCION Y AISLAMIENTO TEMPORAL (CAAT), DISTRITO DE VILLA RICA, PROVINCIA DE OXAPAMPA, DEPARTAMENTO DE PASCO",Administración directa,Finalizado,1/10/2020 00:00:00,87035.51,VILLA RICA,OXAPAMPA,PASCO
133748,2233766,237188,"LEVANTAMIENTO DE OBSERVACIONES DE LA SEGUNDA Y TERCERA ETAPA DE LA OBRA: ""AMPLIACION DEL SISTEMA ELECTRICO RURAL DE LAS LOCALIDADES ENTRE HASWALD Y BELLA ESPERANZA-CHATARRA-PALCAZU Y CIUDAD CONSTITUCION -OXAPAMPA-PASCO""",Administración directa,Finalizado,1/10/2020 00:00:00,572505.13,CONSTITUCION,OXAPAMPA,PASCO
133743,2130352,30969,"AMPLIACION Y MEJORAMIENTO DE LOS SERVICIOS DE AGUA POTABLE Y ALCANTARILLADO DE LAS ZONAS URBANAS DE SANTO DOMINGO, SAN CARLOS, SAN JOSE Y NUEVA BERNA Y CHURUMAZU, DISTRITO DE CHONTABAMBA-OXAPAMPA - PERIODO 2020",Administración directa,Finalizado,15/10/2020 00:00:00,540181.94,CHONTABAMBA,OXAPAMPA,PASCO
133648,2243575,289808,"Obra Complementaria ""AMPLIACION Y MEJORAMIENTO DE LOS SERVICIOS EDUCATIVOS EN LA I.E.PRIMARIA N° 34135 DEL DISTRITO DE PAUCAR-PROVINCIA DANIEL ALCIDES CARRION-PASCO""",Contrata,Finalizado,19/09/2020 00:00:00,72904,PAUCAR,DANIEL ALCIDES CARRION,PASCO
133627,2496139,2496139,"RENOVACION DE VIAS DE ACCESO; EN EL(LA) VÍA DEPARTAMENTAL EMP PA 106 - PUENTE USHUN - HACIENDA ROMERO - MISQUIRAGRA - CRUCE TINGALPATA - CRUCE SAN FERNANDO - SAN GOTARDO - SUIZA BAJA (L 85.858 KM) EN LA LOCALIDAD USHUN, DISTRITO DE HUACHON, PROVINCIA PASCO, DEPARTAMENTO PASCO",Contrata,Sin Ejecución,"",1787936.45,HUACHON,PASCO,PASCO
133595,2496393,2496393,"CREACION DE PISTAS, VEREDAS Y MURO DE CONTENCION EN LA CALLE REAL Y PASAJE UNION DEL BARRIO SAN CRISTOBAL, DISTRITO DE HUAYLLAY - PROVINCIA DE PASCO - DEPARTAMENTO DE PASCO",Contrata,Finalizado,16/06/2021 00:00:00,2040163.99,HUAYLLAY,PASCO,PASCO
133486,2442375,2442375,"""MEJORAMIENTO DEL SERVICIO DE TRANSITABILIDAD VEHICULAR Y PEATONAL DE LAS VÍAS URBANAS DE LA CIUDAD DE OXAPAMPA, PROVINCIA DE OXAPAMPA - PASCO"", I ETAPA JR. MAYER - JR. LERCHER .",Contrata,Finalizado,29/12/2020 00:00:00,9693758.31,OXAPAMPA,OXAPAMPA,PASCO
133452,2383577,2383577,RECUPERACION DE LOS SERVICIOS ECOSISTÉMICOS DE LA MICROCUENCA DE LA LAGUNA QUISPANCOCHA AFECTADA POR LOS PASIVOS AMBIENTALES MINEROS DE LA EX UNIDAD MINERA CAUDALOSA 1 EN EL DISTRITO DE SANTA ANA DE TUSI - PROVINCIA DE DANIEL ALCIDES CARRION - DEPARTAMENTO DE PASCO,Contrata,Paralizada,3/05/2024 00:00:00,15949786.81,SANTA ANA DE TUSI,DANIEL ALCIDES CARRION,PASCO
133451,2383600,2383600,RECUPERACION DE LOS SERVICIOS ECOSISTÉMICOS EN LA PARTE ALTA DE LA QUEBRADA RANRA AFECTADA POR LOS PASIVOS AMBIENTALES MINEROS DE LA EX UNIDAD MINERA AZULMINA 1 Y 2 EN EL DISTRITO DE SANTA ANA DE TUSI - PROVINCIA DE DANIEL ALCIDES CARRION - DEPARTAMENTO DE PASCO,Contrata,Finalizado,26/10/2023 00:00:00,41474024.38,SANTA ANA DE TUSI,DANIEL ALCIDES CARRION,PASCO
133345,2399832,2399832,MEJORAMIENTO DEL CAMINO VECINAL ENTRE LA CC.NN DE KIMPIRARI KM 0 00 Y LA CC.NN DE CAHUAPANAS DISTRITO DE CONSTITUCION - PROVINCIA DE OXAPAMPA - REGIÓN PASCO,Contrata,En Ejecución,10/11/2022 00:00:00,7997588.52,CONSTITUCION,OXAPAMPA,PASCO
133099,2435513,2435513,MEJORAMIENTO DE LA OFERTA DE SERVICIO EDUCATIVO DE LA I.E. MARIA PARADO DE BELLIDO DISTRITO DE YANACANCHA - PROVINCIA DE PASCO - DEPARTAMENTO DE PASCO,Contrata,En Ejecución,7/06/2023 00:00:00,18691090.98,YANACANCHA,PASCO,PASCO
133065,2439131,2439131,"RENOVACIÓN DE MURO DE CONTENCIÓN; EN EL(LA) LA ZONA DENOMINADA CULUYOG, DISTRITO DE VILCABAMBA, PROVINCIA DANIEL ALCIDES CARRION, DEPARTAMENTO PASCO",Contrata,En Ejecución,2/09/2019 00:00:00,156311.63,VILCABAMBA,DANIEL ALCIDES CARRION,PASCO
133048,2441047,2441047,MEJORAMIENTO PRODUCTIVO DEL GANADO OVINO EN EL CASERÍO DE CAUQUISH DEL DISTRITO DE HUAYLLAY - PROVINCIA DE PASCO - DEPARTAMENTO DE PASCO,Administración directa,Finalizado,1/05/2019 00:00:00,129973.68,HUAYLLAY,PASCO,PASCO
133029,2442796,2442796,CREACION DE DEFENSA RIBEREÑA EN EL BARRIO CHIPI CHIPI DE LA LOCALIDAD DE HUACHON DEL DISTRITO DE HUACHON - PROVINCIA DE PASCO - DEPARTAMENTO DE PASCO,Administración directa,En Ejecución,1/08/2019 00:00:00,2317414.27,HUACHON,PASCO,PASCO
132990,2444306,2444306,"RENOVACIÓN DE BOCATOMA; EN EL(LA) CANAL DE RIEGO DEL SECTOR UCHUC RAGRA DE LA LOCALIDAD DE UYLLUPAMPA DISTRITO DE TAPUC, PROVINCIA DANIEL ALCIDES CARRION, DEPARTAMENTO PASCO",Administración directa,En Ejecución,1/04/2019 00:00:00,32576.09,TAPUC,DANIEL ALCIDES CARRION,PASCO
132918,2448761,2448761,MEJORAMIENTO GENÉTICO DE VACUNO Y OVINO EN LA COMUNIDAD DE HUANCAMACHAY DEL DISTRITO DE SAN FRANCISCO DE ASIS DE YARUSYACAN - PROVINCIA DE PASCO - DEPARTAMENTO DE PASCO,Administración directa,Finalizado,17/06/2019 00:00:00,136331.97,SAN FRANCISCO DE ASIS DE YARUSYACAN,PASCO,PASCO
132915,2449010,2449010,MEJORAMIENTO DEL SERVICIO DE SEGURIDAD CIUDADANA EN EL DISTRITO DE TAPUC - PROVINCIA DE DANIEL ALCIDES CARRION - DEPARTAMENTO DE PASCO,Contrata,En Ejecución,1/09/2019 00:00:00,3196850.26,TAPUC,DANIEL ALCIDES CARRION,PASCO
132892,2450165,2450165,MEJORAMIENTO DE CAPACIDADES DE LOS PRODUCTORES ALPAQUEROS E IMPLEMENTACION DE PLAN DE CRIANZA SOSTENIBLE DE OVINOS CRIOLLOS EN LA COMUNIDAD CAMPESINA DE ANDACANCHA DEL DISTRITO DE TINYAHUARCO - PROVINCIA DE PASCO - DEPARTAMENTO DE PASCO,Administración directa,Finalizado,7/12/2020 00:00:00,120000,TINYAHUARCO,PASCO,PASCO
132891,2450168,2450168,MEJORAMIENTO E IMPLEMENTACION DEL LOCAL DE USOS MULTIPLES DE LA COMUNIDAD CAMPESINA COLQUIJIRCA DEL DISTRITO DE TINYAHUARCO - PROVINCIA DE PASCO - DEPARTAMENTO DE PASCO,Administración directa,Finalizado,1/08/2019 00:00:00,115000,TINYAHUARCO,PASCO,PASCO
132810,2454809,2454809,"REPARACION DE AMBIENTE DE USOS MULTIPLES; EN EL(LA) CASERIO DE GORGORIN, DISTRITO DE CHACAYAN, PROVINCIA DANIEL ALCIDES CARRION, DEPARTAMENTO PASCO",Contrata,En Ejecución,12/12/2019 00:00:00,25000,CHACAYAN,DANIEL ALCIDES CARRION,PASCO
132792,2455868,2455868,"MEJORAMIENTO GENETICO DEL GANADO OVINO EN LA ZONA ALTA DE QUICHQUE, ARMAPAMPA Y TUCTUCAY EN LA LOCALIDAD DE TAPUC DEL DISTRITO DE TAPUC - PROVINCIA DE DANIEL ALCIDES CARRION - DEPARTAMENTO DE PASCO",Administración directa,Finalizado,13/01/2020 00:00:00,124741.62,TAPUC,DANIEL ALCIDES CARRION,PASCO
132718,2459481,2459481,MEJORAMIENTO GENÉTICO DEL GANADO OVINO EN LA COMUNIDAD CAMPESINA DE TINGO PALCA DEL DISTRITO DE YANACANCHA - PROVINCIA DE PASCO - DEPARTAMENTO DE PASCO,Administración directa,Finalizado,1/11/2019 00:00:00,119234.59,YANACANCHA,PASCO,PASCO
132694,2460630,2460630,"REPARACION DE VIAS DE ACCESO; EN EL(LA) RECURSOS TURISTICOS DE YARUSHPUNTA Y PARCANGA DEL DISTRITO DE SAN FRANCISCO DE ASIS DE YARUSYACAN, PROVINCIA PASCO, DEPARTAMENTO PASCO",Administración directa,Finalizado,14/10/2019 00:00:00,308260.22,SAN FRANCISCO DE ASIS DE YARUSYACAN,PASCO,PASCO
132656,2462707,2462707,"REPARACION DE LÍNEA DE CONDUCCIÓN; EN EL(LA) MUNICIPALIDAD DISTRITAL DE VICCO EN LA LOCALIDAD COCHAMARCA VIEJO, DISTRITO DE VICCO, PROVINCIA PASCO, DEPARTAMENTO PASCO",Administración directa,Finalizado,27/11/2019 00:00:00,73871.58,VICCO,PASCO,PASCO
132645,2463819,2463819,"MEJORAMIENTO DE LA CRIANZA DE GANADO OVINO, EN LA COMUNIDAD CAMPESINA, SAN MIGUEL DE CUCHIS DEL DISTRITO DE VILCABAMBA - PROVINCIA DE DANIEL ALCIDES CARRION - DEPARTAMENTO DE PASCO",Administración directa,Finalizado,1/11/2019 00:00:00,41104.02,VILCABAMBA,DANIEL ALCIDES CARRION,PASCO
132639,2464136,2464136,"MEJORAMIENTO DE LA CRIANZA DE GANADO OVINO, EN EL CASERIO DE QUISHUARCANCHA DEL DISTRITO DE VILCABAMBA - PROVINCIA DE DANIEL ALCIDES CARRION - DEPARTAMENTO DE PASCO",Administración directa,Finalizado,10/08/2020 00:00:00,45003.90,VILCABAMBA,DANIEL ALCIDES CARRION,PASCO
132638,2464150,2464150,"MEJORAMIENTO DE LA PRODUCCIÓN DE CARNE Y FIBRA DE ALPACAS, EN LA COMUNIDAD CAMPESINA DE COCAR DEL DISTRITO DE VILCABAMBA - PROVINCIA DE DANIEL ALCIDES CARRION - DEPARTAMENTO DE PASCO",Administración directa,Finalizado,1/11/2019 00:00:00,73738.94,VILCABAMBA,DANIEL ALCIDES CARRION,PASCO
132633,2464782,2464782,"RENOVACION DE PUENTE PEATONAL; EN EL(LA) LOCALIDAD DE MIRAFLORES DISTRITO DE CHONTABAMBA, PROVINCIA OXAPAMPA, DEPARTAMENTO PASCO",Administración directa,Finalizado,17/07/2020 00:00:00,31580.99,CHONTABAMBA,OXAPAMPA,PASCO
132605,2466757,2466757,MEJORAMIENTO DE CAPACIDADES TECNICO PRODUCTIVAS PARA LA CRIANZA DE GALLINAS DE POSTURA EN LA LOCALIDAD DE LA FLORIDA DEL DISTRITO DE HUACHON - PROVINCIA DE PASCO - DEPARTAMENTO DE PASCO,Administración directa,En Ejecución,1/01/2020 00:00:00,9000,HUACHON,PASCO,PASCO
132481,2478897,2478897,"CONSTRUCCION DE EDIFICACION; EN EL(LA) PLANTA DE VALORIZACIÓN DE RESIDUOS ORGÁNICOS EN LA LOCALIDAD DE GRAMAZÚ, DISTRITO DE HUANCABAMBA, PROVINCIA OXAPAMPA, DEPARTAMENTO PASCO",Administración directa,Finalizado,29/04/2020 00:00:00,109118.69,HUANCABAMBA,OXAPAMPA,PASCO
132387,2485438,2485438,"CONSTRUCCION DE COBERTURA DE INSTALACIONES DEPORTIVAS; EN EL(LA) UNIVERSIDAD NACIONAL DANIEL ALCIDES CARRIÓN EN LA LOCALIDAD OXAPAMPA, DISTRITO DE OXAPAMPA, PROVINCIA OXAPAMPA, DEPARTAMENTO PASCO",Contrata,Finalizado,4/11/2022 00:00:00,959892.06,OXAPAMPA,OXAPAMPA,PASCO
132274,2233766,237188,SALDO DE LA OBRA (COMPONENTE I Y III): AMPLIACION DEL SISTEMA ELECTRICO RURAL DE LAS LOCALIDADES ENTRE HASWALD Y BELLA ESPERANZA-CHATARRA-PALCAZU Y CIUDAD CONSTITUCION -OXAPAMPA-PASCO,Administración directa,Finalizado,14/02/2020 00:00:00,224158.62,CONSTITUCION,OXAPAMPA,PASCO
132118,2451399,2451399,"Mejoramiento Y Ampliación De Pistas Y Veredas Con Concreto Estampado, Construcción De Cunetas Y Tratamiento Paisajístico En Las Calles San Martín, Simón Bolívar, Carrión Y Los Jirones Rigoberto Atencio Y Sucre De La Comunidad Campesina San Antonio De Rancas Del Distrito De Simón Bolívar - Provincia De Pasco - Departamento De Pasco",Contrata,Finalizado,27/11/2020 00:00:00,3810918,,PASCO,PASCO
131885,2491105,2491105,"REPARACION DE CERCO PERIMETRICO; EN EL(LA) 0 EN LA LOCALIDAD SAN CARLOS, DISTRITO DE CHONTABAMBA, PROVINCIA OXAPAMPA, DEPARTAMENTO PASCO",Administración directa,Finalizado,7/09/2020 00:00:00,61810.46,CHONTABAMBA,OXAPAMPA,PASCO
131869,2489996,2489996,MEJORAMIENTO DE LOS SERVICIOS DE LA CAPACIDAD PRODUCTIVA AGRICOLA EN EL DISTRITO DE SAN PEDRO DE PILLAO - PROVINCIA DE DANIEL ALCIDES CARRION - DEPARTAMENTO DE PASCO,Administración directa,Finalizado,24/06/2020 00:00:00,101583.34,SAN PEDRO DE PILLAO,DANIEL ALCIDES CARRION,PASCO
131704,2494671,2494671,"CONSTRUCCION DE VIAS DE ACCESO, SERVICIOS HIGIENICOS Y/O VESTIDORES Y AREA ADMINISTRATIVA Y DE ATENCION AL CLIENTE; RENOVACION DE OBRAS EXTERIORES; EN EL(LA) TERMINAL TERRESTRE DE LA CIUDAD DE OXAPAMPA DISTRITO DE OXAPAMPA, PROVINCIA OXAPAMPA, DEPARTAMENTO PASCO",Administración directa,Finalizado,4/09/2020 00:00:00,178250.98,OXAPAMPA,OXAPAMPA,PASCO
131651,2296437,339459,"CREACION DE SERVICIOS HIGIENICOS PUBLICOS EN EL CENTRO POBLADO DE MACHCAN, DISTRITO DE SAN FRANCISCO DE ASIS DE YARUSYACAN - PASCO - PASCO",Contrata,Finalizado,12/02/2021 00:00:00,397582.80,SAN FRANCISCO DE ASIS DE YARUSYACAN,PASCO,PASCO
131483,2459520,2459520,PRIMERA ETAPA DEL PROYECTO MEJORAMIENTO DEL SERVICIO DE DRENAJE PLUVIAL EN LA ZONA URBANA DEL DISTRITO DE CHAUPIMARCA - PROVINCIA DE PASCO - DEPARTAMENTO DE PASCO,Contrata,Finalizado,15/12/2020 00:00:00,6256562.29,CHAUPIMARCA,PASCO,PASCO
131482,2210146,204174,"MEJORAMIENTO DE PISTAS Y VEREDAS DE LA AVENIDA BOLIVAR DE LA URBANIZACION SAN JUAN, DISTRITO DE YANACANCHA - PASCO - PASCO",Contrata,Finalizado,9/03/2021 00:00:00,4084789.90,YANACANCHA,PASCO,PASCO
131367,2426998,2426998,"MONTAJE , INSTALACION Y CONSTRUCCION DE OBRAS CIVILES DEL PUENTE MODULAR YANAHUANCA, UBICADO EN EL DISTRITO DE POZUZO, PROVINCIA DE OXAPAMPA, REGION PASCO.",Contrata,Finalizado,10/11/2020 00:00:00,716083.73,POZUZO,OXAPAMPA,PASCO
131318,2474313,2474313,"REMODELACION DE COBERTURA, SISTEMAS DIVERSOS DE PINTURA, ZONA DE JUEGOS O PATIOS DE RECREO PARA NIÑOS Y PANELES DE PUERTA; ADEMÁS DE OTROS ACTIVOS EN EL(LA) COMPLEJO DEPORTIVO MUNICIPAL DISTRITO DE YANACANCHA, PROVINCIA PASCO, DEPARTAMENTO PASCO",Contrata,Finalizado,16/12/2020 00:00:00,375643.63,YANACANCHA,PASCO,PASCO
131316,2458665,2458665,"CONSTRUCCION DE PTAR; EN EL(LA) C.P. DE PARIAMARCA DISTRITO DE YANACANCHA, PROVINCIA PASCO, DEPARTAMENTO PASCO",Contrata,Finalizado,24/11/2020 00:00:00,318055.71,YANACANCHA,PASCO,PASCO
131291,2458659,2458659,"CONSTRUCCION DE PTAR; EN EL(LA) C.P. LA QUINUA DISTRITO DE YANACANCHA, PROVINCIA PASCO, DEPARTAMENTO PASCO",Contrata,Finalizado,20/11/2020 00:00:00,321197.98,YANACANCHA,PASCO,PASCO
131211,2458708,0,"REPARACION DE ESTADIO; EN EL(LA) ESTADIO MUNICIPAL ALEJANDRO VILLANUEVA EN LA LOCALIDAD SANTA ANA DE TUSI, DISTRITO DE SANTA ANA DE TUSI, PROVINCIA DANIEL ALCIDES CARRION, DEPARTAMENTO PASCO",Contrata,Finalizado,27/07/2020 00:00:00,1243591.56,SANTA ANA DE TUSI,DANIEL ALCIDES CARRION,PASCO
131097,2478628,2478628,CREACION DE LA PLANTA DE PROCESAMIENTO DE LECHE DE GANADO VACUNO EN EL CENTRO POBLADO TACTAYOC DEL DISTRITO DE SANTA ANA DE TUSI - PROVINCIA DE DANIEL ALCIDES CARRION - DEPARTAMENTO DE PASCO,Contrata,Finalizado,1/12/2020 00:00:00,1124715.96,SANTA ANA DE TUSI,DANIEL ALCIDES CARRION,PASCO
131045,2490174,2490174,MEJORAMIENTO DEL SERVICIO DE AGUA POTABLE EN EL CENTRO POBLADO DE HUALLAMAYO DEL DISTRITO DE PAUCARTAMBO - PROVINCIA DE PASCO - DEPARTAMENTO DE PASCO,Contrata,Finalizado,1/12/2020 00:00:00,557806.37,PAUCARTAMBO,PASCO,PASCO
130798,2491829,2491829,"RENOVACIÓN DE PISTA Y CUNETA ; EN EL (LA) JIRÓN MULLEMBRUCK (TRAMO : I.E. INTEGRADA N° 35005-REVERENDO PADRE BARDO BAYERLE), DISTRITO DE OXAPAMPA, PROVINCIA DE OXAPAMPA, DEPARTAMENTO PASCO""",Contrata,Finalizado,19/11/2020 00:00:00,564133.05,OXAPAMPA,OXAPAMPA,PASCO
130796,2491833,2491833,"""CONSTRUCCIÓN DE CUNETA; REMODELACION DE ÁREA VERDE Y SARDINEL; ADQUISICIÓN DE SEÑALES DE TRAFICO; EN EL (LA) ASOCIACIÓN DE VIVIENDA 6 DE JUNIO, DISTRITO DE OXAPAMPA, PROVINCIA DE OXAPAMPA, DEPARTAMENTO PASCO""",Contrata,Finalizado,9/12/2020 00:00:00,535663.61,OXAPAMPA,OXAPAMPA,PASCO
130774,2030182,2936,"""MEJORAMIENTO Y AMPLIACION DE SISTEMAS DE ABASTECIMIENTO DE AGUA POTABLE Y ALCANTARILLADO DE OXAPAMPA - OXAPAMPA"" PERIODO 2020",Administración directa,Finalizado,22/07/2020 00:00:00,1158365.22,OXAPAMPA,OXAPAMPA,PASCO
130773,2078078,73797,"CONSTRUCCION DEL CAMINO RURAL SAN LUIS - SAN CRISTOBAL, DISTRITO POZUZO, PROVINCIA DE OXAPAMPA - REGIÓN PASCO - PERIODO 2020",Administración directa,Finalizado,1/08/2020 00:00:00,1545312.82,POZUZO,OXAPAMPA,PASCO
130629,2468066,2468066,"REPARACION DE CAMPO DEPORTIVO Y COBERTURA; CONSTRUCCION DE PATIO; ADQUISICION DE COMPUTADORA; ADEMAS DE OTROS ACTIVOS EN EL (LA) IE 34036 SAGRADA FAMILIA - SIMON BOLIVAR EN LA LOCALIDAD SACRAFAMILIA, DISTRITO DE SIMON BOLIVAR, PROVINCIA PASCO, DEPARTAMENTO PASCO.",Administración directa,Finalizado,6/02/2020 00:00:00,463174.17,SIMON BOLIVAR,PASCO,PASCO
130627,2173289,250722,"INSTALACION DE LA PLANTA DE TRATAMIENTO DE AGUAS RESIDUALES PUCAYACU PARA EL AA.HH. HAYA DE LA TORRE,TECHO PROPIO, COLUMNA PASCO, ASOCIACIONES DE VIVIENDA LOS JARDINES PUCAYACU Y LOS PROCERES, DISTRITO DE YANACANCHA, PROVINCIA DE PASCO Y REGION PASCO.",Administración directa,Finalizado,7/07/2020 00:00:00,2281520.95,YANACANCHA,PASCO,PASCO
130626,2478236,2478236,"CREACION DE ESCALINATAS EN LOS BARRIOS DE GOYLLAR VIEJO, SAN MARTIN Y CUROHOGO DE LA LOCALIDAD DE GOYLLARISQUIZGA DEL DISTRITO DE GOYLLARISQUIZGA - PROVINCIA DANIEL ALCIDES CARRION - DEPARTAMENTO DE PASCO.",Administración directa,Finalizado,19/08/2020 00:00:00,355586,GOYLLARISQUIZGA,DANIEL ALCIDES CARRION,PASCO
130620,2468113,2468113,"CONSTRUCCION CERCO PERIMETRICO; ADQUISICION DE KITS DE EQUIPOS MEDICOS DE LABORATORIO O DE CAMPO O PRODUCTOS RELACIONADOS, CENTRO DE COMPUTO Y MOBILIARIO, EN EL (LA) EESS SACRAFAMILIA - SIMON BOLIVAR EN LA LOCALIDAD DE SACRAFAMILIA, DISTRITO DE SIMON BOLIVAR, PROVINCIA DE PASCO, DEPARTAMENTO DE PASCO.",Administración directa,Finalizado,2/03/2020 00:00:00,282487.84,SIMON BOLIVAR,PASCO,PASCO
130472,2426998,2426998,"Obra: MONTAJE, INSTALACIÓN Y CONSTRUCCION DE OBRAS CIVILES DEL PUENTE MODULAR SAN CRISTOBAL, UBICADO EN EL DISTRITO DE PALCAZÚ, PROVINCIA DE OXAPAMPA, REGION PASCO",Contrata,Finalizado,15/04/2021 00:00:00,743058.55,OXAPAMPA,OXAPAMPA,PASCO
130471,2426998,2426998,"MONTAJE, INSTALACIÓN Y CONSTRUCCION DE OBRAS CIVILES DEL PUENTE MODULAR CIRCUNVALACION, UBICADO EN EL DISTRITO DE CHONTABAMBA, PROVINCIA DE OXAPAMPA, REGION PASCO.",Contrata,Finalizado,31/03/2021 00:00:00,819426.76,CHONTABAMBA,OXAPAMPA,PASCO
130421,2426998,2426998,"Ejecución de Obra: MONTAJE, INSTALACIÓN Y CONSTRUCCION DE OBRAS CIVILES DEL PUENTE MODULAR AGUARUNA, UBICADO EN EL DISTRITO DE PALCAZÚ, PROVINCIA DE OXAPAMPA, REGION PASCO.",Contrata,Finalizado,15/04/2021 00:00:00,719808.15,OXAPAMPA,OXAPAMPA,PASCO
130344,2493379,2493379,"MEJORAMIENTO Y AMPLIACIÓN DEL SERVICIO EDUCATIVO DEL NIVEL INICIAL, PRIMARIA Y SECUNDARIA DE LA I E AGROINDUSTRIAL N 34024 DISTRITO DE PAUCARTAMBO PROVINCIA DE PASCO DEPARTAMENTO DE PASCO",Contrata,Sin Ejecución,"","",PAUCARTAMBO,PASCO,PASCO
130053,2477590,2477590,"MEJORAMIENTO Y AMPLIACION DEL AMBIENTE DE BANCO DE LA NACION E IMPLEMENTACION DEL CAJERO AUTOMATICO EN LA LOCALIDAD DE YANAHUANCA, DISTRITO DE YANAHUANCA - PROVINCIA DE DANIEL ALCIDES CARRION - DEPARTAMENTO DE PASCO",Contrata,Finalizado,22/03/2021 00:00:00,131017.40,YANAHUANCA,DANIEL ALCIDES CARRION,PASCO
129967,2432485,2432485,CREACION DEL LOCAL DE USOS MULTIPLES (LOCAL COMUNAL) CHINCHAN DEL DISTRITO DE HUARIACA - PROVINCIA DE PASCO - DEPARTAMENTO DE PASCO,Administración directa,Finalizado,6/07/2020 00:00:00,181237.02,HUARIACA,PASCO,PASCO
129922,2473469,2473469,MEJORAMIENTO DE LOS SERVICIOS EDUCATIVOS DE LA INSTITUCION EDUCATIVA INICIAL EL LABRIEGO DEL CENTRO POBLADO DE PAMPANIA (VIRGEN DEL ROSARIO) DEL DISTRITO DE SANTA ANA DE TUSI - PROVINCIA DE DANIEL ALCIDES CARRION - DEPARTAMENTO DE PASCO,Contrata,Finalizado,9/11/2020 00:00:00,840172.66,SANTA ANA DE TUSI,DANIEL ALCIDES CARRION,PASCO
129891,2488961,2488961,MEJORAMIENTO DE LOS SERVICIOS DE EDUCACION PRIMARIA DE LA I.E. N° 34709 EN LA COMUNIDAD DE SAN MIGUEL DEL CENTO POBLADO DE 7 JUNIO 7 DE JUNIO (VILLA AMERICA) DEL DISTRITO DE PALCAZU - PROVINCIA DE OXAPAMPA - DEPARTAMENTO DE PASCO,Contrata,Sin Ejecución,"",278260.92,PALCAZU,OXAPAMPA,PASCO
129876,2482099,2482099,"RENOVACION DE SUPERFICIE DE RODADURA; EN EL(LA) PROLONGACIONES HASSINGER, POZUZO Y HUANCABAMBA, PASAJES YANESHA Y ASHANINKAS Y EN LOS JIRONES KOELL, WALLER, ALBENGRIN, MULLER, KENEDDY, MARISCAL CASTILLA, LIMA, MAYER, LERCHER Y SCHERADER DE LA CIUDAD DE OXAPAMPA, DISTRITO DE OXAPAMPA, PROVINCIA OXAPAMPA, DEPARTAMENTO PASCO",Administración directa,En Ejecución,3/08/2020 00:00:00,666118.57,POZUZO,OXAPAMPA,PASCO
129814,2453248,2453248,"MEJORAMIENTO DE LAS COMPETENCIAS PRODUCTIVAS DE LOS PRODUCTORES, EN LOS CULTIVOS FRUTICOLAS EN LA ZONA BAJA DEL DISTRITO DE HUACHON - PROVINCIA DE PASCO - DEPARTAMENTO DE PASCO ETAPA I",Administración directa,Finalizado,20/07/2020 00:00:00,345045.50,HUACHON,PASCO,PASCO
129780,2179932,258849,"CREACION DEL CENTRO CIVICO DE LA LOCALIDAD DE JUCLACANCHA, DISTRITO DE SANTA ANA DE TUSI - DANIEL ALCIDES CARRION - PASCO",Contrata,Finalizado,18/12/2021 00:00:00,443383.05,SANTA ANA DE TUSI,DANIEL ALCIDES CARRION,PASCO
129772,2489176,2489176,MEJORAMIENTO DE LOS SERVICIOS DE EDUCACION PRIMARIA DE LA I.E. N° 34717 DE NUEVO AMANECER EN EL CENTRO POBLADO DE 7 DE JUNIO (VILLA AMERICA) DEL DISTRITO DE PALCAZU - PROVINCIA DE OXAPAMPA - DEPARTAMENTO DE PASCO,Contrata,Sin Ejecución,"",294399.24,PALCAZU,OXAPAMPA,PASCO
129739,2342739,381462,"MEJORAMIENTO DE LA TRANSITABILIDAD PEATONAL Y VEHICULAR DEL JR. FRANSICO KOHEL GSTIR CUADRAS 1,2 Y 4, JR. PEDRO KOHEL CUADRA 01, JOSE MULLER RANDOLF CUADRAS 1 Y 2, JR ALFREDO WITTING CDRA 01 Y JR 1 DE NOVIEMBRE CDRA 01 DEL SECTOR DE MONTEFUNER Y ESPERANZA, DISTRITO DE POZUZO - OXAPAMPA - PASCO",Administración directa,Finalizado,9/11/2020 00:00:00,1230220.56,POZUZO,OXAPAMPA,PASCO
129701,2328101,364482,"CREACION DEL SERVICIO RECREATIVO DEPORTIVO LOSA MULTIUSOS EN EL ANEXO DE JECRA DE LA COMUNIDAD NATIVA DE HAUSWALD, DISTRITO DE CONSTITUCION - OXAPAMPA - PASCO",Administración directa,Finalizado,17/09/2020 00:00:00,164777,CONSTITUCION,OXAPAMPA,PASCO
129652,2489089,2489089,MEJORAMIENTO DE LOS SERVICIOS DE EDUCACION PRIMARIA DE LA I.E. N° 34398 DE LA COMUNIDAD DE CENTRO PALMA DEL DISTRITO DE PALCAZU - PROVINCIA DE OXAPAMPA - DEPARTAMENTO DE PASCO,Contrata,Sin Ejecución,"",281173.13,PALCAZU,OXAPAMPA,PASCO
129576,2487579,2487579,"""CONSTRUCCIÓN DE VÍAS DE ACCESO; EN EL (LA) PARA EL TRANSITO DE CICLISTAS EN LAS VÍAS URBANAS (TRAMO I) DEL DISTRITO DE OXAPAMPA, PROVINCIA DE OXAPAMPA, DEPARTAMENTO PASCO""",Contrata,Finalizado,18/11/2020 00:00:00,452343.61,OXAPAMPA,OXAPAMPA,PASCO
129557,2480633,2480633,CONSTRUCCIÓN DE PUENTE EN EL CAMINO VECINAL SAN ANTONINO DE RANCAS HUANGOR EN LA LOCALIDAD DE SAN ANTONIO DE RANCAS DISTRITO DE SIMON BOLIVAR PASCO PASCO,Contrata,Finalizado,18/11/2020 00:00:00,379024.62,SIMON BOLIVAR,PASCO,PASCO
129553,2480590,2480590,"CONSTRUCCION DE PUENTE; EN EL(LA) CAMINO VECINAL SACRAFAMILIA - RACCO EN LA LOCALIDAD SAN PEDRO DE RACCO, DISTRITO DE SIMON BOLIVAR, PROVINCIA PASCO, DEPARTAMENTO PASCO",Contrata,Finalizado,24/10/2020 00:00:00,322532.13,SIMON BOLIVAR,PASCO,PASCO
129546,2480590,2480590,CONSTRUCCIÓN DE PUENTE EN EL CAMINO VECINAL SACRA FAMILIA RACCO EN LA LOCALIDAD SAN PEDRO DE RACCO DISTRITO DE SIMON BOLIVAR PASCO PASCO,Contrata,Finalizado,24/10/2020 00:00:00,322523.13,SIMON BOLIVAR,PASCO,PASCO
129540,2458923,2458923,MEJORAMIENTO SERVICIO DE TRANSITABILIDAD VEHICULAR Y PEATONAL EN EL PASAJE JOSE OLAYA DE YANACANCHA ANTIGUA DISTRITO DE YANACANCHA - PROVINCIA DE PASCO - DEPARTAMENTO DE PASCO,Contrata,Finalizado,11/11/2020 00:00:00,175953.68,YANACANCHA,PASCO,PASCO
129361,2428142,2428142,"CREACION DEL BOULEVARD EN EL JR. SANTA ROSA TRAMO JR. SEÑOR DE LOS MILAGROS - JR. PEDRO ZEVALLOS, EN LA LOCALIDAD DE COLQUIJIRCA DEL DISTRITO DE TINYAHUARCO - PROVINCIA DE PASCO - DEPARTAMENTO DE PASCO",Contrata,Sin Ejecución,"",2305686.38,TINYAHUARCO,PASCO,PASCO
129284,2445434,2445434,"""CREACIÓN DE LA CARRETERA VECINAL SAN LUIS - BUENOS AIRES - ALTO YAMUSHIMAS DEL DISTRITO DE CONSTITUCION - PROVINCIA DE OXAPAMPA - DEPARTAMENTO DE PASCO"" PRIMERA ETAPA",Contrata,Finalizado,26/08/2021 00:00:00,415808.66,CONSTITUCION,OXAPAMPA,PASCO
129279,2453246,2453246,"""MEJORAMIENTO Y AMPLIACIÓN DE LA CARRETERA VECINAL UNION LOBO- LORENCILLO I DISTRITO DE CONSTITUCIÓN - PROVINCIA DE OXAPAMPA -DEPARTAMENTO DE PASCO"" PRIMERA ETAPA",Contrata,Finalizado,12/10/2020 00:00:00,424526.30,OXAPAMPA,OXAPAMPA,PASCO
129153,2472736,2472736,"MEJORAMIENTO DEL CAMINO VECINAL EMP. PE-5N (VILLA RICA) - CEDRO PAMPA - EMP. PE-5N (PTE PAUCARTAMBO); EMP PA-691 (PA-691) - ALTO OCONAL - EMP. PA-691 (OCONAL), DISTRITO DE VILLA RICA - PROVINCIA DE OXAPAMPA - DEPARTAMENTO DE PASCO",Contrata,En Ejecución,1/05/2020 00:00:00,11000464.54,VILLA RICA,OXAPAMPA,PASCO
129002,2462114,2462114,CREACION DE ESPACIO PUBLICO DE USOS MÚLTIPLES EN LA LOCALIDAD DE CORTE BLANCO DEL DISTRITO DE GOYLLARISQUIZGA - PROVINCIA DE DANIEL ALCIDES CARRION - DEPARTAMENTO DE PASCO,Contrata,Finalizado,6/01/2020 00:00:00,268469.50,GOYLLARISQUIZGA,DANIEL ALCIDES CARRION,PASCO
129001,2462086,2462086,CREACION DE BAÑADERO DE LA COMUNIDAD CAMPESINA DE SAN PEDRO DE RACCO DEL DISTRITO DE SIMON BOLIVAR - PROVINCIA DE PASCO - DEPARTAMENTO DE PASCO,Administración directa,Finalizado,22/09/2022 00:00:00,133000,SIMON BOLIVAR,PASCO,PASCO
128440,2453505,2453505,"RENOVACION DE CAPTACIÓN Y LÍNEA DE CONDUCCIÓN; EN EL(LA) SISTEMA DE AGUA POTABLE EN LA LOCALIDAD PAMPAMARCA CENTRAL, DISTRITO DE PAUCARTAMBO, PROVINCIA PASCO, DEPARTAMENTO PASCO",Contrata,Finalizado,13/10/2020 00:00:00,91961.25,PAUCARTAMBO,PASCO,PASCO
128439,2451952,2451952,"RENOVACION DE CAPTACIÓN; EN EL(LA) SISTEMA DE RIEGO EN EL ANEXO DE HUAMBRAC DEL C.P. HUALLAMAYO DEL DISTRITO DE PAUCARTAMBO, PROVINCIA PASCO, DEPARTAMENTO PASCO",Contrata,Finalizado,28/08/2020 00:00:00,72459.63,PAUCARTAMBO,PASCO,PASCO
128372,2485606,2485606,MEJORAMIENTO DEL SERVICIO DE TRANSITABILIDAD VIAL INTERURBANA EN LAS VIAS VECINALES DEL DISTRITO DE CONSTITUCION - PROVINCIA DE OXAPAMPA - DEPARTAMENTO DE PASCO,Administración directa,Finalizado,4/08/2020 00:00:00,240095.49,CONSTITUCION,OXAPAMPA,PASCO
128312,2489720,2489720,CREACION DEL SERVICIO DE AGUA POTABLE Y DISPOSICION DE EXCRETAS EN EL SECTOR DE 02 DE MAYO DEL CENTRO POBLADO PUERTO MAYRO DEL DISTRITO DE PALCAZU - PROVINCIA DE OXAPAMPA - DEPARTAMENTO DE PASCO,Contrata,Finalizado,21/10/2020 00:00:00,402489.83,PALCAZU,OXAPAMPA,PASCO
128311,2488952,2488952,CREACION DEL SERVICIO DE AGUA POTABLE Y DISPOSICION DE EXCRETAS EN EL SECTOR SAN JOSE DE CONVENTO DEL CENTRO POBLADO PUERTO MAYRO DEL DISTRITO DE PALCAZU - PROVINCIA DE OXAPAMPA - DEPARTAMENTO DE PASCO,Contrata,Finalizado,16/12/2020 00:00:00,269603.28,PALCAZU,OXAPAMPA,PASCO
128310,2080695,95386,"CONSTRUCCION DE UN ESTABLO LECHERO EN LA COMUNIDAD CAMPESINA DE JARAPAMPA, DISTRITO DE YANACANCHA - PASCO - PASCO",Administración directa,En Ejecución,15/08/2022 00:00:00,160448.55,YANACANCHA,PASCO,PASCO
128309,2441030,2441030,"CREACION DE GRADERIAS EMPEDRADAS, ACCESOS PEATONALES Y OBRAS DE ARTE EN EL BARRIO DE MACARIN PROVINCIA Y DEPARTAMENTO DE PASCO DISTRITO DE PALLANCHACRA - PROVINCIA DE PASCO - DEPARTAMENTO DE PASCO",Administración directa,Finalizado,2/09/2020 00:00:00,218351,PALLANCHACRA,PASCO,PASCO
128020,2334567,373711,"MEJORAMIENTO DEL ORNATO PUBLICO EN EL JR. 28 DE JULIO DEL AA.HH. ULIACHIN DEL SECTOR 02 AL SECTOR 06, DISTRITO DE CHAUPIMARCA - PROV. Y DEPARTAMENTO DE PASCO",Administración directa,Finalizado,7/07/2020 00:00:00,4501890.70,CHAUPIMARCA,PASCO,PASCO
128019,2331683,371006,"CREACION DE PISTAS Y VEREDAS DEL BARRIO YANACOCHA BAJA (A.A.H.H. CELSO CURI), DISTRITO DE HUARIACA - PASCO - PASCO",Administración directa,Finalizado,8/07/2020 00:00:00,3212425.44,HUARIACA,PASCO,PASCO
127958,2099737,126542,"SALDO DE OBRA DEL PROYECTO: CONSTRUCCIÓN DEL SISTEMA DE EVACUACIÓN DE AGUAS PLUVIALES DEL C.P. DE CHANGO, DISTRITO DE CHACAYAN - DANIEL ALCIDES CARRION - PASCO",Contrata,Finalizado,26/12/2020 00:00:00,3054059.78,CHACAYAN,DANIEL ALCIDES CARRION,PASCO
127934,2468999,2468999,"REPARACIÓN DE PUENTE; EN EL(LA) SAN ANTONIO EN LA LOCALIDAD SAN ANTONIO, DISTRITO DE POZUZO, PROVINCIA OXAPAMPA, DEPARTAMENTO PASCO",Administración directa,Finalizado,8/07/2020 00:00:00,142006.22,POZUZO,OXAPAMPA,PASCO
127909,2435829,2435829,MEJORAMIENTO DE PISTAS Y VEREDAS DE LA AVENIDA LAS AMÉRICAS DE LA URBANIZACIÓN YANACANCHA DEL DISTRITO DE YANACANCHA - PROVINCIA DE PASCO - DEPARTAMENTO DE PASCO,Contrata,Finalizado,12/06/2023 00:00:00,1942171.36,YANACANCHA,PASCO,PASCO
127903,2451363,2451363,"REPARACION DE AULA, EN EL(LA) I.E. INTEGRADO BIL N 34417, MIRITIRIANI, DISTRITO DE PUERTO BERMUDEZ, PROVINCIA OXAPAMPA, DEPARTAMENTO PASCO",Contrata,Finalizado,9/12/2020 00:00:00,333576.27,PUERTO BERMUDEZ,OXAPAMPA,PASCO
127902,2439254,2439254,"REPARACIÓN DE DEFENSA RIBEREÑA ANEXO SOCORRO DISTRITO DE HUACHON, PROVINCIA PASCO, DEPARTAMENTO PASCO",Contrata,Finalizado,12/11/2020 00:00:00,67893.60,HUACHON,PASCO,PASCO
127900,2451364,2451364,"REPARACION DE AULA EN EL (LA) II.EE. N 34211 DISTRITO DE PALCAZU, PROVINCIA OXAPAMPA, DEPARTAMENTO PASCO",Contrata,Finalizado,4/11/2020 00:00:00,326782.51,PALCAZU,OXAPAMPA,PASCO
127899,2152025,199217,"INSTALACIÓN DE PISTAS, VEREDAS, ÁREAS VERDES Y OBRAS DE ARTE EN EL JR. LAS MALVINAS, PASAJE MARADONA, CALLE GEORGIAS DEL SUR, PROLONGACIÓN CARLOS GARDEL Y MENDOZA DEL AA.HH. BUENOS AIRES ETAPA II Y III, DISTRITO DE SIMÓN BOLÍVAR PASCO PASCO",Contrata,Finalizado,15/01/2020 00:00:00,398249.01,,PASCO,PASCO
127898,2480229,2480229,"CONSTRUCCION DE DIQUE; EN EL(LA) CANAL NATURAL EN LA LOCALIDAD SAN ANTONIO DE RANCAS, DISTRITO DE SIMON BOLIVAR, PROVINCIA PASCO, DEPARTAMENTO PASCO",Contrata,Finalizado,9/03/2020 00:00:00,285104.62,SIMON BOLIVAR,PASCO,PASCO
127884,2492464,2492464,"CREACION DE MURO DE CONTENCIÓN, DESCOLMATACIÓN Y ENCAUSAMIENTO DEL CANAL VERDECOCHA DISTRITO DE HUAYLLAY - PROVINCIA DE PASCO - DEPARTAMENTO DE PASCO",Contrata,Sin Ejecución,"","",HUAYLLAY,PASCO,PASCO
127770,2487634,2487634,"CREACIÓN DEL PUENTE CORRIENTE DEL DIABLO Y ACCESOS EN EL RIO POZUZO EN EL TRAMO CONSTITUCION A ISCOZACIN L 150 M, DEL DISTRITO DE PALCAZU - PROVINCIA DE OXAPAMPA - DEPARTAMENTO DE PASCO",Contrata,Sin Ejecución,"","",CONSTITUCION,OXAPAMPA,PASCO
127714,2478900,2478900,"CREACION DE ESCALINATAS Y MURO DE CONTENCIÓN EN LA CALLE ALTO PERU, DE LA LOCALIDAD DE CHACAYAN DEL DISTRITO DE CHACAYAN - PROVINCIA DE DANIEL ALCIDES CARRION - DEPARTAMENTO DE PASCO",Administración directa,Sin Ejecución,"","",CHACAYAN,DANIEL ALCIDES CARRION,PASCO
127705,2478591,2478591,"CREACION DE ESCALINATAS EN LOS JR PROLONGACIÓN SAN PEDRO, JR SAN ANTONIO Y JR SAN CARLOS, EN EL BARRIO DE SAN PEDRO, DEL CENTRO POBLADO DE CHANGO DEL DISTRITO DE CHACAYAN - PROVINCIA DE DANIEL ALCIDES CARRION - DEPARTAMENTO DE PASCO",Administración directa,Sin Ejecución,"","",CHACAYAN,DANIEL ALCIDES CARRION,PASCO
127565,2154294,200850,"SALDO DE OBRA DEL PROYECTO: MEJORAMIENTO DE LA CARRETERA TRAMO PAUCARTAMBO CHUPACA COCHAMBRA , DISTRITO DE PAUCARTAMBO - PASCO - PASCO",Contrata,Finalizado,17/08/2020 00:00:00,3515495.14,PAUCARTAMBO,PASCO,PASCO
127524,2474990,2474990,CREACION DE TROCHA CARROZABLE DEL ANEXO EL MILAGRO HASTA ALTO CENEPA DEL CENTRO POBLADO DE SANTA ISABEL DEL DISTRITO DE PAUCARTAMBO - PROVINCIA DE PASCO - DEPARTAMENTO DE PASCO,Administración directa,Finalizado,16/07/2020 00:00:00,164870.52,PAUCARTAMBO,PASCO,PASCO
127515,2489772,2489772,CREACION DE CAMINO VECINAL TRAMO PITOHUAGANAN ¿ HUACAHUACHANAN DEL CENTRO POBLADO TAMBILLO DEL DISTRITO DE PAUCARTAMBO - PROVINCIA DE PASCO - DEPARTAMENTO DE PASCO,Administración directa,Finalizado,20/07/2020 00:00:00,158712.26,PAUCARTAMBO,PASCO,PASCO
127462,2337453,376426,"MEJORAMIENTO Y REHABILITACION DE LA CARRETERA USHUN- MALLAN BAJO , DISTRITO DE HUACHON - PASCO - PASCO",Contrata,Sin Ejecución,"",4600661.01,HUACHON,PASCO,PASCO
127204,2487664,2487664,"ADQUISICION DE CAPACIDAD HUMANA Y EQUIPO PARA DESINFECCION; EN EL(LA) CONTRARRESTO DE LA PROPAGACION DE LA PANDEMIA COVID-19 EN LA MUNICIPALIDAD DISTRITAL DE VILLA RICA DISTRITO DE VILLA RICA, PROVINCIA OXAPAMPA, DEPARTAMENTO PASCO",Administración directa,Finalizado,22/06/2020 00:00:00,308304.32,VILLA RICA,OXAPAMPA,PASCO
127203,2453969,2453969,"REPARACION DE VIAS DE ACCESO; EN EL(LA) LOS SERVICIOS DE TRANSITABILIDAD VEHICULAR Y PEATONAL EN LOS TRAMOS DE BELLO LORENCILLO A PUERTO OCOPA Y SARGENTO LORENS L6.700KM EN LA LOCALIDAD SAN FRANCISCO DE CAHUAPANAS, DISTRITO DE PUERTO BERMUDEZ, PROVINCIA OXAPAMPA, DEPARTAMENTO PASCO",Contrata,Finalizado,22/10/2019 00:00:00,33574.81,PUERTO BERMUDEZ,OXAPAMPA,PASCO
127202,0,0,"REPARACION DE PUENTE PEATONAL; EN EL(LA) L35.00ML EN LA LOCALIDAD SAN DANIEL, DISTRITO DE HUANCABAMBA, PROVINCIA OXAPAMPA, DEPARTAMENTO PASCO",Administración directa,Finalizado,26/06/2020 00:00:00,18584.56,HUANCABAMBA,OXAPAMPA,PASCO
127201,0,0,"REPARACION DE PUENTE PEATONAL; EN EL(LA) L62.00ML EN LA LOCALIDAD SAN CARLOS, DISTRITO DE HUANCABAMBA, PROVINCIA OXAPAMPA, DEPARTAMENTO PASCO",Administración directa,Finalizado,26/06/2020 00:00:00,29263.50,HUANCABAMBA,OXAPAMPA,PASCO
127200,0,0,"REPARACION DE PUENTE; EN EL(LA) L37.00ML, SECTOR DE ALTO CAROLINA DISTRITO DE HUANCABAMBA, PROVINCIA OXAPAMPA, DEPARTAMENTO PASCO",Administración directa,Finalizado,25/06/2020 00:00:00,19375,HUANCABAMBA,OXAPAMPA,PASCO
127198,2475576,2475576,CREACION DEL SERVICIO DE TRANSITABILIDAD Y ACCESIBILIDAD PEATONAL Y ACONDICIONAMIENTO DEL MIRADOR EN EL CENTRO POBLADO DE PAMPANIA (VIRGEN DEL ROSARIO) DEL DISTRITO DE SANTA ANA DE TUSI - PROVINCIA DE DANIEL ALCIDES CARRION - DEPARTAMENTO DE PASCO,Contrata,Finalizado,1/11/2020 00:00:00,887762.14,SANTA ANA DE TUSI,DANIEL ALCIDES CARRION,PASCO
127195,2491251,2491251,"REPARACION DE VIAS VECINALES; EN EL(LA) TRAMO TAYAPAMPA - TINGO EN LA LOCALIDAD HUALLAMAYO, DISTRITO DE PAUCARTAMBO, PROVINCIA PASCO, DEPARTAMENTO PASCO",Administración directa,Finalizado,15/10/2020 00:00:00,134633.64,PAUCARTAMBO,PASCO,PASCO
127190,2443331,2443331,MEJORAMIENTO DE LA VIA DE ACCESO DEL BARRIO LA CURVA - DISTRITO DE PALLANCHACRA - PROVINCIA DE PASCO - DEPARTAMENTO DE PASCO,Contrata,Finalizado,1/12/2020 00:00:00,1261074.25,PALLANCHACRA,PASCO,PASCO
127189,2441014,2441014,CREACION DE ESCALINATAS EN LA ZONA DE SAN PEDRO DE LA LOCALIDAD DE NINACACA DEL DISTRITO DE NINACACA - PROVINCIA DE PASCO - DEPARTAMENTO DE PASCO,Administración directa,Finalizado,2/09/2020 00:00:00,704383,NINACACA,PASCO,PASCO
126651,2488392,2488392,"CONSTRUCCION DE NICHOS; EN EL(LA) OPTIMIZACION DEL SERVICIO PUBLICO DEL CEMENTERIO GENERAL DEL DISTRITO DE VILLA RICA, PROVINCIA OXAPAMPA, DEPARTAMENTO PASCO",Administración directa,Finalizado,8/07/2020 00:00:00,303251.64,VILLA RICA,OXAPAMPA,PASCO
126445,2468133,2468133,MEJORAMIENTO DEL SERVICIO DE TRANSITABILIDAD PEATONAL Y DRENAJE PLUVIAL EN LA AVENIDA JOSE FAUSTINO SANCHEZ CARRION Y LA CARRETERA MARGINAL EN LA CIUDAD DE VILLA RICA DEL DISTRITO DE VILLA RICA - PROVINCIA DE OXAPAMPA - DEPARTAMENTO DE PASCO,Contrata,Finalizado,15/09/2020 00:00:00,1232964.24,VILLA RICA,OXAPAMPA,PASCO
126394,2200398,293961,"INSTALACIÓN DEL SERVICIO DE AGUA POTABLE Y DISPOSICION SANITARIA DE EXCRETAS EN EL CENTRO POBLADO SANTO DOMINGO DE KOKARI , DISTRITO DE PUERTO BERMÚDEZ - OXAPAMPA - PASCO",Por núcleo ejecutor,Finalizado,15/10/2019 00:00:00,1043221.76,OXAPAMPA,OXAPAMPA,PASCO
126334,2482717,2482717,"""CREACIÓN DE ESPACIOS PÚBLICOS RECREATIVOS INFANTILES EN EL JIRÓN LERCHER, DISTRITO DE OXAPAMPA, PROVINCIA DE OXAPAMPA - PASCO""",Contrata,Finalizado,11/09/2020 00:00:00,305208.51,OXAPAMPA,OXAPAMPA,PASCO
126209,2457744,2457744,MEJORAMIENTO DE LA LOSA DEPORTIVA EN EL JR. ABANCAY DEL CENTRO POBLADO DE CAJAMARQUILLA DEL DISTRITO DE YANACANCHA - PROVINCIA DE PASCO - DEPARTAMENTO DE PASCO,Contrata,Finalizado,16/10/2020 00:00:00,1045557.17,YANACANCHA,PASCO,PASCO
126179,2486549,2486549,"REPARACION DE VIAS VECINALES; EN EL(LA) CAMINO VECINAL TRAMO LOCALIDAD DE SANTA ISABEL - TINDALPATA DISTRITO DE PAUCARTAMBO, PROVINCIA PASCO, DEPARTAMENTO PASCO",Contrata,Finalizado,11/09/2020 00:00:00,330379.06,PAUCARTAMBO,PASCO,PASCO
125087,2452191,2452191,CREACION DEL SERVICIO DE PLAZOLETA Y ÁREAS VERDES DE HUANCABAMBA DEL DISTRITO DE HUANCABAMBA - PROVINCIA DE OXAPAMPA - DEPARTAMENTO DE PASCO,Contrata,Finalizado,22/08/2020 00:00:00,469954.93,HUANCABAMBA,OXAPAMPA,PASCO
125057,2455422,2455422,"CREACION DE LOSA MULTIUSO EN EL JR. UCAYALI DEL AA.HH. VÍCTOR RAUL HAYA DE LA TORRE, DISTRITO DE YANACANCHA - PROVINCIA DE PASCO - DEPARTAMENTO DE PASCO",Contrata,Finalizado,16/09/2020 00:00:00,503216.05,YANACANCHA,PASCO,PASCO
125004,2481247,2481247,CREACION DE UN PUENTE CARROZABLE EN EL BARRIO HUAGAYCHAN DE LA LOCALIDAD DE PAUCARTAMBO DEL DISTRITO DE PAUCARTAMBO - PROVINCIA DE PASCO - DEPARTAMENTO DE PASCO,Contrata,Finalizado,3/10/2020 00:00:00,1478097.70,PAUCARTAMBO,PASCO,PASCO
124892,2426998,2426998,"Consultoría de Obra para la Elaboración de Expedientes Técnicos de obra de las Inversiones Paquete 11 - Pasco: Puente 1: Montaje, instalación y construcción de obras civiles del puente modular Anana. Puente 2: Montaje, instalación y construcción de obras civiles del puente modular Río Paco. Puente 3: Montaje, instalación y construcción de obras civiles del puente modular Liriopampa",Contrata,Sin Ejecución,"","",,PASCO,PASCO
124693,2441528,2441528,"REPARACION DE MURO DE CONTENCION; EN EL(LA) DEFENSA RIBEREÑA EN EL RIO HUACHON EN LA LOCALIDAD POAGMARAY, DISTRITO DE HUACHON, PROVINCIA PASCO, DEPARTAMENTO PASCO",Administración directa,Finalizado,10/08/2020 00:00:00,90670.58,HUACHON,PASCO,PASCO
124503,2484708,2484708,MEJORAMIENTO Y AMPLIACION DE LA TRANSITABILIDAD VEHICULAR PEATONAL EN EL CENTRO POBLADO DE SAN AGUSTIN DE HUAYCHAO DEL DISTRITO DE HUAYLLAY - PROVINCIA DE PASCO - DEPARTAMENTO DE PASCO - II ETAPA,Contrata,En Ejecución,2/08/2024 00:00:00,1975338,HUAYLLAY,PASCO,PASCO
124424,2472436,2472436,"REPARACIÓN DE SISTEMA DE DRENAJE; EN EL(LA) LA CALLE JUNIN CUADRAS 0,1,2 EN LA LOCALIDAD VICCO, DISTRITO DE VICCO, PROVINCIA PASCO, DEPARTAMENTO PASCO",Administración directa,Finalizado,19/12/2019 00:00:00,97973.83,VICCO,PASCO,PASCO
124392,2466124,2466124,"""CREACIÓN DE PISCIGRANJA EN LA COMUNIDAD NATIVA PUERTO YESUPE DEL DISTRITO DE PUERTO BERMUDEZ - PROVINCIA DE OXAPAMPA - DEPARTAMENTO DE PASCO""",Administración directa,Finalizado,12/10/2020 00:00:00,126981,PUERTO BERMUDEZ,OXAPAMPA,PASCO
124391,2466124,2466124,"""CREACIÓN DE PISCIGRANJA EN LA COMUNIDAD NATIVA PUERTO YESUPE DEL DISTRITO DE PUERTO BERMUDEZ - PROVINCIA DE OXAPAMPA - DEPARTAMENTO DE PASCO""",Administración directa,Finalizado,12/10/2020 00:00:00,126981,PUERTO BERMUDEZ,OXAPAMPA,PASCO
124390,2466124,2466124,"""CREACIÓN DE PISCIGRANJA EN LA COMUNIDAD NATIVA PUERTO YESUPE DEL DISTRITO DE PUERTO BERMUDEZ - PROVINCIA DE OXAPAMPA - DEPARTAMENTO DE PASCO""",Administración directa,Finalizado,12/10/2020 00:00:00,126981,PUERTO BERMUDEZ,OXAPAMPA,PASCO
124366,2471225,2471225,"CONSTRUCCION DE CAPTACIÓN SUPERFICIAL DE AGUA; EN EL(LA) 02 UNIDADES PRODUCTORAS DE LOS SISTEMAS DE RIEGO SAN ANTONIO DE CHINCHUBAMBA - TOMAY KICHWA - AMBO Y SISTEMA DE RIEGO EN LA LOCALIDAD DE 08 DE OCTUBRE, DISTRITO DE SANTA ANA DE TUSI, PROVINCIA DANIEL ALCIDES CARRION, DEPARTAMENTO PASCO",Administración directa,Finalizado,24/08/2020 00:00:00,156751.71,SANTA ANA DE TUSI,DANIEL ALCIDES CARRION,PASCO
124365,2471223,2471223,"CONSTRUCCION DE CAPTACIÓN SUPERFICIAL DE AGUA; EN EL(LA) UNIDAD PRODUCTORA SISTEMAS DE RIEGO TECNIFICADO EN EL SECTOR PULLAC BAJO - CENTRO POBLADO DE SAN AGUSTIN DE HUAYCHAO; DISTRITO DE HUAYLLAY, PROVINCIA PASCO, DEPARTAMENTO PASCO",Administración directa,Finalizado,14/08/2020 00:00:00,254034.40,HUAYLLAY,PASCO,PASCO
124364,2471220,2471220,"CONSTRUCCION DE CAPTACIÓN SUPERFICIAL DE AGUA; EN EL(LA) UNIDAD PRODUCTORA SISTEMA DE RIEGO DE LOS SECTORES OCSHAHUAY, CHICCHIPUNTA, CARRETERA DIVISORIA GANAMANAY, MASHAMPAMPA, SILLAPATA, CUMBRE PUCARA, ANCAHUACHANAN, POTRERO Y APASH; DISTRITO DE PAUCARTAMBO, PROVINCIA PASCO, DEPARTAMENTO PASCO",Administración directa,Finalizado,12/04/2020 00:00:00,1507255.46,PAUCARTAMBO,PASCO,PASCO
124363,2456339,2456339,"CONSTRUCCION DE CAPTACIÓN SUPERFICIAL DE AGUA; EN EL(LA) 02 UNIDADES PRODUCTORAS DE LOS SISTEMAS DE RIEGO USPACHACA Y VISTA ALEGRE; DISTRITO DE YANAHUANCA, PROVINCIA DANIEL ALCIDES CARRION, DEPARTAMENTO PASCO",Administración directa,Finalizado,10/08/2020 00:00:00,671868.99,YANAHUANCA,DANIEL ALCIDES CARRION,PASCO
124362,2456331,2456331,CONSTRUCCION DE CAPTACION SUPERFICIAL DE AGUA EN (LA) 02 UNIDADES PRODUCTORAS DE LOS SISTEMAS DE RIEGO ACO-YARUPATAC Y SHALLA-RERGOY; EN EL DISTRITO PAUCARTAMBO; PROVINCIA PASCO; DEPARTAMENTO PASCO,Administración directa,Finalizado,5/08/2020 00:00:00,796101.28,PAUCARTAMBO,PASCO,PASCO
124245,2471059,2471059,RECUPERACION DE LOS SERVICIOS DE TRANSITABILIDAD DEL PUENTE CASA BLANCA EN EL SECTOR DE PLAYA GRANDE DEL DISTRITO DE POZUZO - PROVINCIA DE OXAPAMPA - DEPARTAMENTO DE PASCO,Administración directa,Finalizado,1/09/2020 00:00:00,451460.12,POZUZO,OXAPAMPA,PASCO
124244,2483070,2483070,MEJORAMIENTO Y AMPLIACION DE ESPACIOS PUBLICOS RECREATIVOS DE GOYLLARISQUIZGA DEL DISTRITO DE GOYLLARISQUIZGA - PROVINCIA DE DANIEL ALCIDES CARRION - DEPARTAMENTO DE PASCO,Administración directa,Finalizado,11/03/2020 00:00:00,89980,GOYLLARISQUIZGA,DANIEL ALCIDES CARRION,PASCO
124242,2484309,2484309,CREACION DE PISCIGRANJA DE TRUCHAS EN LA COMUNIDAD DE HUAMBRAC DEL DISTRITO DE PAUCARTAMBO - PROVINCIA DE PASCO - DEPARTAMENTO DE PASCO,Administración directa,En Ejecución,15/11/2022 00:00:00,173068.07,PAUCARTAMBO,PASCO,PASCO
124058,2461139,2461139,"RENOVACION DE MURO DE CONTENCIÓN; EN EL(LA) HABILITACIÓN DE ESTRIBOS Y DE ACCESO PARA LA CONSTRUCCIÓN DEL PUENTE EN LA LOCALIDAD ANANA, DISTRITO DE HUANCABAMBA, PROVINCIA OXAPAMPA, DEPARTAMENTO PASCO",Administración directa,Finalizado,17/10/2019 00:00:00,119120.31,HUANCABAMBA,OXAPAMPA,PASCO
124056,2456724,2456724,"""REPARACION DE MURO DE CONTENCION EN EL (LA) Y PUENTE EN LA LOCALIDAD DE NAVARRA, DISTRITO DE HUANCABAMBA - PROVINCIA OXAPAMPA - DEPARTAMENTO PASCO""",Administración directa,Finalizado,18/09/2019 00:00:00,53417.25,HUANCABAMBA,OXAPAMPA,PASCO
124028,2458019,2458019,"""CREACIÓN DE LOS SERVICIOS DE PRODUCCIÓN DE PECES PARA CONSUMO HUMANO EN LA COMUNIDAD NATIVA EL MILAGRO DEL DISTRITO DE PUERTO BERMUDEZ - PROVINCIA DE OXAPAMPA - DEPARTAMENTO DE PASCO""",Administración directa,Finalizado,12/10/2020 00:00:00,126681,PUERTO BERMUDEZ,OXAPAMPA,PASCO
124026,2465935,2465935,"""MEJORAMIENTO Y CRIANZA DE GANADO VACUNO EN LA COMUNIDAD NATIVA PUERTO ALEGRE DEL DISTRITO DE PUERTO BERMUDEZ - PROVINCIA DE OXAPAMPA - DEPARTAMENTO DE PASCO""",Administración directa,Finalizado,12/10/2020 00:00:00,138857,PUERTO BERMUDEZ,OXAPAMPA,PASCO
124024,2465964,2465964,"""MEJORAMIENTO DE LA CRIANZA DE PORCINOS EN LA COMUNIDAD NATIVA SANTA ISABEL DE PELMAZ DEL DISTRITO DE PUERTO BERMUDEZ - PROVINCIA DE OXAPAMPA - DEPARTAMENTO DE PASCO""",Administración directa,Finalizado,12/10/2020 00:00:00,136981,PUERTO BERMUDEZ,OXAPAMPA,PASCO
124017,2462670,2462670,CREACION DE PISCIGRANJA EN LA COMUNIDAD NATIVA ALTO CHIVIS DEL DISTRITO DE PUERTO BERMUDEZ - PROVINCIA DE OXAPAMPA - DEPARTAMENTO DE PASCO,Administración directa,Finalizado,12/10/2020 00:00:00,126981,PUERTO BERMUDEZ,OXAPAMPA,PASCO
124016,2466124,2466124,CREACIÓN DE PISCIGRANJA EN LA COMUNIDAD NATIVA PUERTO YESUPE DEL DISTRITO DE PUERTO BERMUDEZ -PROVINCIA DE OXAPAMPA - DEPARTAMENTO DE PASCO,Administración directa,Finalizado,12/10/2020 00:00:00,126981,PUERTO BERMUDEZ,OXAPAMPA,PASCO
123994,2470805,2470805,MEJORAMIENTO Y AMPLIACION DEL SISTEMA DE AGUA POTABLE Y SANEAMIENTO DEL CENTRO POBLADO DE CHIPA DISTRITO DE NINACACA - PROVINCIA DE PASCO - DEPARTAMENTO DE PASCO,Contrata,Sin Ejecución,"","",NINACACA,PASCO,PASCO
123982,2485938,2485938,"REMODELACION DE INFRAESTRUCTURA DEPORTIVA Y ESCALERA DE ACCESO; CONSTRUCCION DE AREA VERDE; ADQUISICION DE LUMINARIA; EN EL(LA) MIRADOR TURISTICO DEL DISTRITO DE CONSTITUCION, PROVINCIA OXAPAMPA, DEPARTAMENTO PASCO",Administración directa,Finalizado,15/05/2020 00:00:00,54872.97,CONSTITUCION,OXAPAMPA,PASCO
123789,2370741,2370741,MEJORAMIENTO DEL SERVICIO DE LAS CAPACIDADES PRODUCTIVAS DE LA CADENA PRODUCTIVA DEL CULTIVO DE CAFE EN SISTEMAS AGROFORESTALES EN LA LOCALIDAD DE RIO PISCO DISTRITO Y PROVINCIA DE OXAPAMPA -PASCO,Administración directa,Finalizado,4/02/2020 00:00:00,111000,OXAPAMPA,OXAPAMPA,PASCO
123660,2482404,2482404,"CONSTRUCCION DE NICHO; EN EL(LA) CEMENTERIO MUNICIPAL DE LA CIUDAD DE OXAPAMPA DISTRITO DE OXAPAMPA, PROVINCIA OXAPAMPA, DEPARTAMENTO PASCO",Administración directa,Finalizado,1/05/2019 00:00:00,188637.29,OXAPAMPA,OXAPAMPA,PASCO
123658,2479002,2479002,CREACION DEL ACCESO PEATONAL CON ESCALINATAS DEL SECTOR NINAPUQUIO DE LA LOCALIDAD DE SAN PEDRO DE PILLAO DEL DISTRITO DE SAN PEDRO DE PILLAO - PROVINCIA DE DANIEL ALCIDES CARRION - DEPARTAMENTO DE PASCO,Administración directa,Finalizado,9/09/2020 00:00:00,360160,SAN PEDRO DE PILLAO,DANIEL ALCIDES CARRION,PASCO
123657,2478993,2478993,CREACION DEL ACCESO PEATONAL CON ESCALINATAS DEL SECTOR ESCALON DE LA LOCALIDAD DE SAN PEDRO DE PILLAO DEL DISTRITO DE SAN PEDRO DE PILLAO - PROVINCIA DE DANIEL ALCIDES CARRION - DEPARTAMENTO DE PASCO,Administración directa,Finalizado,28/04/2021 00:00:00,422463,SAN PEDRO DE PILLAO,DANIEL ALCIDES CARRION,PASCO
123656,2465651,2465651,CREACION DE ESCALINATAS EN LA CALLE BOULEVARD ENTRE LA AVENIDA CENTRAL HASTA LA AVENIDA 2 DE MAYO EN EL CENTRO POBLADO DE COCHACHARAO DEL DISTRITO DE SAN FRANCISCO DE ASIS DE YARUSYACAN - PROVINCIA DE PASCO - DEPARTAMENTO DE PASCO,Administración directa,Sin Ejecución,"",1199597.07,SAN FRANCISCO DE ASIS DE YARUSYACAN,PASCO,PASCO
123655,2453221,2453221,"REPARACION DE VIAS VECINALES; EN EL(LA) CAMINO VECINAL TRAMO: C. P. ACO AL ANEXO DE HUAMBRAC DEL C. P. HUALLAMAYO DISTRITO DE PAUCARTAMBO, PROVINCIA PASCO, DEPARTAMENTO PASCO",Administración directa,Finalizado,5/12/2019 00:00:00,111951.02,PAUCARTAMBO,PASCO,PASCO
123349,0,0,"""MEJORAMIENTO DE LAS VÍAS, INSTALACIÓN DE ÁREAS VERDES, CONSTRUCCIÓN DE GRADERÍAS Y VEREDAS DE LAS CALLES HUANUCO, MACHU PICCHU, RICA CERREÑA, MISTI Y PIURA DEL AA. HH. JOSE CARLOS MARIATEGUI SECTOR 2. DISTRITO DE SIMÓN BOLÍVAR - PASCO - PASCO - III ETAPA""",Contrata,Finalizado,24/02/2020 00:00:00,731470.55,,PASCO,PASCO
122875,2338021,376944,"CREACION DEL SERVICIO DE AGUA POTABLE EN EL ANEXO ENTRE RIOS, DISTRITO DE VILLA RICA - OXAPAMPA - PASCO",Administración directa,Finalizado,4/12/2019 00:00:00,100000,VILLA RICA,OXAPAMPA,PASCO
122874,2469368,2469368,CREACION DEL CAMINO DE HERRADURA TRAMO I (PANTEON - TUCUAIN - SHAUSHA ARRIBA) TRAMO II (APARA - SHAUSHA ABAJO) DEL DISTRITO DE TAPUC - PROVINCIA DE DANIEL ALCIDES CARRION - DEPARTAMENTO DE PASCO,Administración directa,Finalizado,17/08/2020 00:00:00,659837,TAPUC,DANIEL ALCIDES CARRION,PASCO
122872,2469425,2469425,"CONSTRUCCION DE CERCO PERIMETRICO; EN EL(LA) CEMENTERIO ANTIGUO EN LA LOCALIDAD DE VICCO DEL DISTRITO DE VICCO DE LA PROVINCIA DE PASCO - DEPARTAMENTO DE PASCO EN LA LOCALIDAD VICCO, DISTRITO DE VICCO, PROVINCIA PASCO, DEPARTAMENTO PASCO",Administración directa,Finalizado,1/02/2020 00:00:00,297174.52,VICCO,PASCO,PASCO
122871,2445677,2445677,"RENOVACION DE LÍNEA DE CONDUCCIÓN; EN EL(LA) SISTEMA DE AGUA POTABLE DE LA LOCALIDAD DE PAMPAMARCA ALTA DEL DISTRITO DE PAUCARTAMBO, PROVINCIA PASCO, DEPARTAMENTO PASCO",Contrata,Finalizado,14/01/2020 00:00:00,128953.55,PAUCARTAMBO,PASCO,PASCO
122870,2439520,2439520,"REPARACION DE PONTON Y MURO DE CONTENCION; EN EL(LA) PONTON SHISHUA EN LA LOCALIDAD QUIPARACRA, DISTRITO DE HUACHON, PROVINCIA PASCO, DEPARTAMENTO PASCO",Administración directa,Finalizado,24/09/2020 00:00:00,216856.70,HUACHON,PASCO,PASCO
122869,2436954,2436954,"REPARACION DE DESCARGAS DE AGUAS RESIDUALES, DISTRIBUIDORES DE AGUAS RESIDUALES Y SEPARADOR COALESCENTE DE AGUAS RESIDUALES; EN EL(LA) PLANTA DE TRATAMIENTO DE AGUAS RESIDUALES EN LA LOCALIDAD HUACHON, DISTRITO DE HUACHON, PROVINCIA PASCO, DEPARTAMENTO PASCO",Administración directa,Finalizado,9/12/2019 00:00:00,177999.89,HUACHON,PASCO,PASCO
122164,2478281,2478281,"REMODELACION DE AMBIENTE ADMINISTRATIVO; ADQUISICION DE MOBILIARIO; RENOVACION DE EQUIPO; EN EL(LA) PALACIO MUNICIPAL DISTRITO DE SAN PEDRO DE PILLAO, PROVINCIA DANIEL ALCIDES CARRION, DEPARTAMENTO PASCO",Administración directa,Finalizado,2/06/2020 00:00:00,89442.61,SAN PEDRO DE PILLAO,DANIEL ALCIDES CARRION,PASCO
122163,2463308,2463308,"RENOVACION DE EDIFICIO DE OFICINAS; REPARACION DE ASCENSORES; ADQUISICION DE MATERIALES DIDACTICOS DE INFORMATICA; EN EL(LA) MUNICIPALIDAD DISTRITAL DE SIMON BOLIVAR EN LA LOCALIDAD SAN ANTONIO DE RANCAS, DISTRITO DE SIMON BOLIVAR, PROVINCIA PASCO, DEPARTAMENTO PASCO",Contrata,Finalizado,21/01/2020 00:00:00,366093.96,SIMON BOLIVAR,PASCO,PASCO
122162,2470493,2470493,"CREACION DEL PARQUE EN EL JR. MANCO CAPAC ENTRE EL JR. CONDORCANQUI DEL BARRIO 14 DE SETIEMBRE, DISTRITO DE HUAYLLAY - PROVINCIA DE PASCO - DEPARTAMENTO DE PASCO",Contrata,Finalizado,23/09/2020 00:00:00,163352.30,HUAYLLAY,PASCO,PASCO
122161,2375272,2375272,"MEJORAMIENTO DEL JIRON BOLOGNESI, CALLE LA LIBERTAD Y EL PASAJE S/N DEL BARRIO LA FLORIDA DEL DISTRITO DE HUAYLLAY - PROVINCIA DE PASCO - DEPARTAMENTO DE PASCO",Contrata,Finalizado,24/03/2021 00:00:00,1519093.86,HUAYLLAY,PASCO,PASCO
121912,2381760,2381760,"SALDO DE OBRA: AMPLIACIÓN MARGINAL DE LA INFRAESTRUCTURA DEL TERMINAL TERRESTRE INTERPROVINCIAL DE PASCO DEL DISTRITO DE CHAUPIMARCA, PROVINCIA PASCO - PASCO",Administración directa,Finalizado,17/12/2020 00:00:00,85432.25,CHAUPIMARCA,PASCO,PASCO
121889,2425263,2425263,MEJORAMIENTO DE LA CAPACIDAD OPERATIVA DE LA OFICINA DE MEDIO AMBIENTE Y LIMPIEZA PUBLICA DE LA MUNICIPALIDAD DEL DISTRITO DE NINACACA - PROVINCIA DE PASCO - DEPARTAMENTO DE PASCO,Administración directa,Finalizado,3/08/2018 00:00:00,1508825.03,NINACACA,PASCO,PASCO
121845,2329498,365819,"CREACION DEL SISTEMA DE RIEGO TECNIFICADO EN LAS COMUNIDADES DE PATARAYOG, QUECHCA Y SAN MIGUEL DE CUCHIS, DISTRITO DE VILCABAMBA - DANIEL ALCIDES CARRION - PASCO",Contrata,Sin Ejecución,"","",VILCABAMBA,DANIEL ALCIDES CARRION,PASCO
121798,2430985,2430985,MEJORAMIENTO PRODUCTIVO DEL GANADO OVINO EN EL CENTRO POBLADO DE POCOBAMBA DEL DISTRITO DE SANTA ANA DE TUSI - PROVINCIA DE DANIEL ALCIDES CARRION - DEPARTAMENTO DE PASCO,Administración directa,Sin Ejecución,"","",SANTA ANA DE TUSI,DANIEL ALCIDES CARRION,PASCO
121740,2459276,2459276,"REPARACIÓN DE VÍAS DE ACCESO; EN EL (LA) CALLE DE SAN FRANCISCO, TRES ISLAS, SAN JUAN DE CAHUAPANAS, PUERTO LAGARTO, PUERTO OCOPA, SARGENTO LORENS DISTRITO DE PUERTO BERMUDEZ, PROVINCIA OXAPAMPA, DEPARTAMENTO PASCO",Administración directa,Finalizado,14/10/2019 00:00:00,65000,PUERTO BERMUDEZ,OXAPAMPA,PASCO
121736,2454067,2454067,"CONSTRUCCIÓN DE BAÑO O SERVICIO SANITARIO; IE 34006 SAN MARTÍN DE QUIRISHARI DISTRITO DE PUERTO BERMUDEZ, PROVINCIA DE OXAPAMPA, DEPARTAMENTO DE PASCO",Administración directa,Finalizado,2/12/2019 00:00:00,25000,PUERTO BERMUDEZ,OXAPAMPA,PASCO
121730,2463211,2463211,"REMODELACION DE SISTEMA INTEGRADO DE GESTIÓN DE CALIDAD; EN EL (LA) PALACIO MUNICIPAL DE LA LOCALIDAD DE PUERTO BERMUDEZ, DISTRITO DE PUERTO BERMUDEZ, PROVINCIA OXAPAMPA, DEPARTAMENTO PASCO",Administración directa,Finalizado,5/12/2019 00:00:00,76000,PUERTO BERMUDEZ,OXAPAMPA,PASCO
121573,2459662,2459662,"REPARACION DE VIAS DE ACCESO; EN EL (LA) CUNETAS VEREDAS Y PUERTO PRINCIPAL EN LA LOCALIDAD SAN PABLO, DISTRITO DE PUERTO BERMUDEZ, PROVINCIA DE OXAPAMPA, DEPARTAMENTO PASCO",Administración directa,Finalizado,9/12/2019 00:00:00,65000,PUERTO BERMUDEZ,OXAPAMPA,PASCO
121285,2434496,2434496,CREACION Y FORTALECIMIENTO DE CAPACIDADES EN GESTION COMUNITARIA EN EL ANEXO ALTO BOCAZ DEL DISTRITO DE VILLA RICA - PROVINCIA DE OXAPAMPA - DEPARTAMENTO DE PASCO,Administración directa,Finalizado,14/11/2019 00:00:00,113610.93,VILLA RICA,OXAPAMPA,PASCO
121281,2464326,2464326,"CONSTRUCCION DE CERCO PERIMETRICO Y VIAS DE ACCESO; EN EL(LA) MANANTIAL DE AGUA TICTIPULLIN EN LA LOCALIDAD YURAJHUANCA, DISTRITO DE SIMON BOLIVAR, PROVINCIA PASCO, DEPARTAMENTO PASCO",Administración directa,Sin Ejecución,"",58862.86,SIMON BOLIVAR,PASCO,PASCO
120951,0,0,"CREACION DEL PUENTE PICHIS Y ACCESOS, DISTRITO DE PUERTO BERMUDEZ, PROVINCIA DE OXAPAMPA , REGION PASCO",Contrata,Sin Ejecución,"","",PUERTO BERMUDEZ,OXAPAMPA,PASCO
120880,2464660,2464660,ELABORACION DE EXPEDIENTE TECNICO CREACION DE TROCHA CARROZABLE TRAMO PUENTE PRIMAVERA HUAYLASJIRCA DEL DISTRITO DE YANAHUAN,Contrata,Sin Ejecución,"","",,,PASCO
120672,2312713,349844,"MEJORAMIENTO DE LOS SERVICIOS DE LA I.E.I. DE LOS SECTORES DE SAN LUIS DE SHIRINGAMAZU, NUEVO PROGRESO Y AZULIS, DISTRITO DE PALCAZU - OXAPAMPA - PASCO",Contrata,Finalizado,1/07/2020 00:00:00,1410569.92,PALCAZU,OXAPAMPA,PASCO
119625,2113546,128674,CONSTRUCCIÓN DE PISTAS VEREDAS DRENAJE PLUVIAL Y RECUPERACIÓN DE ÁREAS VERDES EN LOS ASENTAMIENTOS HUMANOS BARRIOS CALLES Y JIRONES DEL DISTRITO DE CHAUPIMARCA PROVINCIA DE PASCO-PASCO-SALDO DE OBRA CONSTRUCCIÓN DE PISTAS VEREDAS DESAGÜE PLUVIAL Y RECUPERACIÓN DE ÁREAS VERDES EN EL SECTOR 4 DEL AA.HH TUPAC AMARU,Contrata,Finalizado,26/08/2020 00:00:00,819927.76,CHAUPIMARCA,PASCO,PASCO
119415,2445401,2445401,CREACIÓN DEL TRANSITO VEHICULAR Y PEATONAL SOBRE LA QUEBRADA MAZANKI EN EL CENTRO POBLADO DE 7 DE JUNIO (VILLA AMÉRICA) DEL DISTRITO DE PALCAZU - PROVINCIA DE OXAPAMPA - DEPARTAMENTO DE PASCO,Contrata,Finalizado,20/12/2019 00:00:00,352138.96,PALCAZU,OXAPAMPA,PASCO
119380,2057906,3271,"Mejoramiento, Rehabilitación, Conservación por Niveles de Servicio y Operación del Corredor Vial: Lima - Canta - Huayllay - Div. Cochamarca - Emp. PE 3N.",Contrata,Finalizado,1/11/2019 00:00:00,439016888.72,HUAYLLAY,PASCO,PASCO
119317,2471109,2471109,"CREACIÓN DEL TERMINAL TERRESTRE DISTRITAL EN LA LOCALIDAD DE YANAHUANCA, DEL DISTRITO DE YANAHUANCA - PROVINCIA DE DANIEL ALCIDES CARRIÓN - DEPARTAMENTO DE PASCO",Administración directa,Finalizado,9/11/2020 00:00:00,141650.49,YANAHUANCA,PASCO,PASCO
119190,2411616,2411616,"MEJORAMIENTO DE LAS REDES DE MEDIA Y BAJA TENSION DEL CENTRO POBLADO COCHAMARCA, DISTRITO DE VICCO, PROVINCIA Y DEPARTAMENTO DE PASCO",Contrata,En Ejecución,4/05/2022 00:00:00,138473,VICCO,PASCO,PASCO
119182,2392232,2392232,"ELABORACION DEL EXPEDIENTE TECNICO DEL PROYECTO MEJORAMIENTO DEL SERVICIO EDUCATIVO DEL CEBA LIBERTADOR MARISCAL CASTILLA, DISTRITO DE OXAPAMPA, PROVINCIA DE OXAPAMPA REGIÓN PASCO.",Contrata,Sin Ejecución,"","",OXAPAMPA,OXAPAMPA,PASCO
119083,2134748,117861,"CONSTRUCCION DEL SISTEMA DE RIEGO EN LA COMUNIDAD DE CHINCHE YANAHUANCA, DISTRITO DE YANAHUANCA - PROVINCIA DANIEL CARRION - REGION PASCO",Contrata,Finalizado,8/08/2019 00:00:00,3369443.50,YANAHUANCA,PASCO,PASCO
119046,0,0,"Mejoramiento Del Alimentador A4896, A4891 Y A4892 Puerto Bermúdez, Ciudad Constitución, Puerto Inca Y Palcazú Y Estudio De Coordinación De Aislamiento De La Se Puerto Bermúdez, U.N. Selva Central, Distrito De Palcazu, Provincia De Oxapampa Y Departamento De Pasco",Contrata,Sin Ejecución,"","",PALCAZU,OXAPAMPA,PASCO
118983,2466401,2466401,"CONSTRUCCIÓN DE BAÑO O SERVICIOS SANITARIOS; EN EL(LA) TERMINAL TERRESTRE DE LA LOCALIDAD DE YANAHUANCA DEL DISTRITO DE YANAHUANCA, PROVINCIA DANIEL ALCIDES CARRION, DEPARTAMENTO PASCO",Administración directa,Finalizado,1/12/2020 00:00:00,2000,YANAHUANCA,DANIEL ALCIDES CARRION,PASCO
118821,2403055,2403055,MEJORAMIENTO DEL CAMINO VECINAL DEL TRAMO: VILLA AMERICA KM 000 HASTA EL KM 12.425 PAMPA HERMOSA DEL - DISTRITO DE PALCAZU - PROVINCIA DE OXAPAMPA - REGION PASCO,Contrata,Finalizado,3/05/2022 00:00:00,2500390.72,PALCAZU,OXAPAMPA,PASCO
118798,2443400,2443400,MEJORAMIENTO DE LOS SERVICIOS DE EDUCACIÓN PRIMARIA N 34608 ATAZ DEL SECTOR ATAZ DEL DISTRITO DE PALCAZU - PROVINCIA DE OXAPAMPA - DEPARTAMENTO DE PASCO,Contrata,Finalizado,16/11/2019 00:00:00,363904.56,PALCAZU,OXAPAMPA,PASCO
118793,2457894,2457894,"MEJORAMIENTO DE LOS SERVICIOS DE TRANSITABILIDAD VEHICULAR EN EL CAMINO VECINAL C.P. TINGO MAL PASO - C.P. BUENA VISTA, CRUCE CARRETERA CHUMALLE DISTRITO DE POZUZO - PROVINCIA DE OXAPAMPA - DEPARTAMENTO DE PASCO",Contrata,Sin Ejecución,"",1912820.70,POZUZO,OXAPAMPA,PASCO
118786,2461756,2461756,"CONSTRUCCION DE EDIFICACION; EN EL(LA) CENTRO DE INNOVACION PARA EL CONTROL DE CALIDAD DEL CAFE, DISTRITO DE OXAPAMPA, PROVINCIA OXAPAMPA, DEPARTAMENTO PASCO",Administración directa,En Ejecución,"",27371.31,OXAPAMPA,OXAPAMPA,PASCO
118765,2467068,2467068,"CONSTRUCCION DE AULA; EN EL(LA) SUPERIOR PEDAGOGICA FRAY ANGEL J. AZAGRA MURILLO DISTRITO DE PUERTO BERMUDEZ, PROVINCIA OXAPAMPA, DEPARTAMENTO PASCO",Administración directa,Finalizado,12/11/2019 00:00:00,10000,PUERTO BERMUDEZ,OXAPAMPA,PASCO
118681,2403058,2403058,MEJORAMIENTO DEL CAMINO VECINAL TRAMO: VICTORIANO QUISPE LAZARO KM 00 HASTA EL KM 10.497 ALTO IZPIHUACAZU - DISTRITO DE PALCAZU - PROVINCIA DE OXAPAMPA - REGION PASCO,Contrata,Finalizado,3/05/2022 00:00:00,1843356.41,PALCAZU,OXAPAMPA,PASCO
118658,2463860,2463860,"MEJORAMIENTO Y AMPLIACION DE LA I.E. N°34267 MAZUHUAZO, I.E. N°34298 ISHPIHUACAZU, I.E. N° 34451-SECTOR QUEBRADA PACO, I.E. N° 34526-SECTOR LA OROYA, I.E. N° 34553-SECTOR ALTO ISHPIHUACAZU DE LAS 5 LOCALIDADES DEL DISTRITO DE PALCAZU - PROVINCIA DE O",Contrata,Sin Ejecución,"",2102415.70,PALCAZU,OXAPAMPA,PASCO
118626,2459666,2459666,"REPARACION DE VIAS DE ACCESO; EN EL(LA) ANEXOS DEL SECTOR MIRAFLORES DISTRITO DE PUERTO BERMUDEZ, PROVINCIA OXAPAMPA, DEPARTAMENTO PASCO",Administración directa,Finalizado,4/11/2019 00:00:00,50000,PUERTO BERMUDEZ,OXAPAMPA,PASCO
118620,2467888,2467888,"REPARACION DE BLOQUE DE INFRAESTRUCTURA; EN EL(LA) EESS GOYLLARISQUIZGA - GOYLLARISQUIZGA EN LA LOCALIDAD GOYLLARISQUIZGA, DISTRITO DE GOYLLARISQUIZGA, PROVINCIA DANIEL ALCIDES CARRION, DEPARTAMENTO PASCO",Administración directa,En Ejecución,"",32350.77,GOYLLARISQUIZGA,DANIEL ALCIDES CARRION,PASCO
118479,2457899,2457899,MEJORAMIENTO SERVICIOS DE TRANSITABILIDAD VEHICULAR EN EL CAMINO VECINAL C.P. TINGO MAL PASO - C.P. SAN SALVADOR DEL DISTRITO DE POZUZO - PROVINCIA DE OXAPAMPA - DEPARTAMENTO DE PASCO,Contrata,Sin Ejecución,"",1251154.01,POZUZO,OXAPAMPA,PASCO
118403,2459144,2459144,"REPARACION DE CAPTACIÓN SUPERFICIAL DE AGUA, LÍNEA DE CONDUCCIÓN Y RESERVORIO; EN EL(LA) SISTEMA DE AGUA POTABLE DE LAS LOCALIDADES DE PUMACAYAN, LOS ANGELES, SHAURIN, YANATAMBON Y PACHACRAHUAY DEL DISTRITO DE SAN FRANCISCO DE ASIS DE YARUSYACAN, PROVINCIA PASCO, DEPARTAMENTO PASCO",Administración directa,Sin Ejecución,"",183399.22,SAN FRANCISCO DE ASIS DE YARUSYACAN,PASCO,PASCO
118336,2460049,2460049,"REPARACION DE VIAS DE ACCESO; EN EL(LA) TROCHA CARROZABLE CAPELO, PRIMAVERA, CENTRO UNION, MANICHARI DISTRITO DE PUERTO BERMUDEZ, PROVINCIA OXAPAMPA, DEPARTAMENTO PASCO",Administración directa,Finalizado,18/11/2019 00:00:00,35000,PUERTO BERMUDEZ,OXAPAMPA,PASCO
118333,2442928,2442928,"CONSTRUCCIÓN DE MURO DE CONTENCIÓN, EN EL( LA) DEFENSA RIBEREÑA TRAMO PUENTE RIO NEGRO AL PUENTE REVERENDO PADRE EGG,DISTRITO DE POZUZO ,PROVINCIA DE OXAPAMPA,DEPARTAMENTO DE PASCO",Administración directa,Finalizado,27/07/2020 00:00:00,2956669.30,POZUZO,OXAPAMPA,PASCO
118286,2173411,250662,"MEJORAMIENTO DE LOS SERVICIOS EDUCATIVOS PARA EL APRENDIZAJE DE LOS ALUMNOS DEL NIVEL PRIMARIA EN LA RED EDUCATIVA AVANZANDO JUNTOS DEL DISTRITO DE YANAHUANCA, PROVINCIA DANIEL CARRION, REGION DE PASCO",Contrata,Finalizado,12/01/2021 00:00:00,7618990.20,YANAHUANCA,PASCO,PASCO
118223,2131962,120422,"MEJORAMIENTO DE LA INFRAESTRUCTURA Y EQUIPAMIENTO DE LA FACULTAD DE CIENCIAS ECONÓMICAS, CONTABLES Y ADMINISTRATIVAS DE LA UNIVERSIDAD NACIONAL DANIEL ALCIDES CARRION PASCO",Contrata,Finalizado,6/02/2014 00:00:00,993115.10,,DANIEL ALCIDES CARRION,PASCO
118188,2155913,194766,"MEJORAMIENTO DE VIAS CON PISTAS, VEREDAS, GRADERIAS EN CALLES, JIRONES Y PASAJES . DEL AA. HH ULIACHIN - SECTOR 4, DISTRITO DE CHAUPIMARCA, PROVINCIA DE PASCO - PASCO;PRIMERA ETAPA;MEJORAMIENTO DE VIAS CON PISTAS,VEREDAS Y GRADERIAS EN LAS CALLES PRLG. 2 DE MAYO,JR. 2 DE MAYO ,JR. GRAU Y PSJE. RICARDO PALMA DEL AA.HH. ULIACHIN SECTOR 4",Contrata,Finalizado,21/08/2020 00:00:00,868231.27,CHAUPIMARCA,PASCO,PASCO
118178,2445662,2445662,CREACION DEL CAMPO DEPORTIVO DE GRASS SINTETICO EN EL CENTRO POBLADO DE SHELBY DEL DISTRITO DE VICCO - PROVINCIA DE PASCO - DEPARTAMENTO DE PASCO,Contrata,Finalizado,27/01/2020 00:00:00,665092.65,VICCO,PASCO,PASCO
118054,2448755,2448755,"RENOVACIÓN DE DEFENSA RIBEREÑA EN EL RÍO HUALLAGA EN LA LOCALIDAD VILLA BATANCHACA, DISTRITO DE SAN FRANCISCO DE ASÍS DE YARUSYACAN, PROVINCIA PASCO, DEPARTAMENTO PASCO",Contrata,Finalizado,22/09/2020 00:00:00,1301198.83,,PASCO,PASCO
118045,2441954,2441954,"REPARACIÓN DEL PUENTE PEATONAL EN EL RIO CUCHIS LOCALIDAD DE CUCHIS, DISTRITO DE VILCABAMBA, PROVINCIA DANIEL ALCIDES CARRIÓN, DEPARTAMENTO PASCO",Contrata,Finalizado,27/07/2020 00:00:00,365112.71,VILCABAMBA,PASCO,PASCO
118038,2448519,2448519,"REPARACIÓN DEL MURO DE CONTENCIÓN EN LA RUTA PA 515 EN LA LOCALIDAD PAMPAMARCA, DISTRITO DE VILCABAMBA, PROVINCIA DANIEL ALCIDES CARRIÓN, DEPARTAMENTO PASCO",Contrata,Finalizado,2/11/2020 00:00:00,165304.96,VILCABAMBA,PASCO,PASCO
118035,2439316,2439316,"REPARACIÓN DE LA DEFENSA RIBEREÑA DEL CENTRO POBLADO DE PAMPANIA, DISTRITO SANTA ANA DE TUSI, PROVINCIA DANIEL ALCIDES CARRION, DEPARTAMENTO PASCO",Contrata,Finalizado,2/09/2020 00:00:00,329460.28,SANTA ANA DE TUSI,DANIEL ALCIDES CARRION,PASCO
118017,2440562,2440562,"RENOVACIÓN DE PONTON; EN EL(LA) RIO COLORADO DEL CENTRO POBLADO ANDACHACA - SANTIAGO PAMPA DISTRITO DE YANAHUANCA, PROVINCIA DANIEL ALCIDES CARRION, DEPARTAMENTO PASCO",Contrata,Sin Ejecución,"","",YANAHUANCA,DANIEL ALCIDES CARRION,PASCO
118016,2334172,373336,"MEJORAMIENTO DEL MEDIO AMBIENTE MEDIANTE LA FORESTACION EN CABECERA DE CUENCA CON ESPECIES NATIVAS EN 22 LOCALIDADES DE LOS DISTRITOS DE YANAHUANCA, SAN PEDRO DE PILLAO Y PAUCAR PROVINCIA DANIEL ALCIDES CARRION DEPARTAMENTO DE PASCO",Contrata,Sin Ejecución,"","",SAN PEDRO DE PILLAO,DANIEL ALCIDES CARRION,PASCO
118010,2439102,2439102,"REPARACIÓN DE DEFENSA RIBEREÑA; QUEBRADA SANTA ROSA Y MOSQUETA DISTRITO DE HUARIACA, PROVINCIA PASCO, DEPARTAMENTO PASCO",Contrata,Finalizado,26/10/2020 00:00:00,3472766.56,HUARIACA,PASCO,PASCO
118005,2448498,2448498,"RENOVACION DE LA DEFENZA RIBEREÑA EN EL RIO TINGO, EN LA LOCALIDAD DE CHACRA COLORADA, DISTRITO DE SAN FRANCISCO DE ASIS DE YARUSYACAN - PROVINCIA PASCO, DEPARTAMENTO PASCO",Contrata,Finalizado,22/10/2020 00:00:00,1534009.53,SAN FRANCISCO DE ASIS DE YARUSYACAN,PASCO,PASCO
117999,2448621,2448621,"REPARACIÓN DE MURO DE CONTENCIÓN; EN EL (LA) INSTITUCIÓN EDUCATIVA N°34122 EN LA LOCALIDAD HUAYLASJIRCA, DISTRITO DE YANAHUANCA, PROVINCIA DANIEL ALCIDES CARRIÓN, DEPARTAMENTO PASCO",Contrata,Finalizado,4/11/2020 00:00:00,474573.07,YANAHUANCA,PASCO,PASCO
117992,2440088,2440088,"REPARACIÓN DEL PUENTE PEATONAL DEL SECTOR RINCONADA, DISTRITO DE POZUZO - PROVINCIA DE OXAPAMPA - DEPARTAMENTO PASCO",Contrata,Finalizado,1/10/2020 00:00:00,188521.93,POZUZO,OXAPAMPA,PASCO
117986,2440030,2440030,"REPARACIÓN DE LA DEFENSA RIBEREÑA, ENROCADO EN EL RIO SAL C. P. PUENTE PAUCARTAMBO DISTRITO DE VILLA RICA, PROVINCIA OXAPAMPA, DEPARTAMENTO PASCO",Contrata,Finalizado,10/11/2020 00:00:00,461259.72,VILLA RICA,OXAPAMPA,PASCO
117977,2439305,2439305,"REPARACIÓN DE DEFENSA RIBEREÑA EN LA LOCALIDAD DE USPACHACA, DISTRITO DE TAPUC - PROVINCIA DANIEL ALCIDES CARRIÓN, DEPARTAMENTO DE PASCO",Contrata,Finalizado,13/08/2020 00:00:00,216481.93,TAPUC,PASCO,PASCO
117936,2330116,366401,CREACION DEL CAMINO VECINAL TRAMO VILCABAMBA -ANIPONGO I=6.03KM DISTRITO DE VILCABAMBA - DANIEL ALCIDES CARRION - PASCO,Contrata,Sin Ejecución,"","",VILCABAMBA,DANIEL ALCIDES CARRION,PASCO
117904,2153491,181070,"MEJORAMIENTO Y AMPLIACIÓN DEL ESTADIO PATARCOCHA, DISTRITO DE CHAUPIMARCA, PROVINCIA DE PASCO - PASCO. COMPONENTE II: INFRAESTRUCTURA DEPORTIVA (CAMPO DEPORTIVO)",Contrata,Finalizado,13/07/2020 00:00:00,1844482.17,CHAUPIMARCA,PASCO,PASCO
117900,2152465,194375,"MEJORAMIENTO DE PISTAS Y VEREDAS EN LOS JR. HUARICAPCHA CUADRA 1 Y 2, GENARO LEDESMA, MARIA PARADO DE BELLIDO, 6 DE AGOSTO, PSJ. PUNO, TRANS. CIRV. TUPAC AMARU, CALLE 8 Y 16 SECTOR 3 AA.HH. TUPAC AMARU, DISTRITO DE CHAUPIMARCA, PROVINCIA DE PASCO PASCO. COMPONENTE II: MEJORAMIENTO DE PISTAS VEREDAS EN LOS JR. HUARICAPCHA CUADRA 1 Y 2 Y CALLE GENARO LEDESMA; II ETAPA.",Contrata,Finalizado,21/08/2020 00:00:00,1643706.83,CHAUPIMARCA,PASCO,PASCO
117862,0,0,REPARACIÓN DE CONEXIONES DOMICILIARIAS DE AGUA POTABLE DESAGÜE Y CONDUCTO ELÉCTRICO EN LA ALDEA INFANTIL SAN NICOLAS DISTRITO DE YANACANCHA PROVINCIA DE PASCO DEPARTAMENTO PASCO,Contrata,Sin Ejecución,"","",YANACANCHA,PASCO,PASCO
117716,2333519,372786,"MEJORAMIENTO DEL CAMINO VECINAL ALTO ENEÑAS DEL C.P. SAN MIGUEL DE ENEÑAS, DISTRITO DE VILLA RICA - OXAPAMPA - PASCO",Administración directa,Finalizado,29/10/2019 00:00:00,100000,VILLA RICA,OXAPAMPA,PASCO
117450,2456682,2456682,"RENOVACION DE VIAS VECINALES; EN EL(LA) LOCALIDADES DE LA COLINA, LLAMAQUIZU Y QUILLAZU DISTRITO DE OXAPAMPA, PROVINCIA OXAPAMPA, DEPARTAMENTO PASCO",Administración directa,Finalizado,13/11/2019 00:00:00,154058.53,OXAPAMPA,OXAPAMPA,PASCO
117301,2143108,166397,"MEJORAMIENTO Y REHABILITACION DEL CAMINO VECINAL CRUCE GOYLLAR - ANTAPIRCA Y ACCESOS,, DISTRITO DE SANTA ANA DE TUSI - DANIEL ALCIDES CARRION - PASCO",Contrata,Finalizado,16/05/2019 00:00:00,6760138.92,SANTA ANA DE TUSI,DANIEL ALCIDES CARRION,PASCO
117184,2462830,2462830,CREACION DE SISTEMA DE PROTECCIÓN CONTRA RADIACIÓN SOLAR EN LAS INSTITUCIONES EDUCATIVAS DEL DISTRITO DE TINYAHUARCO - PROVINCIA DE PASCO - DEPARTAMENTO DE PASCO,Contrata,Sin Ejecución,"",1823171.53,TINYAHUARCO,PASCO,PASCO
117135,2178334,236074,"MEJORAMIENTO DE LA AVENIDA DE SALIDA DESDE SANTA ISABEL DE PELMAZ - PUENTE TUNCHI, DISTRITO DE PUERTO BERMÚDEZ, PROVINCIA DE OXAPAMPA, REGIÓN PASCO",Contrata,Finalizado,28/01/2021 00:00:00,14474317.60,OXAPAMPA,OXAPAMPA,PASCO
117057,2165509,221518,"AMPLIACION Y MEJORAMIENTO DEL SISTEMA DE AGUA Y DESAGUE DEL CENTRO POBLADO DE SAN MIGUEL DE ENEÑAS , DISTRITO DE VILLA RICA - OXAPAMPA - PASCO",Contrata,Sin Ejecución,"",16307774.93,VILLA RICA,OXAPAMPA,PASCO
116986,2469244,2469244,MEJORAMIENTO DE LA TRANSITABILIDAD PEATONAL ENTRE EL PARADERO 15 Y LA AV EL MINERO (CARRETERA CENTRAL) DISTRITO DE YANACANCHA - PROVINCIA DE PASCO - DEPARTAMENTO DE PASCO,Contrata,Finalizado,22/01/2020 00:00:00,610874.29,YANACANCHA,PASCO,PASCO
116983,2453182,2453182,"AMPLIACION DEL SERVICIO DE EDUCACION INICIAL EN LA I.E.I DIVINO NIÑO JESUS DEL AA.HH TECHO PROPIO, DISTRITO DE YANACANCHA - PROVINCIA DE PASCO - DEPARTAMENTO DE PASCO",Contrata,Finalizado,11/01/2020 00:00:00,782385.14,YANACANCHA,PASCO,PASCO
116844,2428231,2428231,"CREACIÓN DE PISTAS Y VEREDAS EN EL JR. SEÑOR DE LOS MILAGROS, JR. JULIAN BERAUN, JR. SILVINO MATIAS, JR. VIRGEN DEL CARMEN EN EL TRAMO: AV. JOSE FERREYRA GARCIA - JR. SANTA ROSA; JR. CESAR VALLEJO, JR. RICARDO PALMA, JR. JULIAN BERAUN TRAMO: JR SANTA ROSA - JR. DANIEL ALCIDES CARRION; JR. TUPAC AMARU EN EL TRAMO: JR. SEÑOR DE LOS MILAGROS-JR. PEDRO ZEVALLOS, Y EL JR. DANIEL ALCIDES CARRION, EN LA LOCALIDAD COLQUIJIRCA DEL DISTRITO DE TINYAHUARCO - PROVINCIA DE PASCO - DEPARTAMENTO DE PASCO",Contrata,Sin Ejecución,"",7248989.91,TINYAHUARCO,DANIEL ALCIDES CARRION,PASCO
116842,2403669,2403669,CREACIÓN DE LOS COMEDORES DE LA I. E. REPÚBLICA DE ARGENTINA EN LA LOCALIDAD DE VILLA DE PASCO DEL CENTRO POBLADO DE VILLA DE PASCO - DISTRITO DE TINYAHUARCO - PROVINCIA PASCO - REGION PASCO,Contrata,Finalizado,24/03/2022 00:00:00,270065.13,TINYAHUARCO,PASCO,PASCO
116580,2446959,2446959,"RENOVACION DE OBRAS EXTERIORES, LINEA DE CONDUCCION, LINEA DE ADUCCION Y FILTRO LENTO; EN EL(LA) SISTEMA DE AGUA POTABLE EN LA LOCALIDAD CHURUMAZU, DISTRITO DE OXAPAMPA, PROVINCIA OXAPAMPA, DEPARTAMENTO PASCO",Administración directa,Finalizado,5/12/2019 00:00:00,277552.21,OXAPAMPA,OXAPAMPA,PASCO
116573,2432297,2432297,CREACION Y FORTALECIMIENTO DE CAPACIDADES EN GESTION COMUNITARIA EN EL ANEXO SANTA ROSA DE OCONAL DEL DISTRITO DE VILLA RICA - PROVINCIA DE OXAPAMPA - DEPARTAMENTO DE PASCO,Administración directa,Finalizado,1/10/2019 00:00:00,115990.93,VILLA RICA,OXAPAMPA,PASCO
116511,2432154,2432154,CREACION Y FORTALECIMIENTO DE CAPACIDADES EN GESTION COMUNITARIA EN EL ANEXO ALTO NAGAZU DEL DISTRITO DE VILLA RICA - PROVINCIA DE OXAPAMPA - DEPARTAMENTO DE PASCO,Administración directa,Finalizado,30/09/2019 00:00:00,111306.36,VILLA RICA,OXAPAMPA,PASCO
116472,2432257,2432257,CREACION Y FORTALECIMIENTO DE CAPACIDADES EN GESTION COMUNITARIA EN EL ALTO ENTAZ DEL DISTRITO DE VILLA RICA - PROVINCIA DE OXAPAMPA - DEPARTAMENTO DE PASCO,Administración directa,Finalizado,30/09/2019 00:00:00,110982.92,VILLA RICA,OXAPAMPA,PASCO
116407,2447004,2447004,"RENOVACION DE LINEA DE CONDUCCION, OBRAS EXTERIORES Y SEDIMENTADOR; EN EL(LA) SISTEMA DE AGUA POTABLE EN LA LOCALIDAD MESAPATA, DISTRITO DE OXAPAMPA, PROVINCIA OXAPAMPA, DEPARTAMENTO PASCO",Administración directa,Finalizado,5/12/2019 00:00:00,97907.75,OXAPAMPA,OXAPAMPA,PASCO
116309,2466315,2466315,CREACION DE LOSA DEPORTIVA CON GRASS SINTÉTICO EN EL CENTRO POBLADO DE HUALLAMAYO DEL DISTRITO DE PAUCARTAMBO - PROVINCIA DE PASCO - DEPARTAMENTO DE PASCO,Contrata,Finalizado,13/01/2020 00:00:00,702547.50,PAUCARTAMBO,PASCO,PASCO
116287,2447166,2447166,"CREACION DE PISTAS Y VEREDAS DEL JR. DANIEL ALCIDES CARRION, JR. AGROPECUARIO, JR. PROGRESO, JR. LOS CIPRECES, JR. GONZALO CARHUANCHO, JR. LOS PINOS EN EL ANEXO NUEVA ESPERANZA DEL CENTRO POBLADO DE AUQUIMARCA DEL DISTRITO DE PAUCARTAMBO - PROVINCIA DE PASCO - DEPARTAMENTO DE PASCO",Contrata,Finalizado,23/11/2021 00:00:00,3230654.10,PAUCARTAMBO,DANIEL ALCIDES CARRION,PASCO
116286,2243186,2243186,CREACION DE PISTAS Y VEREDAS EN LAS CALLES DEL ANEXO DE HUAMBRAC DEL CENTRO POBLADO DE HUALLAMAYO DEL DISTRITO DE PAUCARTAMBO - PROVINCIA DE PASCO - DEPARTAMENTO DE PASCO,Contrata,Finalizado,1/10/2020 00:00:00,1002285.26,PAUCARTAMBO,PASCO,PASCO
116281,2459520,2459520,ELABORACIÓN DEL EXPEDIENTE TÉCNICO DEFINITIVO DEL PROYECTO: MEJORAMIENTO DEL SERVICIO DE DRENAJE PLUVIAL EN LA ZONA URBANA DEL DISTRITO DE CHAUPIMARCA - PROVINCIA DE PASCO - DEPARTAMENTO DE PASCO,Contrata,Sin Ejecución,"","",CHAUPIMARCA,PASCO,PASCO
116275,2231020,246280,"MEJORAMIENTO DE LOS SERVICIOS EDUCATIVOS DEL INSTITUTO DE EDUCACION SUPERIOR TECNOLOGICO PUBLICO PAUCARTAMBO, DISTRITO DE PAUCARTAMBO PROVINICA Y REGION DE PASCO",Contrata,Sin Ejecución,"","",PAUCARTAMBO,PASCO,PASCO
116099,2447616,2447616,"RENOVACIÓN DE MURO DE PIEDRAS Y PIEDRAS ARTIFICIALES; EN LA VÍA VECINAL ZONA DE HUACATUCO DISTRITO DE VILCABAMBA, PROVINCIA DANIEL ALCIDES CARRIÓN, DEPARTAMENTO DE PASCO",Contrata,Finalizado,13/11/2020 00:00:00,74402.89,VILCABAMBA,PASCO,PASCO
116098,2447655,2447655,"RENOVACIÓN DE MURO DE PIEDRAS Y PIEDRAS ARTIFICIALES; EN EL(LA) MUNICIPALIDAD DISTRITAL DE VILCABAMBA EN LA ZONA BLANCO N. 2 DISTRITO DE VILCABAMBA, PROVINCIA DANIEL ALCIDES CARRIÓN, DEPARTAMENTO DE PASCO",Contrata,Finalizado,3/02/2020 00:00:00,173576.77,VILCABAMBA,PASCO,PASCO
116097,2447653,2447653,"RENOVACIÓN DE MURO DE PIEDRAS Y PIEDRAS ARTIFICIALES, EN EL(LA) MUNICIPALIDAD DISTRITAL DE VILCABAMBA EN LA ZONA BLANCO N. 1 - DISTRITO DE VILCABAMBA, PROVINCIA DANIEL ALCIDES CARRIÓN, DEPARTAMENTO DE PASCO",Contrata,Finalizado,10/03/2021 00:00:00,380599.84,VILCABAMBA,PASCO,PASCO
116090,2330605,368456,"CREACIÓN DE PISTAS Y VEREDAS, ESCALINATAS Y MUROS DE CONTENCIÓN EN LOS JIRONES SAN CRISTÓBAL Y HUARON DISTRITO DE HUAYLLAY PASCO PASCO",Contrata,Finalizado,10/08/2020 00:00:00,1897708.29,HUAYLLAY,PASCO,PASCO
116022,2459841,2459841,"CONSTRUCCION DE ZONA DE JUEGOS O PATIOS DE RECREO PARA NIÑOS; REPARACION DE AULA Y BAÑO O SERVICIOS SANITARIOS; EN EL(LA) IE LAS HORMIGUITAS - NINACACA EN LA LOCALIDAD SOCORRO, DISTRITO DE NINACACA, PROVINCIA PASCO, DEPARTAMENTO PASCO",Contrata,Finalizado,11/12/2019 00:00:00,47803.20,NINACACA,PASCO,PASCO
116018,2331822,371137,MEJORAMIENTO DEL SERVICIO DE SEGURIDAD VECINAL Y COMUNAL EN EL DISTRITO DE VILCABAMBA-DANIEL ALCIDES CARRIÓN-PASCO,Contrata,En Ejecución,23/01/2020 00:00:00,2273245.94,VILCABAMBA,PASCO,PASCO
115918,2455312,2455312,"CREACIÓN DEL PUENTE PEATONAL SOBRE LA QUEBRADA MOSQUETA, DESDE EL PUENTE HUALLAGA HASTA EL PUENTE JIRÓN PROGRESO, DISTRITO DE HUARIACA - PROVINCIA DE PASCO - DEPARTAMENTO DE PASCO",Contrata,Sin Ejecución,"",500882.60,HUARIACA,PASCO,PASCO
115902,2456451,2456451,"MEJORAMIENTO DEL SERVICIO DE TRANSITABILIDAD DEL CAMINO VECINAL TAMBOCHACA, ASTOBAMBA Y HUARAUTAMBO DEL DISTRITO DE YANAHUANCA - PROVINCIA DE DANIEL ALCIDES CARRION - DEPARTAMENTO DE PASCO",Contrata,Finalizado,23/11/2022 00:00:00,10211441.37,YANAHUANCA,DANIEL ALCIDES CARRION,PASCO
115658,2461937,2461937,"REMODELACION DE BLOQUE DE INFRAESTRUCTURA; REPARACION DE INODOROS O EXCUSADOS; ADQUISICION DE VEHICULO; EN EL(LA) PALACIO MUNICIPAL EN LA LOCALIDAD TAPUC, DISTRITO DE TAPUC, PROVINCIA DANIEL ALCIDES CARRION, DEPARTAMENTO PASCO",Administración directa,Sin Ejecución,"",134428.73,TAPUC,DANIEL ALCIDES CARRION,PASCO
115437,2459023,2459023,MEJORAMIENTO Y AMPLIACION DE LOS SERVICIOS DE GESTION MUNICIPAL EN EL PALACIO MUNICIPAL CHONTABAMBA DE LA LOCALIDAD DE CHONTABAMBA(CHURUMAZU) DEL DISTRITO DE CHONTABAMBA - PROVINCIA DE OXAPAMPA - DEPARTAMENTO DE PASCO,Administración directa,Finalizado,4/03/2020 00:00:00,320204.40,CHONTABAMBA,OXAPAMPA,PASCO
115369,2456521,2456521,"CONSTRUCCION DE MURO DE CONTENCION; REPARACION DE INFRAESTRUCTURA DEPORTIVA; EN EL(LA) INFRAESTRUCTURA DEPORTIVA SAN ISIDRO DE YANAPAMPA DISTRITO DE TICLACAYAN, PROVINCIA PASCO, DEPARTAMENTO PASCO",Contrata,Finalizado,13/11/2023 00:00:00,337299.14,TICLACAYAN,PASCO,PASCO
115199,2445803,2445803,"REPARACIÓN DE LA DEFENSA RIBEREÑA; EN EL(LA) DEL BARRIO PIQUILHUANCA, DISTRITO DE TICLACAYAN, PROVINCIA PASCO, DEPARTAMENTO PASCO",Contrata,Finalizado,18/12/2019 00:00:00,1511315,TICLACAYAN,PASCO,PASCO
115076,2446182,2446182,"MEJORAMIENTO DEL MANEJO INTEGRAL DE LOS RESIDUOS SÓLIDOS, (CONSTRUCCIÓN CELDAS TRANSITORIAS, RECUPERACIÓN DE ÁREAS DEGRADADAS DE HUAYCHAUMARCA) - YANAHUANCA DEL DISTRITO DE YANAHUANCA - PROVINCIA DE DANIEL ALCIDES CARRION - DEPARTAMENTO DE PASCO",Contrata,Finalizado,15/01/2020 00:00:00,1986368.03,YANAHUANCA,DANIEL ALCIDES CARRION,PASCO
114959,2463633,2463633,MEJORAMIENTO Y AMPLIACION DEL CAMPO DEPORTIVO EN EL ANEXO DE COCHAPAMPA DEL CENTRO POBLADO DE MACHCAN DEL DISTRITO DE SAN FRANCISCO DE ASIS DE YARUSYACAN - PROVINCIA DE PASCO - DEPARTAMENTO DE PASCO,Contrata,Sin Ejecución,"",11875451.41,SAN FRANCISCO DE ASIS DE YARUSYACAN,PASCO,PASCO
114893,2198319,268625,"EJECUCIÓN DE OBRA: ""MEJORAMIENTO DE LA COBERTURA DE LOS SERVICIOS DE SALUD DEL HOSPITAL ERNESTO GERMAN GUZMÁN GONZALES, PROVINCIA DE OXAPAMPA, DEPARTAMENTO DE PASCO, REGION PASCO""",Contrata,En Ejecución,26/07/2019 00:00:00,105014224.13,OXAPAMPA,OXAPAMPA,PASCO
114757,2450830,2450830,"REPARACIÓN DE BAÑO O SERVICIOS SANITARIOS; EN EL (LA) DE LAS REDES DE AGUA Y DESAGÜE DEL CEMENTERIO ANTICONA, DISTRITO DE HUAYLLAY, PROVINCIA PASCO, DEPARTAMENTO PASCO",Contrata,Finalizado,20/01/2020 00:00:00,185223.95,HUAYLLAY,PASCO,PASCO
114720,2317761,354903,"MEJORAMIENTO Y AMPLIACIÓN DE LOS SERVICIOS DE SANEAMIENTO BÁSICO EN EL CENTRO POBLADO DE HUARAUCACA, DISTRITO DE TINYAHUARCO - PASCO - PASCO - I ETAPA",Contrata,Finalizado,17/10/2022 00:00:00,1537150.14,TINYAHUARCO,PASCO,PASCO
114593,2463085,2463085,"CONSTRUCCIÓN DE AMBIENTE PARA COMEDOR; EN EL(LA) IE TUPAC AMARU - TAPUC DISTRITO DE TAPUC, PROVINCIA DANIEL ALCIDES CARRION, DEPARTAMENTO PASCO",Administración directa,Sin Ejecución,"",127566.58,TAPUC,DANIEL ALCIDES CARRION,PASCO
114509,2460718,2460718,"MEJORAMIENTO DEL SERVICIO DE TRANSITABILIDAD VEHICULAR Y PEATONAL EN LA AV. MIRKO CUCULIZA, AV FERNANDO BELAUNDE TERRY, AV. JUAN VELASCO ALVARADO, CA. 7 DE JUNIO, CA. 30 DE AGOSTO, CA. 28 DE JULIO, CA. 13 DE MAYO, DE LA LOCALIDAD DE PUERTO MAYRO DEL",Contrata,Sin Ejecución,"",10382896.33,,,PASCO
114357,2373594,385702,"MEJORAMIENTO DE VIAS CON PISTAS, VEREDAS Y MUROS DE CONTENCION EN LOS PASAJES MICAELA BASTIDAS, TAHUANTINSUYO Y SIMON BOLIVAR SECTOR 4 DEL AA. HH. TUPAC AMARU, DISTRITO DE CHAUPIMARCA, PROVINCIA DE PASCO - PASCO",Contrata,Finalizado,4/08/2021 00:00:00,740429.65,SIMON BOLIVAR,PASCO,PASCO
114344,2455851,2455851,"REPARACION DE AMBIENTE DE USOS MULTIPLES; EN EL(LA) LOCAL COMUNAL DEL ANEXO DE PUMACAYAN DISTRITO DE SAN FRANCISCO DE ASIS DE YARUSYACAN, PROVINCIA PASCO, DEPARTAMENTO PASCO",Administración directa,Finalizado,9/12/2019 00:00:00,149043.24,SAN FRANCISCO DE ASIS DE YARUSYACAN,PASCO,PASCO
114204,2146467,99635,"EJECUCIÓN DE SALDO DE OBRA ""CONSTRUCCIÓN DEL PUENTE CARROZABLE PRUSIA-POZUZO""",Contrata,Finalizado,16/09/2019 00:00:00,423222.17,POZUZO,OXAPAMPA,PASCO
114056,2455280,2455280,"CONSTRUCCION DE RELLENO SANITARIO PARA RESIDUOS GENÉRICOS NO PELIGROSOS; EN EL(LA) . MUNICIPALIDAD DISTRITAL DE HUARIACA EN LA LOCALIDAD HUARIACA, DISTRITO DE HUARIACA, PROVINCIA PASCO, DEPARTAMENTO PASCO",Contrata,En Ejecución,"",185122.67,HUARIACA,PASCO,PASCO
114011,2456914,2456914,"CONSTRUCCION DE CERCO PERIMÉTRICO; EN EL(LA) BRETE GANADERO DEL SECTOR DE POGLOCANCHA, DISTRITO DE HUAYLLAY, PROVINCIA PASCO, DEPARTAMENTO PASCO",Contrata,Finalizado,26/11/2019 00:00:00,88291.06,HUAYLLAY,PASCO,PASCO
113586,2425237,2425237,MEJORAMIENTO DEL CAMINO VECINAL EN EL ANEXO SANTA IRENE DEL DISTRITO DE VILLA RICA - PROVINCIA DE OXAPAMPA - DEPARTAMENTO DE PASCO,Administración directa,Finalizado,23/08/2019 00:00:00,100000,VILLA RICA,OXAPAMPA,PASCO
113538,2453621,2453621,"REPARACION DE VIAS VECINALES; EN EL(LA) TRAMOS: EMP. PE-5N (PUERTO BERMUDEZ) - SECTOR SHUCALA, EMP. PE-5N - ALTO CHIVIS, DISTRITO DE PUERTO BERMUDEZ, PROVINCIA OXAPAMPA, DEPARTAMENTO PASCO",Administración directa,Finalizado,5/09/2019 00:00:00,78008.55,PUERTO BERMUDEZ,OXAPAMPA,PASCO
113533,2428917,2428917,MEJORAMIENTO DEL CAMINO VECINAL DE LA COMUNIDAD SAN CRISPIN ( IZQUIERDA) DEL DISTRITO DE VILLA RICA - PROVINCIA DE OXAPAMPA - DEPARTAMENTO DE PASCO,Administración directa,Finalizado,13/08/2019 00:00:00,100000,VILLA RICA,OXAPAMPA,PASCO
113523,2445200,2445200,CREACION DEL SERVICIO DE AGUA POTABLE Y DISPOSICION DE EXCRETAS DEL SECTOR PRUSIA DEL CENTRO POBLADO DE PUERTO PRUSIA DEL DISTRITO DE PALCAZU - PROVINCIA DE OXAPAMPA - DEPARTAMENTO DE PASCO,Contrata,Finalizado,26/09/2019 00:00:00,551565.35,PALCAZU,OXAPAMPA,PASCO
113435,2443753,2443753,CREACION DEL CAMINO VECINAL EMP. PA-107 - RIO PAUCARTAMBO- LOCALIDAD DE SAN JACINTO DEL DISTRITO DE PAUCARTAMBO - PROVINCIA DE PASCO - DEPARTAMENTO DE PASCO,Contrata,Finalizado,18/10/2021 00:00:00,701285.72,PAUCARTAMBO,PASCO,PASCO
113267,2456629,2456629,"REPARACION DE PUENTE PEATONAL; EN EL(LA) RIO TINGO DEL ANEXO YANATAMBON EN LA LOCALIDAD JUNIPALCA, DISTRITO DE SAN FRANCISCO DE ASIS DE YARUSYACAN, PROVINCIA PASCO, DEPARTAMENTO PASCO",Contrata,Finalizado,12/08/2021 00:00:00,116244.99,SAN FRANCISCO DE ASIS DE YARUSYACAN,PASCO,PASCO
113072,2453883,2453883,"CONTRATACION DEL SERVICIO DE EJECUCION DE LA OBRA: (IOARR) RENOVACION DE EDIFICACION EN EL MERCADO SANTA ROSA, DISTRITO DE OXAPAMPA, PROVINCIA DE OXAPAMPA DEPARTAMENTO DE PASCO",Contrata,Finalizado,2/12/2019 00:00:00,344399.39,OXAPAMPA,OXAPAMPA,PASCO
112859,2115571,58948,"Construcción del puente carrozable Ishpihuacazu y acceso, del Distrito de Palzacú, Provincia Oxapampa y Departamento de Pasco.",Contrata,Finalizado,20/08/2022 00:00:00,8678031.91,OXAPAMPA,OXAPAMPA,PASCO
112813,2337549,376506,AMPLIACION DE REDES DE DISTRIBUCION EN EL DEPARTAMENTO DE PASCO,Contrata,Finalizado,14/07/2022 00:00:00,5399733.48,,PASCO,PASCO
112795,2382881,2382881,MEJORAMIENTO Y CREACION DE LOS SERVICIOS EDUCATIVOS PRIMARIA EN LA INSTITUCION EDUCATIVA JUAN VELASCO ALVARADO - DISTRITO DE CONSTITUCION - OXAPAMPA - PASCO,Contrata,Finalizado,2/12/2019 00:00:00,1550314.45,CONSTITUCION,OXAPAMPA,PASCO
112748,2447481,2447481,"REPARACIÓN DEL CERCO PERIMETRICO, EN EL (LA) DEL JARDIN DE NIÑOS LOS CREATIVOS BARRIO ARENALES EN LA LOCALIDAD DE HUAYLLAY, DISTRITO DE HUAYLLAY, PROVINCIA PASCO, DEPARTAMENTO PASCO.",Contrata,Finalizado,15/12/2020 00:00:00,73803.98,HUAYLLAY,PASCO,PASCO
112665,2458818,2458818,"RENOVACION DE VIAS VECINALES (EJECUCION DE OBRA CONST. RENOVACION - REHABILITACION DE LA VIA VECINAL PA-573, GIRIMACHAY - CHACUANCANCHA - RACRACANCHA, LONG 12.700 KM, UBICADO EN LOS DISTRITOS DE SIMON BOLIVAR Y TINYAHUARCO, PROVINCIA DE PASCO, REGION PASCO); EN EL(LA) DIRECCION REGIONAL DE TRANSPORTES Y COMUNICACIONES DEL GOBIERNO REGIONAL DE PASCO",Contrata,Finalizado,5/12/2019 00:00:00,1329491.57,TINYAHUARCO,PASCO,PASCO
112564,2439881,2439881,"RENOVACION DE MURO DE CONTENCION; EN EL(LA) I.E. LEONCIO PRADO DE PAUCAR DISTRITO DE PAUCAR, PROVINCIA DANIEL ALCIDES CARRION, DEPARTAMENTO PASCO",Contrata,Finalizado,10/09/2019 00:00:00,363409,PAUCAR,DANIEL ALCIDES CARRION,PASCO
112528,2451898,2451898,"CONSTRUCCION DE AULA; EN EL(LA) IE LAS CARMELITAS - NINACACA DISTRITO DE NINACACA, PROVINCIA PASCO, DEPARTAMENTO PASCO",Administración directa,Finalizado,12/08/2019 00:00:00,90091.54,NINACACA,PASCO,PASCO
112514,2447170,2447170,"REPARACION DE CANAL DE DRENAJE; EN EL(LA) DE CHAQUICOCHA EN EL SECTOR DE AGUITA JARUNAM EN LA LOCALIDAD HUAYLLAY, DISTRITO DE HUAYLLAY, PROVINCIA PASCO, DEPARTAMENTO PASCO",Contrata,Finalizado,2/09/2019 00:00:00,39074.25,HUAYLLAY,PASCO,PASCO
112512,2456371,2456371,CREACION DEL LOCAL COMUNAL DE USOS MULTIPLES DEL C.P. DE HUAYLAMAYO DEL DISTRITO DE HUANCABAMBA - PROVINCIA DE OXAPAMPA - DEPARTAMENTO DE PASCO,Administración directa,Finalizado,29/07/2020 00:00:00,160376.55,HUANCABAMBA,OXAPAMPA,PASCO
112494,2458342,2458342,"REPARACION DE PARQUE; EN EL(LA) DE SERVICIOS DEL MANTENIMIENTO INTEGRAL EN EL DISTRITO DE HUAYLLAY, PROVINCIA PASCO, DEPARTAMENTO PASCO",Administración directa,Sin Ejecución,"",170373.11,HUAYLLAY,PASCO,PASCO
112493,2447160,2447160,"REPARACION DE DEFENSA RIBEREÑA; EN EL(LA) LIMPIEZA Y DESCOLMATACION DE CAUSE DEL RIO SAN JOSE TRAMO II SECTOR DE LA PTAR - BARRIO ARENALES (LONG98.60) EN LA LOCALIDAD HUAYLLAY, DISTRITO DE HUAYLLAY, PROVINCIA PASCO, DEPARTAMENTO PASCO",Contrata,Finalizado,2/09/2019 00:00:00,37984.19,HUAYLLAY,PASCO,PASCO
112467,2155341,202973,"INSTALACION DEL SERVICIO DE AGUA PARA RIEGO EN LA QUEBRADA DE YANACHACAN (ULULUN, SHAOGAL Y CAJON PATA) - QUIPARACRA- DISTRITO DE HUACHON, PROVINCIA Y DEPARTAMENTO DE PASCO",Administración directa,Finalizado,9/08/2019 00:00:00,1137932,HUACHON,PASCO,PASCO
112401,2447165,2447165,"REPARACION DE DEFENSA RIBEREÑA; EN EL(LA) LIMPIEZA Y DESCOLMATACION DE CAUSE DEL RIO ANTICONA (LONG169.50 ML.) EN LA LOCALIDAD CANCHACUCHO, DISTRITO DE HUAYLLAY, PROVINCIA PASCO, DEPARTAMENTO PASCO",Contrata,Finalizado,19/11/2019 00:00:00,73240.40,HUAYLLAY,PASCO,PASCO
112388,2161450,2161450,MEJORAMIENTO Y AMPLIACIÓN DEL SERVICIO DE AGUA PARA RIEGO EN LA LOCALIDAD DE YANACOCHA - DISTRITO DE YANAHUANCA - PROVINCIA DANIEL CARRION - REGION PASCO,Administración directa,Sin Ejecución,"",749054,YANAHUANCA,PASCO,PASCO
112376,2443508,2443508,MEJORAMIENTO VIAL EN EL BARRIO PUMPURA HUACHON DEL DISTRITO DE HUACHON - PROVINCIA DE PASCO - DEPARTAMENTO DE PASCO - ETAPA I,Administración directa,Finalizado,2/03/2020 00:00:00,386643.24,HUACHON,PASCO,PASCO
112367,2453615,2453615,"REPARACION DE VIAS VECINALES; EN EL(LA) TRAMOS: EMP. 5NA. ALTO LORENCILLO - 24 DE JUNIO, EMP. 5NA. VILLAREAL - ALTO PUEBLO LIBRE, PA - 721 NUEVA ESPERANZA DE POPONAZ, DISTRITO DE CONSTITUCION, PROVINCIA OXAPAMPA, DEPARTAMENTO PASCO",Administración directa,Finalizado,11/10/2019 00:00:00,328993.11,CONSTITUCION,OXAPAMPA,PASCO
112356,2451906,2451906,"CONSTRUCCION DE AULA; EN EL(LA) IE SAN JOSE - NINACACA DISTRITO DE NINACACA, PROVINCIA PASCO, DEPARTAMENTO PASCO",Administración directa,Finalizado,12/08/2019 00:00:00,81369.62,NINACACA,PASCO,PASCO
111992,2400679,2400679,MEJORAMIENTO Y AMPLIACION DE LOS SERVICIOS DE AGUA POTABLE Y SANEAMIENTO BASICO EN EL CENTRO POBLADO DE ANCAHUACHANAN - DISTRITO DE HUANCABAMBA - PROVINCIA DE OXAPAMPA - REGIÓN PASCO,Contrata,En Ejecución,17/01/2025 00:00:00,8059143.93,HUANCABAMBA,OXAPAMPA,PASCO
111991,2333359,2333359,"MEJORAMIENTO DEL SISTEMA DE AGUA POTABLE Y SANEAMIENTO BÁSICAS DE LAS LOCALIDADES DE SAN DANIEL Y PAMPACHICA, DISTRITO DE HUANCABAMBA - OXAPAMPA - PASCO",Contrata,Sin Ejecución,"",2592306.26,HUANCABAMBA,OXAPAMPA,PASCO
111872,2445800,2445800,"REPARACION DE PUENTE Y DEFENSA RIBEREÑA; EN EL(LA) , AMAPOLA 1 Y 2 Y DESCOLMATACION DEL RIO EN LA LOCALIDAD PUCURHUAY, DISTRITO DE TICLACAYAN, PROVINCIA PASCO, DEPARTAMENTO PASCO",Administración directa,Finalizado,7/12/2019 00:00:00,902206,TICLACAYAN,PASCO,PASCO
111871,2454669,2454669,"REPARACIÓN DE EDIFICACIÓN EN EL LOCAL DE USOS MÚLTIPLES CASERÍO NUEVA AURORA DISTRITO DE TICLACAYAN PROVINCIA PASCO, DEPARTAMENTO PASCO",Administración directa,Finalizado,12/12/2019 00:00:00,193653,TICLACAYAN,PASCO,PASCO
111601,2454030,2454030,"REPARACION DE CARRETERAS DE ACCESO; EN EL(LA) DE LOS TRAMOS ALTO UNION-VALLE NAZARATEGUI-CASERIO DE LOS OLIVOS EN LA LOCALIDAD VALLE NAZARATEGUI, DISTRITO DE PUERTO BERMUDEZ, PROVINCIA OXAPAMPA, DEPARTAMENTO PASCO",Administración directa,Finalizado,26/08/2019 00:00:00,284594.89,PUERTO BERMUDEZ,OXAPAMPA,PASCO
111567,2454069,2454069,"REPARACION DE PARQUE; EN EL(LA) BARRIO CUROHOGO ""ESPACIO PUBLICO BUSTAMANTE CABELLO"" EN LA LOCALIDAD GOYLLARISQUIZGA, DISTRITO DE GOYLLARISQUIZGA, PROVINCIA DANIEL ALCIDES CARRION, DEPARTAMENTO PASCO",Administración directa,En Ejecución,"",15760,GOYLLARISQUIZGA,DANIEL ALCIDES CARRION,PASCO
111540,2439059,2439059,CREACION DE TROCHA CARROZABLE DEL PUENTE USHUM -CHUQUIMAYO EN EL CENTRO POBLADO DE LUCMA DEL DISTRITO DE HUACHON - PROVINCIA DE PASCO - DEPARTAMENTO DE PASCO ETAPA I,Administración directa,Finalizado,25/07/2019 00:00:00,155111.53,HUACHON,PASCO,PASCO
111449,2403702,2403702,CREACION DEL LOCAL DE USOS MULTIPLES EN EL CENTRO POBLADO DE COCHACHARAO - DISTRITO DE SAN FRANCISCO DE ASIS DE YARUSYACAN - PROVINCIA DE PASCO - REGION PASCO,Contrata,Finalizado,11/11/2019 00:00:00,1210465.26,SAN FRANCISCO DE ASIS DE YARUSYACAN,PASCO,PASCO
111432,2454307,2454307,"REPARACION DE CAMPO DEPORTIVO; EN EL(LA) LOCALIDAD DE CHANGO, DISTRITO DE CHACAYAN, PROVINCIA DANIEL ALCIDES CARRION, DEPARTAMENTO PASCO",Contrata,Finalizado,1/08/2019 00:00:00,19891.71,CHACAYAN,DANIEL ALCIDES CARRION,PASCO
111431,2457758,2457758,"REPARACION DE LUGARES HISTORICOS O CULTURALES; EN EL(LA) DEL SERVICIO DE TURISMO EN EL BOSQUE DE PIEDRAS Y REVALORIZACION DE LA CULTURA VIVA DEL DISTRITO DE HUAYLLAY, PROVINCIA PASCO, DEPARTAMENTO PASCO",Administración directa,Finalizado,26/08/2019 00:00:00,583811.83,HUAYLLAY,PASCO,PASCO
111219,2312688,349819,"MEJORAMIENTO, AMPLIACIÓN INTEGRAL DE LA LIMPIEZA PUBLICA DEL, DISTRITO DE TICLACAYAN - PASCO - PASCO",Contrata,Sin Ejecución,"",4216923,TICLACAYAN,PASCO,PASCO
111109,2210920,196680,MEJORAMIENTO DE LA CARRETERA EMP. PA-107 - SAN GENARO - BELLAVISTA - EMP. PA-107 (CUTUCHACA) DEL DISTRITO DE PAUCARTAMBO - PROVINCIA DE PASCO - DEPARTAMENTO DE PASCO,Contrata,Finalizado,16/11/2022 00:00:00,8326183.17,PAUCARTAMBO,PASCO,PASCO
111070,2339810,378644,"MEJORAMIENTO DE LOS ACCESOS PEATONALERS, VEHICULARES Y TRATAMIENTO PAISAJISTICO DE LA CALLE PROLONGACIN VISTA ALEGRE, PASAJE TAHUANTINSUYO, JOSE OLAYA, JR. BALTAZAR CARRIN Y CALLE BUENOS AIRES DEL ASENTAMIENTO HUMANO JOSE CARLOS MARIATEGUI SECTOR 1 Y 2, DISTRITO DE SIMON BOLIVAR - PASCO - PASCO",Contrata,Sin Ejecución,"","",SIMON BOLIVAR,PASCO,PASCO
111049,2448038,2448038,"CONSTRUCCIÓN DE CUNETAS Y MURO DE CONTENCIÓN; EN EL (LA) AV. ANDRÉS AVELINO CÁCERES DE YANACANCHA ANTIGUA DISTRITO DE YANACANCHA, PROVINCIA PASCO, DEPARTAMENTO PASCO",Contrata,Finalizado,1/01/2020 00:00:00,156926.12,YANACANCHA,PASCO,PASCO
111006,2161466,119336,"MEJORAMIENTO DEL SERVICIO DE EDUCACION SECUNDARIA EN LA I.E. BERNARDO CHACON TELLO ASTOBAMBA - HUARAUTAMBO DEL DISTRITO DE YANAHUANCA, PROVINCIA DE DANIEL ALCIDES CARRION - PASCO",Administración directa,Paralizada,4/12/2019 00:00:00,5553451.34,YANAHUANCA,DANIEL ALCIDES CARRION,PASCO
110823,2441221,2441221,"CREACION DE ESPACIOS PUBLICOS DEPORTIVOS EN LA LOCALIDAD DE LLAMAQUIZU, DISTRITO DE OXAPAMPA, PROVINCIA DE OXAPAMPA - PASCO",Administración directa,Finalizado,9/08/2019 00:00:00,620379,OXAPAMPA,OXAPAMPA,PASCO
110746,2454865,2454865,"REPARACION DE RED DE ALCANTARILLADO Y PTAR; EN EL(LA) CENTRO POBLADO DE CHANGO, DISTRITO DE CHACAYAN, PROVINCIA DANIEL ALCIDES CARRION, DEPARTAMENTO PASCO",Administración directa,Finalizado,1/08/2019 00:00:00,70000,CHACAYAN,DANIEL ALCIDES CARRION,PASCO
110690,2449904,2449904,"REPARACION DE VIAS DE ACCESO; EN EL(LA) CALLES URBANAS DE LA LOCALIDAD DE PUERTO BERMUDEZ DISTRITO DE PUERTO BERMUDEZ, PROVINCIA OXAPAMPA, DEPARTAMENTO PASCO",Administración directa,Paralizada,8/08/2019 00:00:00,794940,PUERTO BERMUDEZ,OXAPAMPA,PASCO
110664,2447632,2447632,"REPARACION DE VIAS VECINALES; EN EL(LA) CAMINO VECINAL BELLAVISTA - MULLAY EN LA LOCALIDAD BELLAVISTA, DISTRITO DE PAUCARTAMBO, PROVINCIA PASCO, DEPARTAMENTO PASCO",Administración directa,Finalizado,5/12/2019 00:00:00,139802.64,PAUCARTAMBO,PASCO,PASCO
110648,2455798,2455798,"REPARACION DE BAÑO O SERVICIOS SANITARIOS; EN EL(LA) LOCALIDAD DE CHANGO, DISTRITO DE CHACAYAN, PROVINCIA DANIEL ALCIDES CARRION, DEPARTAMENTO PASCO",Administración directa,Finalizado,1/08/2019 00:00:00,44850.34,CHACAYAN,DANIEL ALCIDES CARRION,PASCO
110607,2454783,2454783,"REPARACION DE CAMPO DEPORTIVO; EN EL(LA) LOCALIDAD CHACAYAN, DISTRITO DE CHACAYAN, PROVINCIA DANIEL ALCIDES CARRION, DEPARTAMENTO PASCO",Contrata,Finalizado,1/08/2019 00:00:00,30000,CHACAYAN,DANIEL ALCIDES CARRION,PASCO
110484,2439860,2439860,"RENOVACIÓN DE PTAR; EN EL(LA) D DE LA LOCALIDAD PAUCALIN DISTRITO DE PAUCAR, PROVINCIA DANIEL ALCIDES CARRION, DEPARTAMENTO PASCO",Contrata,Finalizado,10/09/2019 00:00:00,515511,PAUCAR,DANIEL ALCIDES CARRION,PASCO
110373,2442253,2442253,CREACION DEL SERVICIO DE TRANSITABILIDAD VEHICULAR Y PEATONAL EN EL JR. JUNIN VILLA DE PASCO DEL DISTRITO DE TINYAHUARCO - PROVINCIA DE PASCO - DEPARTAMENTO DE PASCO,Contrata,Sin Ejecución,"",1484877.63,TINYAHUARCO,PASCO,PASCO
110372,2435853,2435853,"CREACION DE PISTAS Y VEREDAS EN LA LOCALIDAD DE NUEVO ESMELTER, TINYAHUARCO (SMELTER) DEL DISTRITO DE TINYAHUARCO - PROVINCIA DE PASCO - DEPARTAMENTO DE PASCO",Contrata,Sin Ejecución,"",9026242.11,TINYAHUARCO,PASCO,PASCO
110371,2442258,2442258,"CREACION DEL SERVICIO DE TRANSITABILIDAD VEHICULAR Y PEATONAL EN LOS JIRONES ALFONSO UGARTE, JOSE FERREYRA Y 7 DE JULIO DE LA LOCALIDAD DE COLQUIJIRCA DEL DISTRITO DE TINYAHUARCO - PROVINCIA DE PASCO - DEPARTAMENTO DE PASCO",Contrata,Sin Ejecución,"",4603000.27,TINYAHUARCO,PASCO,PASCO
110369,2397475,2397475,"MEJORAMIENTO DE PISTAS Y VEREDAS DE LAS CALLES Y AVENIDAS DEL SECTOR II EN EL AA.HH. 27 DE NOVIEMBRE, DISTRITO DE YANACANCHA - PASCO -PASCO",Contrata,Finalizado,4/01/2020 00:00:00,1585995.96,YANACANCHA,PASCO,PASCO
110364,2291493,2291493,MEJORAMIENTO DE LA ILUMINACIÓN NOCTURNA EN LAS PRINCIPALES AVENIDAS Y PARQUES CON PANELES SOLARES EN EL DISTRITO DE YANACANCHA - PASCO - PASCO,Contrata,Finalizado,9/11/2019 00:00:00,358753.59,YANACANCHA,PASCO,PASCO
110166,2181376,2181376,MEJORAMIENTO DE LA OFERTA DE LOS SERVICIOS EDUCATIVOS PARA EL APRENDIZAJE EN LA I.E. SAN MIGUEL DE LA LOCALIDAD DE PALLANCHACRA DISTRITO DE PALLANCHACRA - PROVINCIA DE PASCO - DEPARTAMENTO DE PASCO,Contrata,Finalizado,10/10/2019 00:00:00,1184618.39,PALLANCHACRA,PASCO,PASCO
110097,2439161,2439161,"RENOVACION DE MURO DE CONTENCION; EN EL(LA) EN EL KM 11+814.02 - 11+849.06 (LONG.37.04 M.) CON MURO DE GAVION DEL CAMINO DEPARTAMENTAL RUMILLANA - SALCACHUPAN EN LA LOCALIDAD TINGO PALCA, DISTRITO DE YANACANCHA, PROVINCIA PASCO, DEPARTAMENTO PASCO",Contrata,Finalizado,17/05/2019 00:00:00,0,YANACANCHA,PASCO,PASCO
110000,2339321,378184,"CREACION DE LOCAL DE USOS MULTIPLES DEL CENTRO POBLADO DE ACOPALCA, DISTRITO DE PAUCARTAMBO - PASCO - PASCO",Contrata,Finalizado,2/12/2020 00:00:00,508498.09,PAUCARTAMBO,PASCO,PASCO
109835,2451723,2451723,"MEJORAMIENTO Y REFACCION DEL COLISEO MUNICIPAL, DISTRITO DE TAPUC - PROVINCIA DE DANIEL ALCIDES CARRION - DEPARTAMENTO DE PASCO",Administración directa,Finalizado,2/07/2019 00:00:00,289914.14,TAPUC,DANIEL ALCIDES CARRION,PASCO
109764,2454130,2454130,"MEJORAMIENTO DE CAPACIDADES TURISTICOS DE LAS LOCALIDADES DE SANSON DORMIDO, ESTRELLA CAIDA Y LEON GASHA DEL DISTRITO DE GOYLLARISQUIZGA - PROVINCIA DE DANIEL ALCIDES CARRION - DEPARTAMENTO DE PASCO",Administración directa,Finalizado,1/07/2019 00:00:00,80000,GOYLLARISQUIZGA,DANIEL ALCIDES CARRION,PASCO
109294,2416225,2416225,CREACIÓN DE COBERTIZOS PARA OVINOS EN EL ANEXO DE JORAONIYOJ DEL DISTRITO DE SAN FRANCISCO DE ASÍS DE YARUSYACAN - PROVINCIA DE PASCO - DEPARTAMENTO DE PASCO,Contrata,Sin Ejecución,"",4041601.26,,PASCO,PASCO
109214,2312042,349214,"MEJORAMIENTO Y AMPLIACION DEL SERVICIO EDUCATIVO DEL CENTRO EDUCATIVO INTEGRAL SAN JUAN DEL CENTRO POBLADO SAN JUAN DE CACAZU, DISTRITO DE VILLA RICA - OXAPAMPA - PASCO",Administración directa,Sin Ejecución,"",9055955.08,VILLA RICA,OXAPAMPA,PASCO
109198,2443680,2443680,MEJORAMIENTO DEL ESTABLECIMIENTO DE SALUD DEL PRIMER NIVEL EN EL SECTOR RIO NEGRO DEL CENTRO POBLADO DE PUERTO MAYRO DEL DISTRITO DE PALCAZU - PROVINCIA DE OXAPAMPA - DEPARTAMENTO DE PASCO,Administración directa,Finalizado,1/08/2019 00:00:00,482594.68,PALCAZU,OXAPAMPA,PASCO
109106,2451274,2451274,"REPARACION DE PUENTE DE ACERO Y SEÑALES DE TRAFICO; EN EL(LA) LA COLONIA EN LA LOCALIDAD POZUZO, DISTRITO DE POZUZO, PROVINCIA OXAPAMPA, DEPARTAMENTO PASCO",Administración directa,Finalizado,20/06/2019 00:00:00,223324.81,POZUZO,OXAPAMPA,PASCO
109023,2445770,2445770,"RENOVACION DE CAMPO DEPORTIVO Y ; EN EL(LA) MUNICIPALIDAD DISTRITAL DE VICCO DISTRITO DE VICCO, PROVINCIA PASCO, DEPARTAMENTO PASCO",Administración directa,Finalizado,24/06/2019 00:00:00,313746.20,VICCO,PASCO,PASCO
109018,2452111,2452111,MEJORAMIENTO DE LA PLAZA DE ARMAS DE LA LOCALIDAD DE CHONTABAMBA(CHURUMAZU) DEL DISTRITO DE CHONTABAMBA - PROVINCIA DE OXAPAMPA - DEPARTAMENTO DE PASCO,Administración directa,Finalizado,19/07/2019 00:00:00,487385.19,CHONTABAMBA,OXAPAMPA,PASCO
108956,2442799,2442799,"RENOVACION DE INFRAESTRUCTURA DEPORTIVA; EN EL(LA), LIMPIEZA DE DERRUMBE Y ESTABILIZACION DE TALUD EN LA LOCALIDAD MALAUCAYAN, DISTRITO DE YANACANCHA, PROVINCIA PASCO, DEPARTAMENTO PASCO",Contrata,Finalizado,11/05/2019 00:00:00,0,YANACANCHA,PASCO,PASCO
108775,2198318,268596,"MEJORAMIENTO DEL ACCESO DE LA POBLACION A LOS SERVICIOS DEL CENTRO DE SALUD FREDY VALLEJO ORE DISTRITO DE YANAHUANCA, PROVINCIA DE DANIEL CARRION, REGION PASCO",Contrata,En Ejecución,7/05/2019 00:00:00,87747105.94,YANAHUANCA,PASCO,PASCO
108717,2167679,2167679,MEJORAMIENTO INTEGRAL DE LA INFRAESTRUCTURA DEPORTIVA DEL ESTADIO MUNICIPAL DISTRITO DE PAUCARTAMBO - PROVINCIA DE PASCO - DEPARTAMENTO DE PASCO,Administración directa,Finalizado,10/06/2019 00:00:00,1968799.92,PAUCARTAMBO,PASCO,PASCO
108706,2191181,279017,"MEJORAMIENTO DE LOS SERVICIOS EDUCATIVOS EN LA I.E. PRIMARIA N 34499 DE LA CC.NN. LA VIÑA DE DINAMARCA, DISTRITO DE CONSTITUCION - OXAPAMPA - PASCO, II ETAPA",Contrata,Finalizado,18/06/2019 00:00:00,471344.97,CONSTITUCION,OXAPAMPA,PASCO
108619,2146467,99635,CONSTRUCCION DEL PUENTE CARROZABLE PRUSIA - POZUZO,Contrata,Sin Ejecución,"","",POZUZO,OXAPAMPA,PASCO
108610,2262059,316361,"AMPLIACION Y MEJORAMIENTO DEL SERVICIO DE SEGURIDAD CIUDADANA DE HUANCABAMBA, DISTRITO DE HUANCABAMBA",Contrata,Sin Ejecución,"",4381206.92,HUANCABAMBA,OXAPAMPA,PASCO
108484,2382881,2382881,MEJORAMIENTO Y CREACION DE LOS SERVICIOS EDUCATIVOS PRIMARIA EN LA I.E JUAN VE LASCO ALVARADO- DISTRITO DE CONSTITUCION - PROVINCIA DE OXAPAMPA - DEPARTAMENTO DE PASCO,Contrata,Finalizado,2/12/2019 00:00:00,1550314.45,CONSTITUCION,OXAPAMPA,PASCO
108354,2448705,2448705,MEJORAMIENTO Y AMPLIACION DE LOS SERVICIOS EN LOS AMBIENTES DE EMBARQUE Y DESEMBARQUE DE PASAJEROS EN LA LOCALIDAD DE PUERTO BERMUDEZ DISTRITO DE PUERTO BERMUDEZ - PROVINCIA DE OXAPAMPA - DEPARTAMENTO DE PASCO,Administración directa,Finalizado,26/06/2019 00:00:00,94047.42,PUERTO BERMUDEZ,OXAPAMPA,PASCO
108353,2447609,2447609,"REPARACION DE PISTA, VEREDA, RAMPA O VIA DE ACCESO A UNA AUTOPISTA, CUNETAS, CONEXIONES DOMICILIARIAS, CANAL DE DRENAJE, ALCANTARILLA, MURO DE CONTENCION Y SEÑALES DE TRAFICO; EN EL(LA) C.P. LA PRUSIA EN LA LOCALIDAD LA PRUSIA, DISTRITO DE POZUZO, PR",Administración directa,Finalizado,12/06/2019 00:00:00,220520.98,POZUZO,OXAPAMPA,PASCO
108352,2446200,2446200,"REPARACION DE CERCO YO PORTADA; ADQUISICION DE SEÑALADORES; EN EL(LA) UNIDAD DE TURISMO DE LA MUNICIPALIDAD DISTRITAL DE POZUZO DISTRITO DE POZUZO, PROVINCIA OXAPAMPA, DEPARTAMENTO PASCO",Administración directa,Finalizado,25/06/2019 00:00:00,159602.18,POZUZO,OXAPAMPA,PASCO
108351,2353690,384821,"MEJORAMIENTO DEL SERVICIO DE EMBARQUE Y DESEMBARQUE DE PASAJEROS EN EL SECTOR LA COLONIA, DISTRITO DE POZUZO - OXAPAMPA - PASCO",Administración directa,Finalizado,1/07/2019 00:00:00,366507.70,POZUZO,OXAPAMPA,PASCO
108350,2449527,2449527,MEJORAMIENTO DE LOS SERVICIOS DE PROMOCION DEL TURISMO EN LOS RECURSOS TURISTICOS DEL DISTRITO DE CHONTABAMBA - PROVINCIA DE OXAPAMPA - DEPARTAMENTO DE PASCO,Administración directa,Finalizado,14/06/2019 00:00:00,178531.49,CHONTABAMBA,OXAPAMPA,PASCO
108349,2448370,2448370,"CONSTRUCCION DE RESERVORIO; EN EL(LA) IE INCA GARCILASO DE LA VEGA - SAN PEDRO DE PILLAO EN LA LOCALIDAD SAN PEDRO DE PILLAO, DISTRITO DE SAN PEDRO DE PILLAO, PROVINCIA DANIEL ALCIDES CARRION, DEPARTAMENTO PASCO",Contrata,En Ejecución,16/03/2019 00:00:00,36951.11,SAN PEDRO DE PILLAO,DANIEL ALCIDES CARRION,PASCO
108347,2445926,2445926,"REPARACION DE AMBIENTE U OFICINA PARA PRESTACION DE SERVICIOS AL PUBLICO; EN EL(LA) CENTRO CIVICO PARA EL USO DE ESPACIOS PUBLICOS EN LA LOCALIDAD GOYLLARISQUIZGA, DISTRITO DE GOYLLARISQUIZGA, PROVINCIA DANIEL ALCIDES CARRION, DEPARTAMENTO PASCO",Contrata,Finalizado,13/06/2019 00:00:00,50418.42,GOYLLARISQUIZGA,DANIEL ALCIDES CARRION,PASCO
108346,2445762,2445762,"REPARACION DE PUENTE Y DEFENSA RIBEREÑA; EN EL(LA) ; EN EL(LA) DEL RIO TOMACONGA EN LA LOCALIDAD TOMACONGA, DISTRITO DE TICLACAYAN, PROVINCIA PASCO, DEPARTAMENTO PASCO",Contrata,Sin Ejecución,"",1030054.73,TICLACAYAN,PASCO,PASCO
108344,2452720,2452720,"REPARACION DE VOLQUETE Y EXCAVADORA HIDRAULICA; EN EL(LA) MUNICIPALIDAD DISTRITAL DE SAN FRANCISCO DE ASIS DE YARUSYACAN DEL DISTRITO DE SAN FRANCISCO DE ASIS DE YARUSYACAN, PROVINCIA PASCO, DEPARTAMENTO PASCO",Administración directa,Sin Ejecución,"",100829.98,SAN FRANCISCO DE ASIS DE YARUSYACAN,PASCO,PASCO
108343,2305906,344625,"MEJORAMIENTO DE LA CAPACIDAD OPERATIVA Y TECNICA DE LOS PROCESOS DE GESTION DE LA MUNICIPALIDAD DE YARUSYACAN, DISTRITO DE SAN FRANCISCO DE ASIS DE YARUSYACAN - PASCO - PASCO",Administración directa,Finalizado,19/08/2019 00:00:00,796194.07,SAN FRANCISCO DE ASIS DE YARUSYACAN,PASCO,PASCO
108342,2284961,327212,"CREACION DE CERCO PERIMETRICO DEL CEMENTERIO GENERAL DEL ANEXO DE BATANCHACA, DISTRITO DE SAN FRANCISCO DE ASIS DE YARUSYACAN - PASCO - PASCO",Contrata,Finalizado,14/10/2019 00:00:00,547779.68,SAN FRANCISCO DE ASIS DE YARUSYACAN,PASCO,PASCO
108341,2447625,2447625,"REPARACION DE VIAS VECINALES; EN EL(LA) CAMINO VECINAL TRAMO PUCARA - APASH - MANICOTAN EN LA LOCALIDAD HUALLAMAYO, DISTRITO DE PAUCARTAMBO, PROVINCIA PASCO, DEPARTAMENTO PASCO",Administración directa,Finalizado,6/06/2019 00:00:00,226798.66,PAUCARTAMBO,PASCO,PASCO
108339,2440623,2440623,MEJORAMIENTO DE VIAS DE ACCESO Y ESCALINATAS A LA ZONA DE PRODUCCION AGRICOLA DE HURAN WISA DEL CENTRO POBLADO DE POAGMARAY DEL DISTRITO DE HUACHON - PROVINCIA DE PASCO - DEPARTAMENTO DE PASCO,Administración directa,Finalizado,7/08/2019 00:00:00,774342,HUACHON,PASCO,PASCO
108338,2440517,2440517,MEJORAMIENTO DEL CAMINO HERRADURA DE ACCESO A LA CAPTACION DEL SISTEMA DE AGUA POTABLE DEL PUEBLO JOVEN DE AGOCHINCHAN Y CENTROS DE PRODUCCION UCHUCHO RAGRA DEL CENTRO POBLADO DE QUIPARACRA DEL DISTRITO DE HUACHON - PROVINCIA DE PASCO - DEPARTAMENTO,Administración directa,Finalizado,7/08/2019 00:00:00,745411,HUACHON,PASCO,PASCO
107891,2191181,279017,"MEJORAMIENTO DE LOS SERVICIOS EDUCATIVOS EN LA I.E. PRIMARIA N° 34499 DE LA CC. NN. LA VIÑA DINAMARCA, DISTRITO DE CONSTITUCIÓN -OXAPAMPA",Contrata,Finalizado,18/06/2019 00:00:00,22175163,OXAPAMPA,OXAPAMPA,PASCO
107874,2195991,294198,"MEJORAMIENTO DE LOS SERVICIOS EDUCATIVOS EN LA I.E. PRIMARIA JORGE GUILLEN DE LA CC.NN. YAMUSHIMAS, DISTRITO DE CONSTITUCION - OXAPAMPA - PASCO - SEGUNDA ETAPA",Contrata,Finalizado,17/06/2019 00:00:00,315594.99,CONSTITUCION,OXAPAMPA,PASCO
107841,2434700,2434700,"CREACIÓN DEL PONTÓN PEATONAL EN EL ACCESO PRINCIPAL DEL CEMENTERIO DEL ANEXO DE TAYA, DEL CENTRO POBLADO DE LA QUINUA DEL DISTRITO DE YANACANCHA - PROVINCIA DE PASCO - DEPARTAMENTO DE PASCO",Contrata,Finalizado,21/09/2019 00:00:00,228715.35,YANACANCHA,PASCO,PASCO
107837,2332225,371525,"CREACION DEL PUENTE CARROZABLE SANTOCHE EN EL CAMINO VECINAL VIA PICHIS PROGRESIVA 9,609.00 EN LA LOCALIDAD DE TUPAC AMARU, DISTRITO DE PUERTO BERMUDEZ OXAPAMPA PASCO",Contrata,Finalizado,20/01/2020 00:00:00,1568340.72,PUERTO BERMUDEZ,OXAPAMPA,PASCO
107773,2451360,2451360,"REPARACIÓN DE MURO DE CONTENCIÓN; EN EL(LA) MARGEN DERECHO DEL RIO CHAUPIHUARANGA, CENTRO POBLADO DE VILLO DISTRITO DE YANAHUANCA, PROVINCIA DANIEL ALCIDES CARRION, DEPARTAMENTO PASCO",Contrata,Finalizado,11/12/2019 00:00:00,569119.57,YANAHUANCA,DANIEL ALCIDES CARRION,PASCO
107719,2378195,386880,"CREACIÓN DEL MURO DE CONTENCIÓN EN EL CENTRO POBLADO DE CAJAMARQUILLA, BARRIO NUEVO CAJAMARQUILLA, DISTRITO DE YANACANCHA - PASCO - PASCO",Contrata,Finalizado,7/09/2019 00:00:00,237256.84,YANACANCHA,PASCO,PASCO
107533,2382877,2382877,"CREACIÓN DEL SERVICIO DE AGUA POTABLE Y SANEAMIENTO EN EL CASERÍO EL MIRADOR, DISTRITO DE CONSTITUCIÓN - OXAPAMPA -PASCO.",Contrata,Finalizado,12/10/2019 00:00:00,482162.99,OXAPAMPA,OXAPAMPA,PASCO
107512,2167550,248376,"INSTALACION DEL SERVICIO DE AGUA POTABLE Y SANEAMIENTO EN LA LOCALIDAD DE PUERTO ORELLANA, DISTRITO DE CONSTITUCION-OXAPAMPA-PASCO",Contrata,Finalizado,6/10/2019 00:00:00,2863453.23,CONSTITUCION,OXAPAMPA,PASCO
107490,2177572,258665,"""INSTALACIÓN DEL SISTEMA DE AGUA POTABLE Y SANEAMIENTO EN LA LOCALIDAD DE PUERTO AMISTAD, DISTRITO DE CONSTITUCIÓN - OXAPAMPA - PASCO""",Contrata,Finalizado,13/10/2019 00:00:00,2302247.14,OXAPAMPA,OXAPAMPA,PASCO
107424,2191197,268413,"INSTALACION Y MEJORAMIENTO DEL SISTEMA DE AGUA POTABLE Y DESAGÜE EN LAS JUNTAS VECINALES; NUEVA ESPERANZA, SAN PEDRO, FÁTIMA, VISTA ALEGRE, BUENOS AIRES, CARRIÓN DEL DISTRITO YANAHUANCA, PROVINCIA DANIEL CARRIÓN, REGIÓN PASCO",Contrata,En Ejecución,9/08/2022 00:00:00,2308550.26,YANAHUANCA,PASCO,PASCO
107306,2441854,2441854,"CREACION DE PISTAS, VEREDAS Y ESCALINATAS EN LA LOCALIDAD DE SAN CRISTOBAL DE CHAUPIMARCA (CHAUPIMARCA) DEL DISTRITO DE TAPUC - PROVINCIA DE DANIEL ALCIDES CARRION - DEPARTAMENTO DE PASCO",Administración directa,En Ejecución,5/08/2019 00:00:00,378825,TAPUC,DANIEL ALCIDES CARRION,PASCO
107304,2447366,2447366,MEJORAMIENTO Y AMPLIACION DE LAS ZONAS TURISTICOS DEL DISTRITO DE VICCO - PROVINCIA DE PASCO - DEPARTAMENTO DE PASCO,Administración directa,Finalizado,25/05/2019 00:00:00,983478.99,VICCO,PASCO,PASCO
107302,2350166,2350166,"CREACION DE LA DEFENSA RIBEREÑA DEL RIO TICLACAYAN EN LOS TRAMOS: (AGOBAMBA-PUENTE DE INGRESO AL CEMENTERIO, I.E. 34039 - BOVEDA DE ENTRADA Y BOVEDA DE SALIDA - SACHAMANCA) TICLACAYAN DEL DISTRITO DE TICLACAYAN - PROVINCIA DE PASCO - DEPARTAMENTO DE",Contrata,Sin Ejecución,"",2789114.44,TICLACAYAN,PASCO,PASCO
107301,2439024,2439024,"REPARACION DE ACCESORIOS DE ILUMINACION EXTERIOR; EN EL(LA) INFRAESTRUCTURA Y PORTICO DE BIENVENIDA DEL ACCESO PRINCIPAL AL DISTRITO DE SAN FRANCISCO DE ASIS DE YARUSYACAN DISTRITO DE SAN FRANCISCO DE ASIS DE YARUSYACAN, PROVINCIA PASCO, DEPARTAMENTO",Administración directa,Finalizado,2/05/2019 00:00:00,121694.40,SAN FRANCISCO DE ASIS DE YARUSYACAN,PASCO,PASCO
107300,2447799,2447799,"REPARACION DE VIAS VECINALES; EN EL(LA) CAMINO VECINAL TRAMO CHUCHUGAN - WISHCA EN LA LOCALIDAD BELLAVISTA, DISTRITO DE PAUCARTAMBO, PROVINCIA PASCO, DEPARTAMENTO PASCO",Administración directa,Finalizado,5/12/2019 00:00:00,128209.75,PAUCARTAMBO,PASCO,PASCO
107299,2447741,2447741,"REPARACION DE VIAS VECINALES; EN EL(LA) CAMINO VECINAL TRAMO AGOMARCA - AUQUIMARCA - ABASPATA EN LA LOCALIDAD AUQUIMARCA, DISTRITO DE PAUCARTAMBO, PROVINCIA PASCO, DEPARTAMENTO PASCO",Administración directa,Finalizado,6/12/2019 00:00:00,308045.06,PAUCARTAMBO,PASCO,PASCO
107298,2447717,2447717,"REPARACION DE VIAS VECINALES; EN EL(LA) CAMINO VECINAL TRAMO COCHAMBRA - GAGO - WISHCAPALLAC EN LA LOCALIDAD CHUPACA, DISTRITO DE PAUCARTAMBO, PROVINCIA PASCO, DEPARTAMENTO PASCO",Administración directa,Finalizado,7/11/2019 00:00:00,127785.76,PAUCARTAMBO,PASCO,PASCO
107296,2432507,2432507,MEJORAMIENTO DE LA CRIANZA E INFRAESTRUCTURA PRODUCTIVA DE PORCINOS EN EL CASERIO DE GANISH DEL DISTRITO DE HUARIACA - PROVINCIA DE PASCO - DEPARTAMENTO DE PASCO,Administración directa,Finalizado,29/04/2019 00:00:00,100000,HUARIACA,PASCO,PASCO
107295,2432498,2432498,MEJORAMIENTO DE LA CRIANZA E INFRAESTRUCTURA PRODUCTIVA DE OVINOS EN EL CASERIO DE JARCAHUACA DEL DISTRITO DE HUARIACA - PROVINCIA DE PASCO - DEPARTAMENTO DE PASCO,Administración directa,Finalizado,29/04/2019 00:00:00,98787.37,HUARIACA,PASCO,PASCO
106989,2247559,305203,MEJORAMIENTO DE LAS CALLES URBANAS DEL CENTRO POBLADO DE MALLAMPAMPA,Contrata,Finalizado,16/09/2019 00:00:00,4446968.73,,,PASCO
106968,2162843,230777,"INSTALACION DE LOS SERVICIOS DE AGUA POTABLE Y DESAGUE EN LA LOCALIDAD DE VILLA CORAZON DE COCHAC, DISTRITO DE SAN FRANCISCO DE ASIS DE YARUSYACAN PASCO PASCO",Contrata,Finalizado,21/08/2019 00:00:00,1319624.71,SAN FRANCISCO DE ASIS DE YARUSYACAN,PASCO,PASCO
106913,2442562,2442562,"EJECUCIÓN DE LA OBRA: RENOVACIÓN DE RED DE ALCANTARILLADO, EN EL MARGEN DERECHO DEL LUGAR SHIQUI-SHIQUI DEL BARRIO SAN PEDRO EN LA LOCALIDAD DE YANAHUANCA, DISTRITO DE YANAHUANCA, PROVINCIA DANIEL ALCIDES CARRION - DEPARTAMENTO PASCO",Contrata,Finalizado,21/08/2019 00:00:00,109216.23,YANAHUANCA,DANIEL ALCIDES CARRION,PASCO
106890,2284965,327213,"CREACION DE CERCO PERIMETRICO DEL CEMENTERIO GENERAL DEL ANEXO DE BATANCHACA, DISTRITO DE SAN FRANCISCO DE ASIS DE YARUSYACAN-PASCO-PASCO",Contrata,Sin Ejecución,"","",SAN FRANCISCO DE ASIS DE YARUSYACAN,PASCO,PASCO
106860,,0,as,Contrata,Sin Ejecución,"","",,,PASCO
106791,2445921,2445921,MEJORAMIENTO DEL CENTRO RECREACIONAL AMERICANO DE LA LOCALIDAD DE GOYLLARISQUIZGA DEL DISTRITO DE GOYLLARISQUIZGA - PROVINCIA DE DANIEL ALCIDES CARRION - DEPARTAMENTO DE PASCO,Contrata,Finalizado,1/11/2019 00:00:00,115382.05,GOYLLARISQUIZGA,DANIEL ALCIDES CARRION,PASCO
106719,2340138,378950,"MEJORAMIENTO DE LA TRANSITABILIDAD VEHICULAR DE LA CARRETERA DEPARTAMENTAL RUTA N PA 104 DE LA PROGRESIVA 0 000 KM Y LA PROGRESIVA 41 736.77 KM. DISTRITOS DE YANACANCHA SANTA ANA DE TUSI YARUSYACAN PALLANCHACRA PROVINCIA PASCO Y DANIEL CARRION, DEPARTAMENTO DE PASCO",Contrata,Sin Ejecución,"","",SANTA ANA DE TUSI,PASCO,PASCO
106583,2429456,2429456,"CONSTRUCCION DE ALCANTARILLA; EN EL(LA) OPTIMIZACION DEL SERVICIO DE TRANSITABILIDAD VEHICULAR Y PEATONAL EN EL CASCO URBANO DEL DISTRITO DE PUERTO BERMUDEZ, PROVINCIA DE OXAPAMPA-PASCO",Contrata,Finalizado,8/04/2019 00:00:00,413964.05,PUERTO BERMUDEZ,OXAPAMPA,PASCO
106582,2441100,2441100,"CONSTRUCCION DE TECHOS DUROS DESMONTABLES; EN EL(LA) IE 34622 LIBERTADOR MARISCAL CASTILLA EN LA LOCALIDAD OXAPAMPA, DISTRITO DE OXAPAMPA, PROVINCIA OXAPAMPA, DEPARTAMENTO PASCO",Administración directa,Finalizado,7/05/2019 00:00:00,299415.62,OXAPAMPA,OXAPAMPA,PASCO
106581,2440599,2440599,"CREACION DE MURO DE CONTENCION EN PUNTOS CRITICOS DEL CAMINO VECINAL TRAMO LUCMAPAMPA-SAN PEDRO DE PILLAO, EN LA LOCALIDAD DE SAN PEDRO DE PILLAO DEL DISTRITO DE SAN PEDRO DE PILLAO - PROVINCIA DE DANIEL ALCIDES CARRION - DEPARTAMENTO DE PASCO",Contrata,Finalizado,6/09/2019 00:00:00,446926,SAN PEDRO DE PILLAO,DANIEL ALCIDES CARRION,PASCO
106580,2440104,2440104,CREACION DE DEFENSA RIBEREÑA A LA MARGEN IZQUIERDA DEL RIO GAYAC EN LA LOCALIDAD DE HUACHUACOCHA (POCOC) DEL DISTRITO DE SAN PEDRO DE PILLAO - PROVINCIA DE DANIEL ALCIDES CARRION - DEPARTAMENTO DE PASCO,Administración directa,Finalizado,6/09/2019 00:00:00,422226,SAN PEDRO DE PILLAO,DANIEL ALCIDES CARRION,PASCO
106578,2418178,2418178,CREACION DE VEREDAS Y GRADERIAS Y OBRAS DE ARTE DEL JR. CANTA ENTRE EL JR. SANTA ROSA DE QUIVES Y CARRETERA A CANTA EN EL BARRIO SANTA ROSA DE QUIVES DEL DISTRITO DE HUAYLLAY - PROVINCIA DE PASCO - DEPARTAMENTO DE PASCO,Administración directa,Finalizado,12/08/2019 00:00:00,455892,HUAYLLAY,PASCO,PASCO
106346,2465646,2465646,MEJORAMIENTO Y AMPLIACION DEL SERVICIO DE AGUA POTABLE Y ALCANTARILLADO DE LA LOCALIDAD DE YARUSYACAN EN EL DEL DISTRITO DE SAN FRANCISCO DE ASIS DE YARUSYACAN PASCO PASCO,Contrata,Sin Ejecución,"",6018184.91,SAN FRANCISCO DE ASIS DE YARUSYACAN,PASCO,PASCO
106322,2443604,2443604,CREACION DEL SISTEMA DE SANEAMIENTO BASICO RURAL CON UNIDADES BASICAS DE SANEAMIENTO (UBS) Y BIODIGESTORES EN EL ANEXO DE HUANCAMACHAY DEL DISTRITO DE SAN FRANCISCO DE ASIS DE YARUSYACAN - PROVINCIA DE PASCO - DEPARTAMENTO DE PASCO,Contrata,Sin Ejecución,"",1561093.68,SAN FRANCISCO DE ASIS DE YARUSYACAN,PASCO,PASCO
106260,2416073,2416073,MEJORAMIENTO Y AMPLIACION DE LA TROCHA CARROZABLE DE COCHAC PECHGAPUQUI EN EL CENTRO POBLADO DE COCHACHARAO DEL DISTRITO DE SAN FRANCISCO DE ASIS DE YARUSYACAN PROVINCIA DE PASCO Y DEPARTAMENTO DE PASCO,Contrata,Sin Ejecución,"",3962080.94,SAN FRANCISCO DE ASIS DE YARUSYACAN,PASCO,PASCO
106093,2337335,376331,"RECUPERACIÓN, ACONDICIONAMIENTO Y CIERRE DE ÁREAS DEGRADADAS POR RESIDUOS SÓLIDOS EN EL DISTRITO DE HUAYLLAY PASCO PASCO",Contrata,Sin Ejecución,"",3140212.61,HUAYLLAY,PASCO,PASCO
106004,2439149,2439149,MEJORAMIENTO DEL SERVICIO DE EDUCACIÓN PRIMARIA DE LA I.E. N 34465 DEL SECTOR NUEVO PARAISO DEL DISTRITO DE PALCAZÚ - PROVINCIA DE OXAPAMPA - DEPARTAMENTO DE PASCO,Contrata,Finalizado,18/07/2019 00:00:00,253392.54,OXAPAMPA,OXAPAMPA,PASCO
105952,2441480,2441480,MEJORAMIENTO Y AMPLIACION DEL SERVICIO DE PROTECCIÓN CONTRA INUNDACIONES TRAMO: CUSHITAMBO HASTA EL SECTOR TINGO DEL BARRIO COLLANA DEL DISTRITO DE PAUCARTAMBO - PROVINCIA DE PASCO - DEPARTAMENTO DE PASCO,Contrata,En Ejecución,18/03/2024 00:00:00,14862886.30,PAUCARTAMBO,PASCO,PASCO
105879,2439876,2439876,"REPARACION DE VIAS VECINALES; EN EL(LA) TRAMOS DE PUENTE HUAROG-PAUCAR - MARAL - TANGOR - PAUCALIN: LIMPIEZA DE CUNETAS KM TRAMO 00.000 AL 34.907 DISTRITO DE PAUCAR, PROVINCIA DANIEL ALCIDES CARRION, DEPARTAMENTO PASCO",Contrata,Finalizado,24/04/2019 00:00:00,97357,PAUCAR,DANIEL ALCIDES CARRION,PASCO
105878,2441036,2441036,CREACION DE ESCALERAS Y ESCALINATAS DE ACCESO PEATONAL CON EMPEDRADO Y CONCRETO DEL BARRIO CHIHUANHUAY DEL DISTRITO DE TICLACAYAN - PROVINCIA DE PASCO - DEPARTAMENTO DE PASCO,Administración directa,Finalizado,5/08/2019 00:00:00,566520,TICLACAYAN,PASCO,PASCO
105877,2441372,2441372,CREACION DEL MURO DE MAMPOSTERIA DE PIEDRA EN LA ZONA ALEDAÑA AL PASAJE ALAMEDA ESCOLAR EN LA LOCALIDAD DE JUNIPALCA DEL DISTRITO DE SAN FRANCISCO DE ASIS DE YARUSYACAN - PROVINCIA DE PASCO - DEPARTAMENTO DE PASCO,Administración directa,Finalizado,1/08/2022 00:00:00,385794.74,SAN FRANCISCO DE ASIS DE YARUSYACAN,PASCO,PASCO
105876,2441229,2441229,CREACION DE ESCALINATAS EN EL JR SANTA ROSA YARUSYACAN DEL DISTRITO DE SAN FRANCISCO DE ASIS DE YARUSYACAN - PROVINCIA DE PASCO - DEPARTAMENTO DE PASCO,Administración directa,Sin Ejecución,"",384325,SAN FRANCISCO DE ASIS DE YARUSYACAN,PASCO,PASCO
105875,2441086,2441086,"MEJORAMIENTO DE LOS SERVICIOS DE TRANSITABILIDAD VEHICULAR Y PEATONAL DEL PUENTE SAN GENARO, TRAMO SAN GENARO - BELLAVISTA EN LA LOCALIDAD DE SAN GENARO DEL DISTRITO DE PAUCARTAMBO - PROVINCIA DE PASCO - DEPARTAMENTO DE PASCO",Administración directa,Finalizado,24/04/2019 00:00:00,207644.94,PAUCARTAMBO,PASCO,PASCO
105874,2440414,2440414,MEJORAMIENTO DE LOS SERVICIOS DE TRANSITABILIDAD VEHICULAR Y PEATONAL DEL PUENTE EN EL TRAMO DE CAMINO VECINAL ANCARA - WISCAPALLAC EN LA LOCALIDAD DE CHUPACA DEL DISTRITO DE PAUCARTAMBO - PROVINCIA DE PASCO - DEPARTAMENTO DE PASCO,Administración directa,Finalizado,2/04/2019 00:00:00,209330.44,PAUCARTAMBO,PASCO,PASCO
105872,2441776,2441776,"REPARACION DE CENTRO CIVICO; EN EL(LA) FACHADA, COBERTURA, PISOS, PINTURA DE LOS AMBIENTES DE LA MUNICIPALIDAD DISTRITO DE HUAYLLAY, PROVINCIA PASCO, DEPARTAMENTO PASCO",Administración directa,Finalizado,2/05/2019 00:00:00,148801.25,HUAYLLAY,PASCO,PASCO
105240,2444347,2444347,MEJORAMIENTO DEL SERVICIO DE TRANSITABILIDAD VEHICULAR Y PEATONAL EN EL ASENTAMIENTO HUMANO VÍCTOR RAUL HAYA DE LA TORRE DISTRITO DE YANACANCHA - PROVINCIA DE PASCO - DEPARTAMENTO DE PASCO,Contrata,Finalizado,11/11/2020 00:00:00,7218566.09,YANACANCHA,PASCO,PASCO
105065,2443633,2443633,"CREACION DE LA DEFENSA RIBEREÑA DEL RIO CHAUPIHURANGA EN LOS SECTORES HUARIMARCA-PLACER-USPACHACA, MUYOG-UYLUPAMPA, SHOCSHIPAMPA-MICHIVILCA, EN LAS LOCALIDADES DE USPACHACA-HYLUPAMPA-MACHIVILCA DEL DISTRITO DE TAPUC - PROVINCIA DE DANIEL ALCIDES CARR",Contrata,Sin Ejecución,"",10024865.76,TAPUC,DANIEL ALCIDES CARRION,PASCO
104245,2439134,2439134,"RENOVACIÓN DE VIAS VECINALES; EN EL(LA) ANEXO DE CEDROPAMPA DEL C.P. PUENTE PAUCARTAMBO, DISTRITO DE VILLA RICA, PROVINCIA OXAPAMPA, DEPARTAMENTO PASCO",Contrata,Finalizado,19/03/2019 00:00:00,460094.52,VILLA RICA,OXAPAMPA,PASCO
104244,2323558,360442,"CREACION DE LOCAL DE USOS MULTIPLES DEL ANEXO DE AHUASCANCHA DEL CENTRO POBLADO DE LA VICTORIA, DISTRITO DE PAUCARTAMBO - PASCO - PASCO",Administración directa,Finalizado,11/03/2019 00:00:00,245610.79,PAUCARTAMBO,PASCO,PASCO
104013,2429518,2429518,CREACIÓN DE SERVICIO AGUA PARA RIEGO MEDIANTE EL REPRESAMIENTO DE LA LAGUNA TUNSHUPAYCO DE LAS COMUNIDADES DE TAMBOPAMPA Y TUNACANCHA DEL DISTRITO DE YANAHUANCA - PROVINCIA DE DANIEL ALCIDES CARRION - DEPARTAMENTO DE PASCO,Contrata,Sin Ejecución,"",378198.41,YANAHUANCA,DANIEL ALCIDES CARRION,PASCO
104006,2343368,382045,"AMPLIACIÓN, MEJORAMIENTO DEL SERVICIO INTEGRAL DE SEGURIDAD CIUDADANA EN EL DISTRITO DE YANAHUANCA, PROVINCIA DE DANIEL ALCIDES CARRION - PASCO",Contrata,Finalizado,4/06/2021 00:00:00,9274662.92,YANAHUANCA,DANIEL ALCIDES CARRION,PASCO
104004,2162625,2162625,"CREACIÓN DE PISTAS, VEREDAS Y ESCALINATAS EN EL CENTRO POBLADO DE ROCCO DEL DISTRITO DE YANAHUANCA - PROVINCIA DE DANIEL ALCIDES CARRION - DEPARTAMENTO DE PASCO",Contrata,Sin Ejecución,"",100,YANAHUANCA,DANIEL ALCIDES CARRION,PASCO
103991,2340210,379022,"CREACION DEL SERVICIO DE TRANSITABILIDAD VEHICULAR TROCHA CARROZABLE, TRAMO CURVA ATAGOCHANAN - PUQUIO - YANACOCHA DEL CENTRO POBLADO SAN JUAN DE YANACOCHA, DISTRITO DE YANAHUANCA, PROVINCIA DE DANIEL ALCIDES CARRION - PASCO",Contrata,Finalizado,11/01/2022 00:00:00,3091905.92,YANAHUANCA,DANIEL ALCIDES CARRION,PASCO
103989,2412722,2412722,CREACIÓN DEL SERVICIO DE AGUA POTABLE Y ALCANTARILLADO EN EL BARRIO VISTA ALEGRE DEL DISTRITO DE YANAHUANCA - PROVINCIA DE DANIEL ALCIDES CARRION - DEPARTAMENTO DE PASCO,Contrata,Finalizado,24/08/2019 00:00:00,1819456.73,YANAHUANCA,DANIEL ALCIDES CARRION,PASCO
103987,2340711,379501,"MEJORAMIENTO VIAL DEL TRAMO CRUCE LUTACOCHA-PATARAYOG-QUECHCA-CUCHIS-VILCABAMBA, DISTRITO DE VILCABAMBA - DANIEL ALCIDES CARRION - PASCO",Contrata,Sin Ejecución,"",100,VILCABAMBA,DANIEL ALCIDES CARRION,PASCO
103969,2248994,309636,MEJORAMIENTO DE LAS CONDICIONES DEL CAMPO DEPORTIVO DEL CENTRO POBLADO DE PUCURHUAY,Contrata,Finalizado,23/11/2018 00:00:00,13000,,,PASCO
103945,2339118,377987,MEJORAMIENTO DEL ORNATO PUBLICO EN EL BARRIO DE CHIHUANHUAY,Contrata,Finalizado,3/12/2018 00:00:00,10000,,,PASCO
103877,2131925,2131925,MEJORAMIENTO Y REHABILITACIÓN DE LA CARRETERA VILLA RICA - PUERTO BERMÚDEZ DISTRITO DE VILLA RICA - PROVINCIA DE OXAPAMPA - DEPARTAMENTO DE PASCO,Contrata,Sin Ejecución,"","",VILLA RICA,OXAPAMPA,PASCO
103832,2225875,243210,"MEJORAMIENTO Y AMPLIACIÓN DEL COLISEO POLIDEPORTIVO MUNICIPAL DEL DISTRITO DE YANAHUANCA, PROVINCIA DE DANIEL ALCIDES CARRION - PASCO",Contrata,Sin Ejecución,"",10956036.64,YANAHUANCA,DANIEL ALCIDES CARRION,PASCO
103544,2335245,374345,"AMPLIACION Y MEJORAMIENTO DE LA PRESTACION DE SERVICIO EDUCATIVOS EN LA I.E. NUESTRA SEÑORA DE LA ASUNCION, DISTRITO DE HUAYLLAY - PASCO - PASCO",Contrata,Sin Ejecución,"",3830383.16,HUAYLLAY,PASCO,PASCO
103541,2399849,2399849,CREACION DE LA INFRAESTRUCTURA DEL CEBA DE LA I.E. ANTONIO ÁLVAREZ DE ARENALES DISTRITO DE HUAYLLAY - PROVINCIA DE PASCO - REGIÓN PASCO,Contrata,Finalizado,27/06/2019 00:00:00,1110883.75,HUAYLLAY,PASCO,PASCO
103539,2330554,368377,"CREACION E IMPLEMENTACIÓN DEL COMEDOR DE LA I.E. ANTONIO ÁLVAREZ DE ARENALES DEL, DISTRITO DE HUAYLLAY - PASCO - PASCO",Contrata,Finalizado,27/06/2019 00:00:00,1212162.41,HUAYLLAY,PASCO,PASCO
103337,2176203,243026,CREACION DEL SERVICIO DE AREAS RECREATIVAS Y JUEGOS INFANTILES EN EL ANEXO DE BATANCHACA DEL DISTRITO DE SAN FRANCISCO DE ASIS DE YARUSYACAN - PROVINCIA DE PASCO - DEPARTAMENTO DE PASCO,Administración directa,Finalizado,22/12/2018 00:00:00,22439.77,SAN FRANCISCO DE ASIS DE YARUSYACAN,PASCO,PASCO
103148,2437833,2437833,MEJORAMIENTO DE LOSA DEPORTIVA CON GRASS SINTETICO EN EL BARRIO COLLANA DE LA LOCALIDAD DE PAUCARTAMBO DEL DISTRITO DE PAUCARTAMBO - PROVINCIA DE PASCO - DEPARTAMENTO DE PASCO,Contrata,Finalizado,24/05/2019 00:00:00,482552.61,PAUCARTAMBO,PASCO,PASCO
103147,2437907,2437907,CREACION DE LOSA DEPORTIVA CON GRASS SINTETICO EN EL CENTRO POBLADO DE AUQUIMARCA DEL DISTRITO DE PAUCARTAMBO - PROVINCIA DE PASCO - DEPARTAMENTO DE PASCO,Contrata,Finalizado,24/05/2019 00:00:00,449886.32,PAUCARTAMBO,PASCO,PASCO
103145,2437956,2437956,CREACION DE LOSA DEPORTIVA CON GRASS SINTETICO EN EL BARRIO VILLACANCHA DEL CENTRO POBLADO DE BELLAVISTA DEL DISTRITO DE PAUCARTAMBO - PROVINCIA DE PASCO - DEPARTAMENTO DE PASCO,Contrata,Finalizado,24/05/2019 00:00:00,402961.43,PAUCARTAMBO,PASCO,PASCO
102959,2302957,342032,"INSTALACION DEL SISTEMA DE AGUA POTABLE Y SANEAMIENTO EN LA CC.NN SAN JOSE DE APURUCAYALI, DISTRITO DE CONSTITUCION - OXAPAMPA - PASCO",Contrata,Finalizado,18/06/2019 00:00:00,327068.69,CONSTITUCION,OXAPAMPA,PASCO
102951,2198319,268625,"MEJORAMIENTO DE LA COBERTURA DE LOS SERVICIOS DE SALUD DEL HOSPITAL ERNESTO GERMAN GUZMAN GONZALES PROVINCIA DE OXAPAMPA,DEPARTAMENTO DE PASCO, REGION PASCO",Administración directa,Finalizado,25/03/2019 00:00:00,11779942.80,OXAPAMPA,OXAPAMPA,PASCO
102947,0,0,"RENOVACIÓN DE VIAS VECINALES; EN EL(LA) ANEXO DE CEDROPAMPA DEL C.P. PUENTE PAUCARTAMBO, DISTRITO DE VILLA RICA, PROVINCIA OXAPAMPA, DEPARTAMENTO PASCO",Contrata,Finalizado,19/03/2019 00:00:00,460094.52,VILLA RICA,OXAPAMPA,PASCO
102867,2323022,359931,"CREACION DE PISTAS Y VEREDAS DE LA CALLE PANAMA, BRASIL Y LAS AMERICAS II DEL CENTRO POBLADO DE ACOPALCA, DISTRITO DE PAUCARTAMBO - PASCO - PASCO",Contrata,Finalizado,10/09/2019 00:00:00,357048.56,PAUCARTAMBO,PASCO,PASCO
102839,2433033,2433033,"REPARACIÓN DE CAPTACIÓN SUPERFICIAL DE AGUA, LINEA DE CONDUCCIÓN, PTAP, RESERVORIO, LINEA DE ADUCCIÓN Y RED PRIMARIA; RENOVACIÓN DE PILETA PÚBLICA, EN EL (LA) UNIDAD PRODUCTORA DE SERVICIOS DE AGUA POTABLE EN LA LOCALIDAD LAGARTO SECO, DISTRITO DE PALCAZU, PROVINCIA OXAPAMPA, DEPARTAMENTO PASCO.",Por núcleo ejecutor,Finalizado,3/05/2019 00:00:00,233300.36,PALCAZU,OXAPAMPA,PASCO
102838,2432990,2432990,"REPARACIÓN DE CAPTACIÓN SUPERFICIAL DE AGUA, LINEA DE CONDUCCIÓN, PTAP, RESERVORIO, LINEA DE ADUCCIÓN Y RED PRIMARIA, RENOVACIÓN DE PILETA PÚBLICA, EN EL (LA) UNIDAD PRODUCTORA DE SERVICIOS DE AGUA POTABLE EN LA LOCALIDAD RIÓ NEGRO, DISTRITO DE PALCAZU, PROVINCIA DE OXAPAMPA, DEPARTAMENTO PASCO.",Por núcleo ejecutor,Finalizado,3/05/2019 00:00:00,180655.80,PALCAZU,OXAPAMPA,PASCO
102837,2433041,2433041,"REPARACIÓN DE CAPTACIÓN SUPERFICIAL DE AGUA, LINEA DE CONDUCCIÓN, PTAP, RESERVORIO, LINEA DE ADUCCIÓN Y RED PRIMARIA; RENOVACIÓN DE PILETA PÚBLICA; EN EL (LA) UNIDAD PRODUCTORA DE SERVICIOS DE AGUA POTABLE EN LA LOCALIDAD DE ALTO ISCOZACIN COMUNIDAD LA CANTUTA, DISTRITO DE PALCAZU, PROVINCIA DE OXAPAMPA, DEPARTAMENTO PASCO.",Por núcleo ejecutor,Finalizado,3/05/2019 00:00:00,194548.42,PALCAZU,OXAPAMPA,PASCO
102813,2432995,2432995,"REPARACIÓN DE CAPTACIÓN SUPERFICIAL DE AGUA, LINEA DE CONDUCCIÓN, PTAP, RESERVORIO, LINEA DE ADUCCIÓN Y RED PRIMARIA; RENOVACIÓN DE PILETA PÚBLICA, EN EL (LA) UNIDAD PRODUCTORA DE SERVICIOS DE AGUA POTABLE EN LA LOCALIDAD MAZUHUAZO, DISTRITO DE PALCAZU, PROVINCIA OXAPAMPA, DEPARTAMENTO PASCO.",Por núcleo ejecutor,Finalizado,3/05/2019 00:00:00,179780.54,PALCAZU,OXAPAMPA,PASCO
102811,2433043,2433043,"REPARACIÓN DE CAPTACIÓN SUPERFICIAL DE AGUA, LÍNEA DE CONDUCCIÓN, PTAP, RESERVORIO, LÍNEA DE ADUCCIÓN Y RED PRIMARIA; RENOVACIÓN DE PILETA PÚBLICA; EN EL(LA) UNIDAD PRODUCTORA DE SERVICIOS DE AGUA POTABLE EN LA LOCALIDAD ALTO HIZPIHUACAZO (BOCA ISHPIHUACAZO), DISTRITO DE PALCAZU, PROVINCIA OXAPAMPA, DEPARTAMENTO PASCO.",Por núcleo ejecutor,Finalizado,3/05/2019 00:00:00,152972.29,PALCAZU,OXAPAMPA,PASCO
102567,2393602,2393602,"AMPLIACION Y EQUIPAMIENTO DE LA CASA MATERNA DEL CENTRO SALUD ISCOZACIN, DISTRITO DE PALCAZU OXAPAMPA - PASCO",Contrata,Finalizado,22/04/2019 00:00:00,420908.07,PALCAZU,OXAPAMPA,PASCO
102519,2428914,2428914,"REPARACIÓN DE CAPTACIÓN SUPERFICIAL DE AGUA, LINEA DE CONDUCCIÓN, PTAP, RESERVORIO, LINEA DE ADUCCIÓN Y RED PRIMARIA; RENOVACIÓN DE PILETA PÚBLICA; EN EL (LA) UNIDAD PRODUCTORA DE SERVICIOS DE AGUA POTABLE EN LA LOCALIDAD SAN CARLOS, DISTRITO DE HUANCABAMBA, PROVINCIA DE OXAPAMPA, DEPARTAMENTO PASCO.",Por núcleo ejecutor,Finalizado,3/05/2019 00:00:00,164570.70,HUANCABAMBA,OXAPAMPA,PASCO
102518,2428916,2428916,"REPARACIÓN DE CAPTACIÓN SUPERFICIAL DE AGUA, LINEA DE CONDUCCIÓN, PTAP, RESERVORIO, LINEA DE ADUCCIÓN Y RED PRIMARIA; RENOVACIÓN DE PILETA PÚBLICA; EN EL (LA) UNIDAD PRODUCTORA DE SERVICIOS DE AGUA POTABLE EN LA LOCALIDAD SALSIPUEDES, DISTRITO DE HUANCABAMBA, PROVINCIA DE OXAPAMPA, DEPARTAMENTO PASCO.",Por núcleo ejecutor,Finalizado,3/05/2019 00:00:00,170739.30,HUANCABAMBA,OXAPAMPA,PASCO
102517,2428913,2428913,"REPARACIÓN DE CAPTACIÓN SUPERFICIAL DE AGUA, LINEA DE CONDUCCIÓN, PTAP, RESERVORIO, LINEA DE ADUCCIÓN Y RED PRIMARIA; RENOVACIÓN DE PILETA PÚBLICA; EN EL (LA) UNIDAD PRODUCTORA DE SERVICIOS DE AGUA POTABLE EN LA LOCALIDAD JATUMPATA, DISTRITO DE HUANCABAMBA, PROVINCIA DE OXAPAMPA, DEPARTAMENTO PASCO.",Por núcleo ejecutor,Finalizado,3/05/2019 00:00:00,183903.73,HUANCABAMBA,OXAPAMPA,PASCO
102511,2428919,2428919,"REPARACIÓN DE CAPTACIÓN SUPERFICIAL DE AGUA, LINEA DE CONDUCCIÓN, PTAP, RESERVORIO, LINEA DE ADUCCIÓN Y RED PRIMARIA; RENOVACIÓN DE PILETA PÚBLICA; EN EL (LA) UNIDAD PRODUCTORA DE SERVICIOS DE AGUA POTABLE EN LA LOCALIDAD HUAYLAMAYO, DISTRITO DE HUANCABAMBA, PROVINCIA DE OXAPAMPA, DEPARTAMENTO PASCO.",Por núcleo ejecutor,Finalizado,3/05/2019 00:00:00,228318,HUANCABAMBA,OXAPAMPA,PASCO
102510,2428909,2428909,"REPARACIÓN DE CAPTACIÓN SUPERFICIAL DE AGUA, LINEA DE CONDUCCIÓN, PTAP, RESERVORIO, LINEA DE ADUCCIÓN Y RED PRIMARIA; RENOVACIÓN DE PILETA PÚBLICA; EN EL (LA) UNIDAD PRODUCTORA DE SERVICIOS DE AGUA POTABLE EN LA LOCALIDAD AGUA SALADA, DISTRITO DE HUANCABAMBA, PROVINCIA DE OXAPAMPA, DEPARTAMENTO PASCO.",Por núcleo ejecutor,Finalizado,3/05/2019 00:00:00,137013.84,HUANCABAMBA,OXAPAMPA,PASCO
102483,0,0,CREACION DE TROCHA CARROZABLE MACAY - CHUPANA DEL DISTRITO DE TICLACAYAN - PASCO,Contrata,Sin Ejecución,"","",TICLACAYAN,PASCO,PASCO
101871,2248172,307488,"MEJORAMIENTO DE LA LOSA MULTIDEPORTIVA BONANZA EN LA CALLE ANCASH Y AV. LUIS AGUILAR DEL SECTOR 4 DEL AA.HH. COLUMNA PASCO, DISTRITO DE YANACANCHA - PASCO - PASCO",Contrata,Finalizado,10/04/2019 00:00:00,1446756.38,YANACANCHA,PASCO,PASCO
101870,2427718,2427718,CREACIÓN DEL PARQUE PRINCIPAL EN LA COMUNIDAD CAMPESINA DE PARIAMARCA DISTRITO DE YANACANCHA - PASCO - PASCO,Contrata,Finalizado,9/05/2019 00:00:00,334520.99,YANACANCHA,PASCO,PASCO
101867,2295254,337636,MEJORAMIENTO DE PUENTES PEATONALES EN EL CENTRO POBLADO DE ANASQUIZQUE DEL DISTRITO DE YANACANCHA - PASCO - PASCO,Contrata,Finalizado,26/03/2019 00:00:00,344201.80,YANACANCHA,PASCO,PASCO
101680,2327580,364017,"CREACION DE TROCHA CARROZABLE SAN MATEO - COLLPA - TAMBILLO DEL CENTRO POBLADO DE HUALLAMAYO, DISTRITO DE PAUCARTAMBO - PASCO - PASCO",Contrata,Finalizado,13/11/2020 00:00:00,1239199.07,PAUCARTAMBO,PASCO,PASCO
101679,2316700,353973,"CREACION DE TROCHA CARROZABLE JATUMPATA - ZAMUCUCHO DEL CENTRO POBLADO DE ACOPALCA, DISTRITO DE PAUCARTAMBO - PASCO - PASCO",Administración directa,Finalizado,6/08/2021 00:00:00,308368.54,PAUCARTAMBO,PASCO,PASCO
101678,2328672,365021,"CREACION DE TROCHA CARROZABLE PUMARAUCA - CARTUCHOPAMPA - GOCHACHUPAN DEL, DISTRITO DE PAUCARTAMBO - PASCO - PASCO",Contrata,Finalizado,30/12/2020 00:00:00,9566168.26,PAUCARTAMBO,PASCO,PASCO
101677,2300385,336278,"MEJORAMIENTO DE LOS SERVICIOS DE TRANSITABILIDAD A LOS CENTROS DE PRODUCCION AGROPECUARIA DENTRO DEL AMBITO DEL, DISTRITO DE PAUCARTAMBO - PASCO - PASCO",Contrata,Finalizado,21/12/2019 00:00:00,7137452.64,PAUCARTAMBO,PASCO,PASCO
100406,2430133,2430133,"REPARACION DE VIAS VECINALES; EN EL(LA) SECTORES PERIURBANOS EN LA LOCALIDAD VILLA RICA, DISTRITO DE VILLA RICA, PROVINCIA OXAPAMPA, DEPARTAMENTO PASCO",Administración directa,Sin Ejecución,"",92710.73,VILLA RICA,OXAPAMPA,PASCO
100405,2430131,2430131,"REPARACION DE VIAS VECINALES; EN EL(LA) SECTORES PAMPA ENCANTADA, RIO LA SAL Y CEDROPAMPA EN LA LOCALIDAD PUENTE PAUCARTAMBO 2A, DISTRITO DE VILLA RICA, PROVINCIA OXAPAMPA, DEPARTAMENTO PASCO",Administración directa,Sin Ejecución,"","",VILLA RICA,OXAPAMPA,PASCO
100404,2381373,2381373,"CONSTRUCCION DE UN PABELLON DE NICHOS EN EL CEMENTERIO GENERAL DE VILLA RICA, EN EL DISTRITO DE VILLA RICA, OXAPAMPA - PASCO",Administración directa,Finalizado,9/02/2018 00:00:00,288933.79,VILLA RICA,OXAPAMPA,PASCO
100403,2332070,371374,"MEJORAMIENTO DE LOS SERVICIOS DE ATENCION Y COORDINACION A LAS COMUNIDADES NATIVAS YANESHA, DISTRITO DE VILLA RICA - OXAPAMPA - PASCO",Administración directa,En Ejecución,15/11/2018 00:00:00,189254.58,VILLA RICA,OXAPAMPA,PASCO
100402,2317996,355093,"RECUPERACION DE LA LOSA DE RECREACION MULTIUSOS DEL CENTRO POBLADO SAN JUAN DE CACAZU, DISTRITO DE VILLA RICA - OXAPAMPA - PASCO",Administración directa,En Ejecución,26/12/2016 00:00:00,197015,VILLA RICA,OXAPAMPA,PASCO
100399,2429090,2429090,"ADQUISICION DE TRANSITO; EN EL(LA) OPTIMIZACION DEL SERVICIO DE TRANSITABILIDAD VEHICULAR Y PEATONAL EN EL CASCO URBANO DEL CENTRO POBLADO DE SAN PABLO EN LA LOCALIDAD SAN PABLO, DISTRITO DE PUERTO BERMUDEZ, PROVINCIA OXAPAMPA, DEPARTAMENTO PASCO",Administración directa,Finalizado,18/10/2018 00:00:00,393962.37,PUERTO BERMUDEZ,OXAPAMPA,PASCO
100398,2380031,2380031,"REHABILITACION DEL SERVICIO DE TRANSITABILIDAD VEHICULAR DE LAS CALLES DE LA LOCALIDAD DE PUERTO BERMUDEZ, DISTRITO DE PUERTO BERMUDEZ-OXAPAMPA-PASCO",Administración directa,Paralizada,2/10/2017 00:00:00,150000,PUERTO BERMUDEZ,OXAPAMPA,PASCO
100396,2388621,2388621,AMPLIACION DE LA INFRAESTRUCTURA EN LA I.E. N° 34225 ALEXANDER VON HUMBOLDT CON LA CONSTRUCCION DE DOS AULAS Y BAÑOS EN EL SEGUNDO PISO DEL NIVEL PRIMARIO DEL SECTOR LA PRUSIA DEL DISTRITO DE POZUZO - PROVINCIA DE OXAPAMPA - DEPARTAMENTO DE PASCO,Administración directa,Finalizado,1/08/2018 00:00:00,108006.61,POZUZO,OXAPAMPA,PASCO
100395,2382167,2382167,"CONSTRUCCION DE TECHOS DUROS DESMONTABLES; EN EL(LA) IE 35005 RVDO. PADRE BARDO BAYERLE - OXAPAMPA EN LA LOCALIDAD OXAPAMPA, DISTRITO DE OXAPAMPA, PROVINCIA OXAPAMPA, DEPARTAMENTO PASCO",Administración directa,Finalizado,18/03/2019 00:00:00,141275.18,OXAPAMPA,OXAPAMPA,PASCO
100390,2313820,351439,"MEJORAMIENTO DE LOS SERVICIOS EDUCATIVOS EN LA INSTITUCION EDUCATIVA INICIAL INGA ALLAUCA, DISTRITO DE TAPUC - DANIEL ALCIDES CARRION - PASCO",Contrata,Sin Ejecución,"",2474925.06,TAPUC,DANIEL ALCIDES CARRION,PASCO
100387,2367279,2367279,MEJORAMIENTO Y AMPLIACION DEL SERVICIO DE AGUA POTABLE EN EL CASERIO DE PIQUILHUANCA - DISTRITO DE SANTA ANA DE TUSI - PROVINCIA DE DANIEL ALCIDES CARRION - DEPARTAMENTO DE PASCO,Contrata,Finalizado,1/06/2018 00:00:00,229900.52,SANTA ANA DE TUSI,DANIEL ALCIDES CARRION,PASCO
100386,2367034,2367034,"CREACION DEL LOCAL DE CONVENCIONES DE NIÑOS, JOVENES Y ADULTOS DEL C.P. DE SANTA ANA DE RAGAN DEL DISTRITO DE SANTA ANA DE TUSI - PROVINCIA DE DANIEL ALCIDES CARRION - DEPARTAMENTO DE PASCO",Contrata,Finalizado,11/02/2020 00:00:00,1804258.95,SANTA ANA DE TUSI,DANIEL ALCIDES CARRION,PASCO
100384,2341249,379989,"MEJORAMIENTO, AMPLIACION DE LOS SERVICIOS EDUCATIVOS DE LA II.EE. GENERAL CORDOVA DE SANTA ANA DE TUSI, DISTRITO DE SANTA ANA DE TUSI - DANIEL ALCIDES CARRION - PASCO",Contrata,En Ejecución,1/02/2018 00:00:00,"",SANTA ANA DE TUSI,DANIEL ALCIDES CARRION,PASCO
100383,2233832,250186,"CONSTRUCCION DE CARRETERA Y PUENTES VILLA CORAZON DE JESUS -SHALALI-PULIAJ -PUENTE AMAQUILCA, DISTRITO DE SANTA ANA DE TUSI - DANIEL ALCIDES CARRION - PASCO",Contrata,Paralizada,22/12/2017 00:00:00,5639907.12,SANTA ANA DE TUSI,DANIEL ALCIDES CARRION,PASCO
100379,2371244,2371244,"CREACION DEL CERCO PERIMETRICO DEL ESTADIO MUNICIPAL DE LA LOCALIDAD DE CHACAYAN, DISTRITO DE CHACAYAN - PROVINCIA DE DANIEL ALCIDES CARRION - REGION PASCO",Administración directa,Finalizado,15/11/2017 00:00:00,118798.55,CHACAYAN,DANIEL ALCIDES CARRION,PASCO
100362,2368364,2368364,CREACION DE TROCHA CARROZABLE INGENIO - CHUNCANA DEL CENTRO POBLADO DE SAN JUAN DE YANACHI - DISTRITO DE TICLACAYAN - PROVINCIA DE PASCO - REGION PASCO,Contrata,Finalizado,26/10/2019 00:00:00,1981070.63,TICLACAYAN,PASCO,PASCO
100361,2340130,378941,"CREACION DE TROCHA CARROZABLE MACAY - CHUPANA, DISTRITO DE TICLACAYAN - PASCO - PASCO",Contrata,En Ejecución,21/12/2023 00:00:00,6850229.69,TICLACAYAN,PASCO,PASCO
100360,2337304,376302,"CREACION DE TROCHA CARROZABLE DEL TRAMO RACRAYTINGO - MALGOSH DEL CENTRO POBLADO DE HUAMANMARCA, DISTRITO DE TICLACAYAN - PASCO - PASCO",Contrata,Finalizado,24/12/2020 00:00:00,1492207.49,TICLACAYAN,PASCO,PASCO
100354,2300226,332732,"MEJORAMIENTO DE LA VIA DE EVITAMIENTO ALTERNO A LA VIA SAN SEBASTIAN,LONGITUD DE 0 000 A 1 818.40 EN EL C.P.DE QUIULACOCHA, DISTRITO DE SIMON BOLIVAR - PASCO - PASCO",Contrata,Finalizado,27/12/2017 00:00:00,6236620.09,SIMON BOLIVAR,PASCO,PASCO
100353,2286412,328371,"CREACION DE ACCESOS PEATONALES Y MURO DE CONTENCION EN EL PASAJE TARMA DEL CENTRO POBLADO DE PARAGSHA, DISTRITO DE SIMON BOLIVAR - PASCO - PASCO",Contrata,Sin Ejecución,"","",SIMON BOLIVAR,PASCO,PASCO
100352,2286137,328137,"MEJORAMIENTO DE LA LOSA DEPORTIVA EN EL JIRON MANUEL GONZALES PRADA DEL AA.HH.JOSE CARLOS MARIATEGUI SECTOR 3, DISTRITO DE SIMON BOLIVAR - PASCO - PASCO",Contrata,Sin Ejecución,"","",SIMON BOLIVAR,PASCO,PASCO
100351,2285936,327971,"INSTALACION DE UNA LOSA DEPORTIVA EN LA CALLE SANTA ANA DEL AA.HH.JOSE CARLOS MARIATEGUI SECTOR 3, DISTRITO DE SIMON BOLIVAR - PASCO - PASCO",Contrata,Sin Ejecución,"","",SIMON BOLIVAR,PASCO,PASCO
100350,2403863,2403863,CREACION DE TECHADO PREARMADO EN LA INSTITUCION EDUCATIVA N 34022 ISAAC NEWTON EN EL CENTRO POBLADO DE COCHACHARAO - DISTRITO DE SAN FRANCISCO DE ASIS DE YARUSYACAN - PROVINCIA DE PASCO - REGION PASCO,Administración directa,Sin Ejecución,"",43592.59,SAN FRANCISCO DE ASIS DE YARUSYACAN,PASCO,PASCO
100349,2407731,2407731,CREACION DE TROCHA CARROZABLE EMP. PA-107 ¿ YANAY ¿ LLAMCAY - DISTRITO DE PAUCARTAMBO - PROVINCIA DE PASCO - DEPARTAMENTO DE PASCO,Contrata,Finalizado,19/04/2019 00:00:00,396572.67,PAUCARTAMBO,PASCO,PASCO
100348,2339670,378519,"CREACION DE TROCHA CARROZABLE MANICOTAN - CASCARILLA DEL CENTRO POBLADO DE SANTA ISABEL, DISTRITO DE PAUCARTAMBO - PASCO - PASCO",Contrata,Finalizado,16/04/2019 00:00:00,804966.10,PAUCARTAMBO,PASCO,PASCO
100345,2425914,2425914,"REPARACION DE CARRETERAS DE ACCESO; EN EL(LA) TRAMO HUARAGMAYO - VISCAZ, CRUCE CONOC - PALLANCHACRA, BARRIO LA CURVA - PALLANCHACRA, HUARAGMAYO - LIRIOPAMPA DISTRITO DE PALLANCHACRA, PROVINCIA PASCO, DEPARTAMENTO PASCO",Administración directa,Finalizado,3/09/2018 00:00:00,79769.88,PALLANCHACRA,PASCO,PASCO
100344,2396312,2396312,MEJORAMIENTO DEL SERVICIO DE TRANSITABILIDAD DEL TRAMO RIO HUARAGMAYO - VISCA - YAMAYOG DEL DISTRITO DE PALLANCHACRA - PROVINCIA DE PASCO - DEPARTAMENTO DE PASCO,Administración directa,Finalizado,9/10/2018 00:00:00,99954.58,PALLANCHACRA,PASCO,PASCO
100334,2305374,344175,"AMPLIACION DEL SISTEMA DE ELECTRIFICACION RURAL EN EL ANEXO SANTA ROSA DE HUANAG, DISTRITO DE HUARIACA - PASCO - PASCO",Contrata,Finalizado,7/08/2018 00:00:00,185884.34,HUARIACA,PASCO,PASCO
100333,2181920,2181920,"MEJORAMIENTO DE VIAS CON PAVIMENTO Y VEREDAS, EN LOS PASAJES: MELCHORITA, LIBERTAD, HORIZONTE, PUCHUPUQUIO, QUECHUAS, QUINUALES, ROSAURA, LAS FLORES, ALPES Y EN LAS CALLES: EXCELSIOR, PUCHUPUQUIO Y MIRAFLORES DEL BARRIO MOQUEGUA DISTRITO DE CHAUPIMARCA PROV PASCO-PASCO- PRIMERA ETAPA: PASAJES LIBERTAD,PUCHUPUQUIO Y CA.EXCELSIOR",Contrata,Finalizado,7/05/2019 00:00:00,190726.90,CHAUPIMARCA,PASCO,PASCO
94458,0,0,CONSTRUCCION DE CASETAS DE VALVULAS DE CLORACION CAJAS DE VALVULAS Y REHABILITACION DE CASETAS DE CLORACION,Contrata,Finalizado,23/04/2019 00:00:00,210096.77,,,PASCO
94119,2253253,2253253,"ESTUDIO DEFINITIVO DEL MEJORAMIENTO DE LA CARRETERA ACOS - HUAYLLAY, PROVINCIA DE HUARAL DEL DEPARTAMENTO DE LIMA Y LA PROVINCIA DE PASCO DEL DEPARTAMENTO DE PASCO",Contrata,Sin Ejecución,"",6170629.19,HUAYLLAY,PASCO,PASCO
94077,2074336,84840,"CONSTRUCCION DE TROCHA CARROZABLE DE TINGO DE HUALCA- MARAPATA, DISTRITO DE PAUCARTAMBO - PASCO - PASCO",Contrata,Finalizado,29/06/2012 00:00:00,5878963.94,PAUCARTAMBO,PASCO,PASCO
94062,2392704,2392704,CREACIÓN DE LOS SERVICIOS DE TRANSITABILIDAD EN EL TRAMO CHUCCHURRUMY - PUCURUHUAY DEL CENTRO POBLADO DE ROCCO - DISTRITO DE YANAHUANCA - PROVINCIA DE DANIEL ALCIDES CARRION - DEPARTAMENTO DE PASCO.,Administración directa,Finalizado,11/12/2018 00:00:00,496745.54,YANAHUANCA,DANIEL ALCIDES CARRION,PASCO
94040,2339551,2339551,MEJORAMIENTO MEJORAMIENTO DE LA CALIDAD EDUCATIVA DE LA FACULTAD DE CIENCIAS DE LA COMUNICACION EN LA UNIVERSIDAD NACIONAL DANIEL ALCIDES CARRION EN LA PROVINCIA Y REGION DE PASCO DISTRITO DE YANACANCHA - PROVINCIA DE PASCO - DEPARTAMENTO DE PASCO,Contrata,En Ejecución,1/04/2018 00:00:00,10880648.47,YANACANCHA,DANIEL ALCIDES CARRION,PASCO
93933,2432557,2432557,MEJORAMIENTO DE LOS SERVICIOS PUBLICOS DE LA MUNICIPALIDAD DISTRITAL DE HUARIACA DEL DISTRITO DE HUARIACA-PROVINCIA DE PASCO-DEPARTAMENTO DE PASCO,Contrata,Finalizado,"",643368.23,HUARIACA,PASCO,PASCO
93916,2276367,321253,"MEJORAMIENTO DEL CEMENTERIO GENERAL DE SAN PEDRO DE PILLAO DISTRITO DE SAN PEDRO DE PILLAO, PROVINCIA DE DANIEL ALCIDES CARRION - PASCO",Administración directa,Finalizado,28/09/2018 00:00:00,414212,SAN PEDRO DE PILLAO,DANIEL ALCIDES CARRION,PASCO
93837,2203884,221798,"AMPLIACION DE PISTAS, VEREDAS, ESCALINATAS Y OBRAS COMPLEMENTARIAS DE AGUA Y DESAGUE DE LA APV GERARDO PATIÑO LOPEZ, DISTRITO DE YANACANCHA - PASCO - PASCO",Contrata,Finalizado,5/12/2020 00:00:00,2255913.86,YANACANCHA,PASCO,PASCO
93836,2378325,386975,CREACION DEL MURO DE PROTECCION DEL RESERVORIO DE AGUA POTABLE DEL BARRIO LOS ANGELES EN EL CENTRO POBLADO DE CAJAMARQUILLA DISTRITO DE YANACANCHA - PASCO - PASCO,Contrata,Finalizado,15/04/2019 00:00:00,160173.58,YANACANCHA,PASCO,PASCO
93823,2430429,2430429,REHABILITACION DE INFRAESTRUCTURA PUBLICA DE SERVICIOS HIGIENICOS EN LA LOCALIDAD DE COLQUIJIRCA DEL DISTRITO FUNDICION DE TINYAHUARCO DE LA PROVINCIA DE PASCO-REGION PASCO,Contrata,Sin Ejecución,"","",TINYAHUARCO,PASCO,PASCO
93655,2398547,2398547,"MEJORAMIENTO DE LOS SERVICIOS EDUCATIVOS DE LA I.E. GERARDO PATIÑO LÓPEZ, DISTRITO DE CHAUPIMARCA-PROVINCIA DE PASCO-REGIÓN PASCO",Contrata,Finalizado,13/01/2020 00:00:00,307018.68,CHAUPIMARCA,PASCO,PASCO
93231,2340337,379144,AMPLIACION DEL SISTEMA DE EVACUACIÓN DE AGUAS PLUVIALES EN EL BARRIO CHIHUANHUAY DEL DISTRITO DE TICLACAYAN - PASCO - PASCO,Contrata,Finalizado,17/05/2019 00:00:00,775293.06,TICLACAYAN,PASCO,PASCO
93138,2432877,2432877,"CONSTRUCCIÓN DE ESTACIÓN DE AMBULANCIA, EN LA LOCALIDAD DE VILCABAMBA, PROVINCIA DANIEL ALCIDES CARRION, DEPARTAMENTO PASCO",Contrata,Sin Ejecución,"",30293.24,VILCABAMBA,DANIEL ALCIDES CARRION,PASCO
92961,2370893,2370893,"MEJORAMIENTO Y AMPLIACIÓN DE LOS SERVICIOS DEPORTIVOS CON GRASS SINTÉTICO DE LA LOSA DEPORTIVA DE LA LOCALIDAD DE LA COLONIA DEL CENTRO POBLADO DE POZUZO, DISTRITO DE POZUZO, PROVINCIA DE OXAPAMPA REGIÓN PASCO III ETAPA",Contrata,Finalizado,4/07/2018 00:00:00,422718.70,POZUZO,OXAPAMPA,PASCO
92752,2431108,2431108,MEJORAMIENTO DE LA VIA DE LA CALLE TUPAC AMARU EN EL CENTRO POBLADO DE COLQUIJIRCA DEL DISTRITO DE FUNDICIÓN DE TINYAHUARCO DE LA PROVINCIA DE PASCO - REGION PASCO,Contrata,Sin Ejecución,"","",TINYAHUARCO,PASCO,PASCO
92708,2158796,193221,"Prolongación de Cunetas en vías de Acceso del proyecto: ""Ampliación y Mejoramiento del servicio de internamiento penitenciario en la jurisdicción de la Oficina Regional Oriente Pucallpa"" Etapa I",Contrata,Sin Ejecución,"",1205177.58,,,PASCO
92685,2197734,282063,"CREACION DE LOCAL DE USOS MÚLTIPLES EN LA COMUNIDAD DE TICLACAYAN, DISTRITO DE TICLACAYAN PASCO PASCO",Contrata,Finalizado,20/05/2019 00:00:00,1334860.39,TICLACAYAN,PASCO,PASCO
92511,2300837,338506,CREACIÓN DEL SERVICIO DE TRANSITABILIDAD VEHICULAR Y PEATONAL SOBRE RIO MAZUHUAZU EN EL CENTRO POBLADO DE PUERTO MAYRO DISTRITO DE PALCAZU- OXAPAMPA-PASCO,Contrata,Finalizado,8/03/2019 00:00:00,840952.23,PALCAZU,OXAPAMPA,PASCO
92276,2433095,2433095,CREACION DE LA LOSA DE RECREACION MULTIUSOS DEL DISTRITO DE NINACACA - PROVINCIA DE PASCO - DEPARTAMENTO DE PASCO,Contrata,Finalizado,22/05/2019 00:00:00,1275979.43,NINACACA,PASCO,PASCO
92231,2392064,2392064,"CONSULTORÍA DE OBRA PARA LA ELABORACIÓN DE EXPEDIENTE TÉCNICO DEL PROYECTO: MEJORAMIENTO Y AMPLIACIÓN DEL SERVICIO EDUCATIVO DEL INSTITUTO DE EDUCACIÓN SUPERIOR PEDAGÓGICO PUBLICO GAMANIEL BLANCO MURILLO, DISTRITO DE YANACANCHA - PROVINCIA DE PASCO - DEPARTAMENTO DE PASCO",Contrata,En Ejecución,1/11/2018 00:00:00,14922285.97,YANACANCHA,PASCO,PASCO
92175,2375073,2375073,"CREACIÓN DE PISTAS, VEREDAS Y GRADERÍAS DE LA CALLE SAN JUAN, BARRIO HUALGAYGAGA DISTRITO DE HUAYLLAY - PROVINCIA DE PASCO - REGIÓN PASCO",Contrata,Finalizado,22/07/2019 00:00:00,379089.53,HUAYLLAY,PASCO,PASCO
92174,2418180,2418180,CREACIÓN DE VEREDAS Y OBRAS DE ARTE DEL PASAJE TUPAC AMARU DEL BARRIO ARENALES DEL DISTRITO DE HUAYLLAY - PROVINCIA DE PASCO - DEPARTAMENTO DE PASCO,Contrata,Finalizado,13/08/2019 00:00:00,205360.74,HUAYLLAY,PASCO,PASCO
92091,2432868,2432868,"CONSTRUCCION DE ESCALINATAS AL CENTRO POBLADO ARQUEOLOGICO DE GORISH, DISTRITO DE VILCABAMBA, PROVINCIA DE DANIEL ALCIDES CARRION PASCO",Contrata,Finalizado,11/12/2018 00:00:00,87307.73,VILCABAMBA,DANIEL ALCIDES CARRION,PASCO
91879,2234342,2234342,"MEJORAMIENTO DE LA CARRETERA DEPARTAMENTAL: EMP. PE - 18 (DV. UCHUMARCA) - GOLAC MAJADA - POCCO - UCHUMARCA- GORINA ALTA - HUANGUR - YURAC HUANCA - QUIULACOCHA - CERRO DE PASCO - EMP. PE 3N - (DV. CERRO DE PASCO), PROVINCIAS DANIEL CARRION, REGION PASCO",Contrata,En Ejecución,14/02/2024 00:00:00,224839767.28,,PASCO,PASCO
91876,2234362,195467,"MEJORAMIENTO DE LA CARRETERA TRAMO CERRO DE PASCO - LA QUINUA , DISTRITO DE YANACANCHA - PASCO - PASCO",Contrata,Finalizado,6/08/2019 00:00:00,31009878.88,YANACANCHA,PASCO,PASCO
91873,2304266,343158,"MEJORAMIENTO DEL SERVICIO DE EDUCACIÓN SECUNDARIA DE LA INSTITUCIÓN EDUCATIVA MANUEL GONZALES PRADA DEL C.P. DE CHINCHE TINGO, DISTRITO DE YANAHUANCA, PROVINCIA DANIEL CARRIÓN - DEPARTAMENTO PASCO",Contrata,Finalizado,25/07/2019 00:00:00,5469263.44,YANAHUANCA,PASCO,PASCO
91724,2301516,340982,"SERVICIO DE CONSULTORÍA PARA LA ELABORACIÓN DE EXPEDIENTE TÉCNICO DEL PROYECTO: MEJORAMIENTO Y AMPLIACIÓN DE LA PRESTACIÓN DEL SERVICIO EDUCATIVO DE LA I.E. N° 31 NUESTRA SEÑORA DEL CARMEN, CON DISEÑO ARQUITECTÓNICO BIOCLIMÁTICO EN LA URBANIZACIÓN SAN JUAN, DISTRITO DE YANACANCHA - PASCO - PASCO",Contrata,Sin Ejecución,"","",YANACANCHA,PASCO,PASCO
91723,2158359,151696,"ELABORACIÓN DE EXPEDIENTE TÉCNICO DEL PROYECTO: MEJORAMIENTO DEL SERVICIO DE EDUCACIÓN PRIMARIA DE LA INSTITUCIÓN EDUCATIVA EULOGIO VENTO SANTAMARÍA N° 34116 EN LA LOCALIDAD DE YANACOCHA, DISTRITO DE YANAHUANCA, PROVINCIA DANIEL ALCIDES CARRIÓN, DEPARTAMENTO DE PASCO",Contrata,Sin Ejecución,"","",YANAHUANCA,PASCO,PASCO
91717,2430253,2430253,MEJORAMIENTO DEL SERVICIO DE LOSA DEPORTIVA EN LA LOCALIDAD PALLANCHACRA DEL DISTRITO DE PALLANCHACRA - PROVINCIA DE PASCO - DEPARTAMENTO DE PASCO,Contrata,Finalizado,19/12/2018 00:00:00,305537.65,PALLANCHACRA,PASCO,PASCO
91710,2191197,268413,"INSTALACION Y MEJORAMIENTO DEL SISTEMA DE AGUA POTABLE Y DESAGÜE EN LAS JUNTAS VECINALES; NUEVA ESPERANZA, SAN PEDRO, FÁTIMA, VISTA ALEGRE, BUENOS AIRES, CARRIÓN DEL DISTRITO YANAHUANCA, PROVINCIA DANIEL CARRIÓN, REGIÓN PASCO",Contrata,Sin Ejecución,"","",YANAHUANCA,PASCO,PASCO
91696,2301516,340982,MEJORAMIENTO Y AMPLIACION DE LA PRESTACION DEL SERVICIO EDUCATIVO DE LA I.E. 31 NUESTRA SEÑORA DEL ACRMEN CON DISEÑO ARQUITECTONICO BIOCLIMATICO EN URBANIZACION SAN JUAN DISTRITO DE YANACANCHA,Contrata,Sin Ejecución,"","",YANACANCHA,PASCO,PASCO
91654,2408348,2408348,MEJORAMIENTO DE VIAS CON PAVIMENTO Y OBRAS DE ARTE EN LA CALLE MOQUEGUA DEL AA. HH. COLUMNA PASCO SECTOR A DISTRITO DE YANACANCHA PASCO PASCO,Contrata,Finalizado,5/01/2019 00:00:00,260177.34,YANACANCHA,PASCO,PASCO
91597,0,0,"AMPLIACION DEL PROYECTO ""MEJORAMIENTO DEL PATIO DE USOS MULTIPLES EN LA INSTITUCION EDUCATIVA N 34039 GAMANIEL BLANCO MURILLO, DISTRITO DE TICLACAYAN-PASCO-PASCO""",Administración directa,Finalizado,1/08/2018 00:00:00,70649.58,TICLACAYAN,PASCO,PASCO
91315,2335497,374583,"MEJORAMIENTO DEL SISTEMA ELÉCTRICO EN EL CENTRO EXPERIMENTAL ALPAICAYAN DE LA UNIVERSIDAD NACIONAL DANIEL ALCIDES CARRION, DISTRITO DE NINACACA, PROVINCIA Y REGIÓN DE PASCO",Contrata,Finalizado,18/01/2019 00:00:00,877291.85,NINACACA,DANIEL ALCIDES CARRION,PASCO
91247,2430252,2430252,CREACION DEL SERVICIO DE LOSA DEPORTIVA DE LA LOCALIDAD DE NUEVO ORIENTE DEL DISTRITO DE PALLANCHACRA PROVINCIA DE PASCO REGION PASCO,Contrata,Finalizado,13/05/2019 00:00:00,224262.80,PALLANCHACRA,PASCO,PASCO
91233,2429432,2429432,MEJORAMIENTO DE LA VÍA DE LA CALLE JOSE FERREYRA GARCIA EN EL CENTRO POBLADO DE COLQUIJIRCA - DISTRITO FUNDICIÓN DE TINYAHUARCO DE LA PROVINCIA DE PASCO - REGIÓN PASCO,Contrata,Finalizado,19/12/2018 00:00:00,1352626.52,TINYAHUARCO,PASCO,PASCO
91206,2429456,2429456,"OPTIMIZACION DEL SERVICIO DE TRANSITABILIDAD VEHICULAR Y PEATONAL EN EL CASCO URBANO DEL DISTRITO DE PUERTO BERMÚDEZ, PROVINCIA DE OXAPAMPA . PASCO",Contrata,En Ejecución,18/10/2018 00:00:00,413964.05,OXAPAMPA,OXAPAMPA,PASCO
91058,2203789,191519,"AMPLIACION DE LA CONSTRUCCION DE DEFENSA RIBEREÑA DE LA QUEBRADA DE TINGORAGRA-ACOBAMBA-DISTRITO DE HUARIACA, PROVINCIA DE PASCO-PASCO",Administración directa,Finalizado,3/02/2017 00:00:00,623365.40,HUARIACA,PASCO,PASCO
91034,2130352,30969,"EJECUCION DE SALDO DE OBRA: AMPLIACION Y MEJORAMIENTO DE LOS SERVICIOS DE AGUA POTABLE Y ALCANTARILLADO DE LAS ZONAS URBANAS DE SANTO DOMINGO, SAN CARLOS, SAN JOSE Y NUEVA BERNA Y CHURUMAZU, DISTRITO DE CHONTABAMBA-OXAPAMPA - PASCO",Administración directa,En Ejecución,2/08/2016 00:00:00,2894483.86,CHONTABAMBA,OXAPAMPA,PASCO
91003,2397961,2397961,AMPLIACION SERVICIO DE PROTECCION CONTRA INUNDACIONES EN LA QUEBRADA SANTA ROSA ENTRE EL JIRON SAN MARTIN Y EL BARRIO 03 DE OCTUBRE CENTRO POBLADO DE HUARIACA-DISTRITO DE HUARIACA PROVINCIA DE PASCO-REGION PASCO,Administración directa,En Ejecución,"",1073599.42,HUARIACA,PASCO,PASCO
90941,2414030,2414030,CREACION DE LA TROCHA CARROZABLE HUANCAMACHAY COCHACHARAO DISTRITO DE SAN FRANCISCO DE ASIS DE YARUSYACAN - PROVINCIA DE PASCO - DEPARTAMENTO DE PASCO,Contrata,Sin Ejecución,"","",SAN FRANCISCO DE ASIS DE YARUSYACAN,PASCO,PASCO
90938,2328319,364681,"CREACION DEL SERVICIO EDUCATIVO DE LA INSTITUCION EDUCATIVA INTEGRADO SAN RAMON DE YANAPAMPA EN LA LOCALIDAD DE YANAPAMPA, DISTRITO DE SAN FRANCISCO DE ASIS DE YARUSYACAN - PASCO - PASCO",Contrata,Sin Ejecución,"","",SAN FRANCISCO DE ASIS DE YARUSYACAN,PASCO,PASCO
90937,2414848,2414848,CREACION DE PUENTE CARROZABLE Y PEATONAL EN EL ANEXO DE MIRAFLORES DEL CENTRO POBLADO DE JUNIPALCA - DISTRITO DE SAN FRANCISCO DE ASIS DE YARUSYACAN DISTRITO DE SAN FRANCISCO DE ASIS DE YARUSYACAN - PROVINCIA DE PASCO - DEPARTAMENTO DE PASCO,Contrata,Sin Ejecución,"",1517196.62,SAN FRANCISCO DE ASIS DE YARUSYACAN,PASCO,PASCO
90718,2300458,336795,"AMPLIACION, MEJORAMIENTO DE PISTAS Y VEREDAS EN EL JIRÓN TICLAHUANCA, JIRÓN RIMAY MARCA, JIRÓN YARUS, CALLE EUGENIO TORRES, CALLE INDEPENDENCIA, CALLE 1, CALLE 2, PASAJE 1 Y CALLE JOSÉ OLAYA DEL, DISTRITO DE TICLACAYAN - PASCO - PASCO",Contrata,Finalizado,23/10/2019 00:00:00,4314433.49,TICLACAYAN,PASCO,PASCO
90426,0,0,"Ejecución de Obra Creación del Sistema de Agua Potable y Letrinas de la Localidad de Santa Bárbara, Distrito de Huancabamba, Provincia de Oxapampa, Región Pasco",Contrata,Finalizado,1/12/2018 00:00:00,316616.60,HUANCABAMBA,OXAPAMPA,PASCO
90300,2286807,328716,"CREACION DE TALUDES PARA REDUCCIÓN DEL PELIGRO DE DESLIZAMIENTO DE MASAS EN LA QUEBRADA DE SHISHIN DE LOCALIDAD DE CHANGO, DISTRITO DE CHACAYAN - DANIEL ALCIDES CARRION - PASCO",Contrata,Sin Ejecución,"","",CHACAYAN,DANIEL ALCIDES CARRION,PASCO
90196,2309972,335776,MEJORAMIENTO DE TRANSITABILIDAD PEATONAL Y VEHICULAR DEL AA. HH. LOS PROCERES DEL DISTRITO DE YANACANCHA - PASCO - PASCO,Obras por impuestos,Finalizado,1/02/2019 00:00:00,5842753.68,YANACANCHA,PASCO,PASCO
90187,2418497,2418497,"CREACIÓN DE UNA CANCHA DEPORTIVA MINI FÚTBOL CON GRASS SINTÉTICO EN EL BARRIO AVIACIÓN AV. AEROPUERTO SECTOR 04 MZ. 05 LT. 07, DISTRITO DE PUERTO BERMÚDEZ, PROVINCIA DE OXAPAMPA - PASCO",Contrata,Finalizado,11/02/2019 00:00:00,526477.42,OXAPAMPA,OXAPAMPA,PASCO
89744,2402275,2402275,CREACIÓN DE PISTAS Y VEREDAS DEL ENTORNO DE LA PLAZA PRINCIPAL EN EL CASERÍO DE SANTO ROSARIO DISTRITO DE HUAYLLAY - PROVINCIA DE PASCO - REGIÓN PASCO,Contrata,Finalizado,14/05/2019 00:00:00,522935.86,HUAYLLAY,PASCO,PASCO
89657,2382675,2382675,CREACION DEL CAMINO VECINAL ATANGA - PUENTE HUARO DEL CENTRO POBLADO DE CHANGO - DISTRITO DE CHAYAN - PROVINCIA DE DANIEL ALCIDES CARRION - PASCO,Contrata,Sin Ejecución,"",2726437,,DANIEL ALCIDES CARRION,PASCO
89649,2317580,354729,MEJORAMIENTO DE LOS SERVICIOS EDUCATIVOS EN LA INSTITUCION EDUCATIVA INICIAL TRECE DE MAYO DE LA LOCALIDAD DE YURAJHUANCA - DISTRITO DE SIMON BOLIVAR - PASCO - PASCO.,Contrata,Sin Ejecución,"","",SIMON BOLIVAR,PASCO,PASCO
89573,2397389,2397389,CREACION DE LA LOSA CON GRASS SINTÉTICO EN EL CENTRO POBLADO DE UCRUCANCHA - DISTRITO DE SIMON BOLIVAR - PROVINCIA DE PASCO - REGIÓN PASCO,Contrata,Finalizado,9/11/2018 00:00:00,262670.21,SIMON BOLIVAR,PASCO,PASCO
89498,2294586,336510,"INSTALACIÓN DE ESPACIO DEPORTIVO Y RECREATIVO EN EL BARRIO PUYUNTUY PRIMERA I ETAPA, DISTRITO DE VILCABAMBA, PROVINCIA DANIEL ALCIDES CARRION - PASCO",Contrata,Finalizado,1/05/2019 00:00:00,421863.05,VILCABAMBA,DANIEL ALCIDES CARRION,PASCO
89487,2281102,322645,"OBRA COMPLEMENTARIA ""CREACION DE SERVICIOS TECNOLÓGICOS PARA LAS CADENAS PRODUCTIVAS DEL CAFÉ, CACAO Y FRUTAS DEL SECTOR AGROINDUSTRIAL EN LA ZONA DE SANTA LUCÍA, PROVINCIAS DE LEONCIO PRADO Y AMBO EN EL DPTO DE HUANUCO Y EN LA PROVINCIA DE OXAPAMPA EN EL DPTO DE PASCO"" - SEDE OXAPAMPA",Contrata,Finalizado,1/12/2018 00:00:00,360404.25,OXAPAMPA,OXAPAMPA,PASCO
89386,2321877,358833,"CREACION DEL CENTRO DE SERVICIOS TAMBO EN EL CENTRO POBLADO DE ORELLANA, DISTRITO DE CONSTITUCION, PROVINCIA OXAPAMPA, DEPARTAMENTO PASCO",Por núcleo ejecutor,Finalizado,5/07/2019 00:00:00,1509299.74,CONSTITUCION,OXAPAMPA,PASCO
89277,2250421,272876,"MEJORAMIENTO DEL SERVICIO EDUCATIVO MEDIANTE MODULOS DE JUEGOS RECREATIVOS Y DE DESARROLLO PSICOMOTRIZ EN LAS INSTITUCIONES DE EDUCACION INICIAL EN LA PROVINCIA DE PASCO, REGION PASCO",Contrata,Finalizado,25/11/2018 00:00:00,1431653.74,,PASCO,PASCO
89251,0,0,"CONTRATACIÓN DEL SERVICIO DE CONSULTORÍA DE OBRA PARA LA ELABORACIÓN DEL ESTUDIO DE A NIVEL DE EXPEDIENTE TÉCNICO DEL PROYECTO DENOMINADO: CREACIÓN DEL TERMINAL TERRESTRE EN EL DISTRITO DE HUACHON, PROVINCIA DE PASCO, REGION PASCO",Contrata,Sin Ejecución,"","",HUACHON,PASCO,PASCO
89189,2325635,362275,"MEJORAMIENTO, RECUPERACION DE LA PRESTACION DE SERVICIOS EN EL PARQUE RELOJ DE CAMPANA DISTRITO DE YANACANCHA PASCO PASCO",Contrata,Finalizado,7/11/2018 00:00:00,431772.42,YANACANCHA,PASCO,PASCO
89187,2376639,386072,"MEJORAMIENTO DE PISTAS, VEREDAS Y TRATAMIENTO PAISAJISTICO DE LA CALLE ALFA Y DE LOS PASAJES 1, 2 Y 3 EN LA ZONA III DEL ASENTAMIENTO HUMANO 27 DE NOVIEMBRE DISTRITO DE YANACANCHA PASCO PASCO",Contrata,Finalizado,25/10/2018 00:00:00,398967.26,YANACANCHA,PASCO,PASCO
89055,2282401,325031,CREACIÓN DE TROCHA CARROZABLE TRAMO ALCANTARILLA YANAQUIO HUACHUS II ETAPA DISTRITO DE YANAHUANCA PROVINCIA DE DANIEL ALCIDES CARRIÓN PASCO,Contrata,Finalizado,19/11/2018 00:00:00,229061.90,YANAHUANCA,PASCO,PASCO
89003,2209903,204681,"EJECUCIÓN DE SALDO DE OBRA: INSTALACIÓN MEJORAMIENTO DEL SERVICIO DE ENERGÍA ELÉCTRICA MEDIANTE LA LÍNEA DE DISTRIBUCIÓN PRIMARIA 22.9 KV. DE LA LOCALIDAD DE RACRACANCHA, DISTRITO FUNDICIÓN DE TINYAHUARCO, PROVINCIA Y DEPARTAMENTO DE PASCO",Contrata,Sin Ejecución,"",158090.55,TINYAHUARCO,PASCO,PASCO
88927,0,0,CONSTRUCCION DEL CENTRO CIVICO DE GOYLLARISQUIZGA DISTRITO DE GOYLLARISQUIZGA PROVINCIA DANIEL ALCIDES CARRION REGION PASCO SEGUNDA ETAPA,Contrata,Finalizado,18/10/2018 00:00:00,924143.37,GOYLLARISQUIZGA,DANIEL ALCIDES CARRION,PASCO
88923,0,0,"REHABILITACIÓN DEL SERVICIO DE TRANSITABILIDAD VEHICULAR EN LOS TRAMOS: CC.NN. SAN PEDRO CC.NN. CENTRO UNIÓN, CC.NN. CENTRO UNIÓN CC.NN. SAN JUAN DE DIOS, DISTRITO DE PUERTO BERMÚDEZ, PROVINCIA DE OXAPAMPA, REGIÓN PASCO",Contrata,Finalizado,19/10/2018 00:00:00,393962.37,OXAPAMPA,OXAPAMPA,PASCO
88905,2284965,327213,"CREACION DE CERCO PERIMETRICO DEL CEMENTERIO GENERAL DEL ANEXO DE PUMACAYAN, DISTRITO DE SAN FRANCISCO DE ASIS DE YARUSYACAN - PASCO - PASCO",Contrata,Finalizado,2/01/2019 00:00:00,478112.15,SAN FRANCISCO DE ASIS DE YARUSYACAN,PASCO,PASCO
88903,2218912,221966,"CREACION DE PISTAS Y VEREDAS DE LOS JIRONES 03 DE OCTUBRE, LIBERTAD, SHOGLISHA, CALLE DANIEL CARRION Y EL ENTORNO DEL PARQUE CENTRAL DE LA LOCALIDAD DE LOS ANGELES DISTRITO DE SAN FRANCISCO DE ASIS DE YARUSYACAN, PASCO - PASCO",Contrata,Finalizado,7/11/2018 00:00:00,876437.65,SAN FRANCISCO DE ASIS DE YARUSYACAN,PASCO,PASCO
88825,2428159,2428159,CREACIÓN DEL PUENTE VEHICULAR SOBRE EL RÍO MAYRO EN EL CENTRO POBLADO SAN CRISTOBAL DEL DISTRITO DE PALCAZU - PROVINCIA DE OXAPAMPA - PASCO,Contrata,Finalizado,21/11/2018 00:00:00,1364294.88,PALCAZU,OXAPAMPA,PASCO
88815,2428193,2428193,"CREACIÓN DEL SERVICIO DE AGUA POTABLE Y DISPOSICIÓN DE EXCRETAS EN EL SECTOR SANTA TERESA , DISTRITO DE PALCAZU - OXAPAMPA - PASCO.",Contrata,Finalizado,15/10/2018 00:00:00,243116.20,PALCAZU,OXAPAMPA,PASCO
88582,2306769,345487,"MEJORAMIENTO DE LA LOSA DEPORTIVA CON GRASS SINTETICO DE LA LOCALIDAD DE SAN PEDRO DE RACCO, DEL DISTRITO DE SIMÓN BOLÍVAR PASCO PASCO",Contrata,Finalizado,1/11/2018 00:00:00,237739.50,,PASCO,PASCO
88502,0,0,"Ejecución de Obra: CREACION DE LETRINAS Y MEJORAMIENTO DEL SISTEMA DEL AGUA POTABLE DE LA LOCALIDAD DE VISTA ALEGRE DISTRITO DE HUANCABAMBA, PROVINCIA DE OXAPAMPA REGION DE PASCO.",Contrata,Finalizado,8/10/2018 00:00:00,188508.90,HUANCABAMBA,OXAPAMPA,PASCO
88422,2337311,376309,MEJORAMIENTO DEL PONTON PEATONAL Y VEHICULAR EN EL ANEXO MARIACTINGO DISTRITO DE YANACANCHA PASCO PASCO,Contrata,Finalizado,15/10/2018 00:00:00,158663.66,YANACANCHA,PASCO,PASCO
88418,2248426,308269,"MEJORAMIENTO DEL SISTEMA DE AGUA E INSTALACIÓN DE LETRINAS EN LA COMUNIDAD CAMPESINA DE JARAPAMPA, DISTRITO DE YANACANCHA - PASCO - PASCO",Contrata,Finalizado,17/10/2018 00:00:00,581594.58,YANACANCHA,PASCO,PASCO
88322,2281102,322645,"EJECUCIÓN DE OBRA: SISTEMA DE UTILIZACIÓN DE MEDIA TENSION 22.9 KV CORRESPONDIENTE A LA OBRA CREACIÓN DE SERVICIOS TECNOLÓGICOS PARA LAS CADENAS PRODUCTIVAS DEL CAFÉ, CACAO Y FRUTAS DEL SECTOR AGROINDUSTRIAL EN LA ZONA DE SANTA LUCÍA, PROVINCIAS DE LEONCIO PRADO Y AMBO EN EL DEPARTAMENTO DE HUÁNUCO Y EN LA PROVINCIA DE OXAPAMPA EN EL DEPARTAMENTO DE PASCO - SEDE OXAPAMPA",Contrata,Finalizado,4/08/2018 00:00:00,139377.91,OXAPAMPA,OXAPAMPA,PASCO
88321,2398551,2398551,MEJORAMIENTO Y AMPLIACION DE AGUA POTABLE EN EL CENTRO POBLADO DE PITIGCHACA - DISTRITO DE SANTA ANA DE TUSI - PROVINCIA DE DANIEL ALCIDES CARRION - REGIÓN PASCO,Contrata,Finalizado,23/10/2018 00:00:00,210700.56,SANTA ANA DE TUSI,DANIEL ALCIDES CARRION,PASCO
88119,0,0,CONSTRUCCION DE LA LOSA DEPORTIVA DE ACOMAYO DEL CENTRO POBLADO DE LUCMA DEL DISTRITO DE HUACHON - PASCO - PASCO,Contrata,Sin Ejecución,"","",HUACHON,PASCO,PASCO
88027,2291109,332597,"MEJORAMIENTO DEL SERVICIO EDUCATIVO DE LA INSTITUCIÓN EDUCATIVA JARDÍN DE NIÑOS JOSE CARLOS MAREATEGUI, SECTOR 2, DISTRITO DE SIMÓN BOLÍVAR - PASCO - PASCO",Contrata,Finalizado,24/10/2018 00:00:00,849444.12,,PASCO,PASCO
88023,2320235,357278,"CREACIÓN DEL PARQUE INFANTIL EN EL CENTRO POBLADO DE SACRA FAMILIA, DISTRITO DE SIMÓN BOLÍVAR - PASCO - PASCO.",Contrata,Finalizado,25/09/2018 00:00:00,868239.28,,PASCO,PASCO
87939,2337311,376309,"MEJORAMIENTO DEL PONTÓN PEATONAL Y VEHICULAR EN EL ANEXO MARIACTINGO, DISTRITO DE YANACANCHA - PASCO - PASCO",Contrata,Finalizado,15/10/2018 00:00:00,158664.16,YANACANCHA,PASCO,PASCO
87853,2400377,2400377,MEJORAMIENTO Y AMPLIACION DE CEMENTERIO MUNICIPAL DEL DISTRITO DE NINACACA PROVINCIA DE PASCO REGION PASCO,Contrata,Finalizado,14/10/2018 00:00:00,458473.15,NINACACA,PASCO,PASCO
87819,2380785,2380785,"""RECUPERACIÓN DE LA COBERTURA FORESTAL EN LA ZONA DE INTERES HIDRICO DE LA CIUDAD DE OXAPAMPA, DISTRITO OXAPAMPA, PROVINCIA DE OXAPAMPA - PASCO""",Administración directa,Finalizado,30/09/2017 00:00:00,1198703.94,OXAPAMPA,OXAPAMPA,PASCO
87675,2308015,346578,"ELABORACIÓN DEL EXPEDIENTE TÉCNICO DENOMINADO: MEJORAMIENTO DE LA GESTION COMPETITIVA PARA EL DESARROLLO PECUARIO DE LAS COMUNIDADES CAMPESINAS, DISTRITO DE SIMÓN BOLÍVAR - PASCO - PASCO.",Contrata,Sin Ejecución,"",412020095.29,,PASCO,PASCO
87602,2378060,386795,"CREACION DE INFRAESTRUCTURA DEPORTIVA EN EL CENTRO POBLADO DE SAN GREGORIO DE HUAMANMARCA CASERIO 30 DE AGOSTO, DISTRITO DE TICLACAYAN - PASCO - PASCO",Contrata,Finalizado,13/12/2018 00:00:00,1182859.94,TICLACAYAN,PASCO,PASCO
87502,2339118,377987,"MEJORAMIENTO DEL ORNATO PUBLICO EN EL BARRIO CHIHUANHUAY, DISTRITO DE TICLACAYAN - PASCO - PASCO",Contrata,Finalizado,3/12/2018 00:00:00,274883.09,TICLACAYAN,PASCO,PASCO
87501,2248994,309636,MEJORAMIENTO DE LAS CONDICIONES DEL CAMPO DEPORTIVO DEL CENTRO POBLADO DE PUCURHUAY DISTRITO DE TICLACAYAN PASCO-PASCO,Contrata,Finalizado,23/11/2018 00:00:00,898516.07,TICLACAYAN,PASCO,PASCO
87458,2406054,2406054,CONSTRUCCION DE TECHOS DUROS EN EL ESTABLECIMIENTO DE SALUD DE PALLANCHACRA,Contrata,Finalizado,15/11/2018 00:00:00,469064.47,PALLANCHACRA,PASCO,PASCO
87396,2160677,225758,EJECUCIÓN DE SALDO DE OBRA: INSTALACIÓN Y EQUIPAMIENTO A LAS INSTITUCIONES EDUCATIVAS FOCALIZADAS DEL NIVEL INICIAL EN EL MARCO DEL PELA EN EBR- AMPLIACIÓN DE COBERTURA DE LA RED N° 2 - PASCO,Contrata,Finalizado,1/05/2019 00:00:00,8614734.82,,PASCO,PASCO
87321,2353253,384624,"CREACION DEL LOCAL DE USOS MÚLTIPLES DEL CASERÍO DE 8 DE OCTUBRE, DISTRITO DE SANTA ANA DE TUSI - DANIEL ALCIDES CARRION - PASCO",Contrata,Finalizado,28/09/2018 00:00:00,379449.65,SANTA ANA DE TUSI,DANIEL ALCIDES CARRION,PASCO
87318,2326655,363172,"MEJORAMIENTO DE LOS SERVICIOS DE EDUCACION INICIAL GOTITAS DE LAGRIMA DEL BARRIO SAN JUAN DE CHORA, DISTRITO DE SANTA ANA DE TUSI - DANIEL ALCIDES CARRION - PASCO",Contrata,Finalizado,6/08/2020 00:00:00,629398.79,SANTA ANA DE TUSI,DANIEL ALCIDES CARRION,PASCO
87317,2353315,384663,"CREACION DE LOSA DEPORTIVA CON GRASS SINTETICO EN EL CENTRO POBLADO DE ANTAPIRCA, DISTRITO DE SANTA ANA DE TUSI - DANIEL ALCIDES CARRION - PASCO.",Contrata,Sin Ejecución,"","",SANTA ANA DE TUSI,DANIEL ALCIDES CARRION,PASCO
87312,2365164,385419,"MEJORAMIENTO Y REMODELACION DE LA PLAZA PRINCIPAL DE SANTA ANA DE TUSI, DISTRITO DE SANTA ANA DE TUSI - DANIEL ALCIDES CARRION - PASCO",Contrata,Sin Ejecución,"","",SANTA ANA DE TUSI,DANIEL ALCIDES CARRION,PASCO
87278,2078007,15357,EJECUCIÓN DE SALDO DE OBRA: CONSTRUCCIÓN CAMINO VECINAL TOMACONGA - SUNEC,Contrata,Finalizado,30/05/2019 00:00:00,9715482.92,,,PASCO
87263,2380811,2380811,"AMPLIACION DE LAS CALLES SANTA ROSA, JIRON JUNIN, PASAJE LIMA Y JUNIN DE LA LOCALIDAD DE YARUSYACAN, DISTRITO DE SAN FRANCISCO DE ASIS DE YARUSYACAN, PROVINCIA DE PASCO - PASCO",Contrata,Sin Ejecución,"",305999.38,SAN FRANCISCO DE ASIS DE YARUSYACAN,PASCO,PASCO
87261,2381760,2381760,"AMPLIACIÓN MARGINAL DE LA INFRAESTRUCTURA DEL TERMINAL TERRESTRE INTER PROVINCIAL DE PASCO DEL DISTRITO DE CHAUPIMARCA, PROVINCIA PASCO - PASCO",Administración directa,Finalizado,21/02/2018 00:00:00,460308.36,CHAUPIMARCA,PASCO,PASCO
87222,2265330,317573,"MEJORAMIENTO DE VÍAS CON GRADERÍAS Y MUROS DE CONTENCION EN EL JIRÓN ARICA , DEL SECTOR I DEL AA.HH. TAHUANTINSUYO, DISTRITO CHAUPIMARCA, PROVINCIA DE PASCO - PASCO",Administración directa,Finalizado,18/06/2018 00:00:00,191369.04,CHAUPIMARCA,PASCO,PASCO
87176,2407466,2407466,"MEJORAMIENTO DEL SERVICIO DE TRANSITABILIDAD VEHICULAR Y PEATONAL DE LA AV. FRATERNIDAD CUADRA 07, JR. DOS DE MAYO CUADRA 04, PSJE SAN ANTONIO DEL BARRIO COLLANA - DISTRITO DE PAUCARTAMBO - PROVINCIA DE PASCO - DEPARTAMENTO DE PASCO",Contrata,Finalizado,24/09/2018 00:00:00,1398023.99,PAUCARTAMBO,PASCO,PASCO
87102,2377843,386651,"CREACION DEL LOCAL COMUNAL DE USOS MULTIPLES DEL BARRIO SAN JUAN DE CHORA, DISTRITO DE SANTA ANA DE TUSI - DANIEL ALCIDES CARRION - PASCO",Contrata,Sin Ejecución,"","",SANTA ANA DE TUSI,DANIEL ALCIDES CARRION,PASCO
86934,2326938,363433,"CREACION DE PARQUE INFANTIL AA.HH. JOSE CARLOS MARIATEGUI, CALLE AMAUTA SECTOR 2, DISTRITO DE SIMON BOLIVAR, PROVINCIA DE PASCO - PASCO",Contrata,Finalizado,23/05/2018 00:00:00,140043.96,SIMON BOLIVAR,PASCO,PASCO
86803,2160597,209934,AMPLIACIÓN Y MEJORAMIENTO DE LOS SERVICIOS DE AGUA POTABLE Y ALCANTARILLADO DE LAS ZONAS URBANAS DE CHURUMAZU - DISTRITO CHONTABAMBA - OXAPAMPA - PASCO,Contrata,Finalizado,19/03/2019 00:00:00,3245482.61,CHONTABAMBA,OXAPAMPA,PASCO
86659,0,0,CONSTRUCCION DEL COLISEO POLIDEPORTIVO DEL DISTRITO DE HUACHON PROVINCIA Y REGION PASCO III ETAPA.,Contrata,Sin Ejecución,"","",HUACHON,PASCO,PASCO
86530,2325635,362275,"MEJORAMIENTO RECUPERACION DE SERVICIOS EN EL PARQUE RELOJ DE CAMPANA, DISTRITO DE YANACANCHA-PASCO-PASCO",Contrata,Finalizado,7/11/2018 00:00:00,431772.42,YANACANCHA,PASCO,PASCO
86447,2308230,337987,"CREACION DE LOS SERVICIOS DE AGUA POTABLE Y SANEAMIENTO RURAL EN LOS CASERÍOS DE ANDAHUAYLA, COLQUIPUCRO, HUACHUACOCHA, LUCMAPAMPA Y MANTACOCHA, DISTRITO DE SAN PEDRO DE PILLAO - DANIEL ALCIDES CARRION - PASCO",Contrata,Finalizado,12/11/2018 00:00:00,3150805.22,SAN PEDRO DE PILLAO,DANIEL ALCIDES CARRION,PASCO
86385,0,0,"MEJORAMIENTO DEL CEMENTERIO MUNICIPAL DEL SECTOR DE CHURUMAZÚ, DISTRITO DE CHONTABAMBA, PROVINCIA DE OXAPAMPA, DEPARTAMENTO DE PASCO",Administración directa,En Ejecución,25/06/2018 00:00:00,32555.50,CHONTABAMBA,OXAPAMPA,PASCO
86270,2379690,2379690,CREACION DEL MURO DE CONTENCION EN LA LOCALIDAD DE HUICHPIN DISTRITO DE PALLANCHACRA - PASCO - PASCO,Contrata,Finalizado,15/10/2018 00:00:00,145803.61,PALLANCHACRA,PASCO,PASCO
86174,2276402,314590,"INSTALACION DEL SERVICIO DE PROTECCIÓN CONTRA INUNDACIONES EN EL SECTOR LLAMAQUIZU, MARGEN DERECHA DEL RIO LLAMAQUIZU (PROGRESIVA 0 00 0 105), DISTRITO DE OXAPAMPA, PROVINCIA DE OXAPAMPA - PASCO",Administración directa,Finalizado,19/06/2018 00:00:00,475660.56,OXAPAMPA,OXAPAMPA,PASCO
86076,2324328,361167,"MEJORAMIENTO Y AMPLIACIÓN DEL CAMINO VECINAL EMP-PE-5N (PÚELLAS)-PTA CARRETERA (ALTO PUELLAS), DISTRITO DE VILLA RICA - OXAPAMPA - PASCO",Administración directa,En Ejecución,17/01/2018 00:00:00,703974.73,VILLA RICA,OXAPAMPA,PASCO
86058,0,0,"REHABILITACIÓN DE LA CARRETERA VECINAL TRAMO PUENTE SUAREZ-LA FLORIDA-EL TUNQUI-CHURUMAZÚ-II ETAPA, DEL DISTRITO DE CHONTABAMBA, PROVINCIA DE OXAPAMPA, PASCO",Administración directa,Finalizado,22/06/2018 00:00:00,53811.77,CHONTABAMBA,OXAPAMPA,PASCO
85936,0,0,MEJORAMIENTO DE LA CRIANZA E INFRAESTRUCTURA PRODUCTIVA DE OVINOS EN LA LOCALIDAD SAN JUAN BAUTISTA DE GOYLLARISQUIZGA - DISTRITO DE GOYLLARISQUIZGA - PROVINCIA DE DANIEL ALCIDES CARRION - REGION PASCO,Administración directa,Sin Ejecución,"","",GOYLLARISQUIZGA,DANIEL ALCIDES CARRION,PASCO
85920,2321766,358728,"MEJORAMIENTO DEL SERVICIO DE TRANSITABILIDAD VEHICULAR Y PEATONAL DEL JIRÓN LOECHLE, DISTRITO DE OXAPAMPA, PROVINCIA DE OXAPAMPA - PASCO",Contrata,Finalizado,7/12/2018 00:00:00,4154029.79,OXAPAMPA,OXAPAMPA,PASCO
85867,2161451,219262,"INSTALACIÓN DEL SERVICIO DEL ALMACENAMIENTO DE AGUA EN LAS LAGUNAS HUIROCOCHA Y GOCHUCHUPAN, CON FINES DE RIEGO TECNIFICADO DE LOS LUGARES DE SEMBRIO DE SECCEPATA, ANTUCUY, YAHUAY, ISHAC Y SANTA CRUZ DEL DISTRITO DE PAUCARTAMBO, PROVINCIA DE PASCO, REGIÓN PASCO",Contrata,Sin Ejecución,"","",PAUCARTAMBO,PASCO,PASCO
85828,2337224,376231,MEJORAMIENTO Y REHABILITACIÓN DE LA CARRETERA AYARACRA- PUCARA (L19437KM),Contrata,Sin Ejecución,"","",,,PASCO
85794,2307390,346044,"AMPLIACION Y MEJORAMIENTO DEL CERCO PERIMETRICO DEL CEMENTERIO GENERAL DEL CENTRO POBLADO DE BELLAVISTA , DISTRITO DE PAUCARTAMBO - PASCO - PASCO",Contrata,Finalizado,6/09/2018 00:00:00,424136.97,PAUCARTAMBO,PASCO,PASCO
85788,2160597,209934,"AMPLIACION Y MEJORAMIENTO DE LOS SERVICIOS DE AGUA POTABLE Y ALCANTARILLADO DE LAS ZONAS URBANAS DE CHURUMAZU, DISTRITO CHONTABAMBA - OXPAMPA",Contrata,Sin Ejecución,"","",CHONTABAMBA,OXAPAMPA,PASCO
85763,2401219,289652,"MEJORAMIENTO DEL SERVICIO DE EDUCACION PRIMARIA DE LA I.E. 34632, SECTOR SAN JUAN DE CHEMILLEN, DISTRITO DE PALCAZU - OXAPAMPA - PASCO",Contrata,Finalizado,10/09/2018 00:00:00,260719.13,PALCAZU,OXAPAMPA,PASCO
85714,2240781,278857,"CREACIÓN DE PISTAS, VEREDAS Y GRADERÍAS DEL PASAJE UNANUE CUADRAS 1 Y 2 DEL BARRIO DE HUALGAYGAGA, DISTRITO DE HUAYLLAY - PASCO - PASCO",Contrata,Sin Ejecución,"",986972.08,HUAYLLAY,PASCO,PASCO
85711,2240087,275642,"CONSTRUCCIÓN DE PISTAS Y VEREDAS DEL JR. YANGAS DE LA LOCALIDAD DE HUAYLLAY, DISTRITO DE HUAYLLAY - PASCO - PASCO",Contrata,Sin Ejecución,"",773131.47,HUAYLLAY,PASCO,PASCO
85710,2379692,2379692,"AMPLIACIÓN DEL SISTEMA DE AGUA POTABLE, ALCANTARILLADO Y TRATAMIENTO DE AGUAS RESIDUALES EN EL CASERÍO LA HUECA DISTRITO DE HUAYLLAY - PROVINCIA Y REGIÓN - PASCO",Contrata,Sin Ejecución,"",613424.29,HUAYLLAY,PASCO,PASCO
85707,2403716,2403716,CREACION DE TROCHA CARROZABLE ALLALLAN ¿ CHAQUICOCHA DE LA LOCALIDAD DE PAUCARTAMBO - DISTRITO DE PAUCARTAMBO - PROVINCIA DE PASCO - REGIÓN PASCO,Contrata,Finalizado,3/09/2018 00:00:00,514364.62,PAUCARTAMBO,PASCO,PASCO
85705,2375298,2375298,CREACIÓN DE LA LOZA DEPORTIVA EN EL CASERÍO LA CRUZADA DEL DISTRITO DE HUAYLLAY - PROVINCIA DE PASCO - REGION PASCO,Contrata,Sin Ejecución,"",222948.61,HUAYLLAY,PASCO,PASCO
85703,2403052,2403052,CREACIÓN DE LA LOSA DEPORTIVA DEL BARRIO DE SAN CRISTOBAL - DISTRITO DE HUAYLLAY - PROVINCIA DE PASCO - REGIÓN PASCO,Contrata,Sin Ejecución,"",166332.54,HUAYLLAY,PASCO,PASCO
85696,2406824,2406824,MEJORAMIENTO DEL SERVICIO DE TRANSITABILIDAD VEHICULAR Y PEATONAL DE LA CALLE PRINCIPAL DEL ANEXO DE TAMBILLO DEL CENTRO POBLADO DE HUALLAMAYO - DISTRITO DE PAUCARTAMBO - PROVINCIA DE PASCO - DEPARTAMENTO DE PASCO,Contrata,Finalizado,3/09/2018 00:00:00,528128.11,PAUCARTAMBO,PASCO,PASCO
85694,2374978,2374978,"CREACIÓN DE PISTAS Y VEREDAS DEL JR. ALFONSO UGARTE DE LA LOCALIDAD DE HUAYLLAY, DISTRITO DE HUAYLLAY - PROVINCIA DE PASCO - REGIÓN PASCO",Contrata,Sin Ejecución,"",129116.46,HUAYLLAY,PASCO,PASCO
85692,2375072,2375072,"CREACIÓN DE PISTAS Y VEREDAS DEL INGRESO A LA PNP, BARRIO HUALGAYGAGA, DISTRITO DE HUAYLLAY - PROVINCIA DE PASCO - REGIÓN PASCO",Contrata,Sin Ejecución,"",310568.56,HUAYLLAY,PASCO,PASCO
85515,2375790,2375790,CREACION DE UN ESPACIO DEPORTIVO DE GRASS SINTETICO EN LA LOCALIDAD DE CHANGO DEL DISTRITO DE CHACAYAN - PROVINCIA DE DANIEL ALCIDES CARRION - DEPARTAMENTO DE PASCO,Contrata,En Ejecución,1/10/2018 00:00:00,105742.86,CHACAYAN,DANIEL ALCIDES CARRION,PASCO
85412,2300228,332768,"MEJORAMIENTO Y AMPLIACION DE LOS SERVICIOS DE SALUD DE SEGUNDO NIVEL DE COMPLEJIDAD 1-3 DEL CC.PP. DE PARAGSHA, DISTRITO DE SIMON BOLIVAR - PASCO - PASCO.",Contrata,Finalizado,22/09/2018 00:00:00,4835510.34,SIMON BOLIVAR,PASCO,PASCO
85151,2319502,356441,"INSTALACIÓN DE LOSA DE RECREACIÓN MULTIUSOS EN EL CENTRO POBLADO ACOBAMBA, SECTOR 1, DISTRITO DE HUARIACA-PASCO-PASCO",Administración directa,Finalizado,14/06/2018 00:00:00,527281.48,HUARIACA,PASCO,PASCO
85142,2414835,2414835,MEJORAMIENTO DE LAS CONDICIONES DEL CAMPO DEPORTIVO EN EL CENTRO POBLADO DE JUNIPALCA - DISTRITO DE SAN FRANCISCO DE ASIS DE YARUSYACAN - PROVINCIA DE,Contrata,Finalizado,8/12/2018 00:00:00,4196078.61,SAN FRANCISCO DE ASIS DE YARUSYACAN,PASCO,PASCO
85116,2320843,357876,"AMPLIACION Y MEJORAMIENTO DE LOS SERVICIOS EDUCATIVOS DE LA INSTITUCIÓN EDUCATIVA PRIMAVERA DE LA LOCALIDAD DE YANAHUANCA, DISTRITO DE YANAHUANCA, PROVINCIA DANIEL ALCIDES CARRION - PASCO",Contrata,Finalizado,28/12/2019 00:00:00,1958014.21,YANAHUANCA,DANIEL ALCIDES CARRION,PASCO
85045,2211489,197110,"MEJORAMIENTO DE LA OFERTA DE SERVICIOS EDUCATIVOS DE LA I.E. 35001 CIPRIANO PROAÑO DE NIVEL INICIAL Y PRIMARIA DISTRITO DE CHAUPIMARCA, PROVINCIA DE PASCO - PASCO",Contrata,Finalizado,26/01/2018 00:00:00,3963274.04,CHAUPIMARCA,PASCO,PASCO
84936,2231520,230982,"MEJORAMIENTO DEL PUENTE USHUN DEL CENTRO POBLADO DE LUCMA, DISTRITO DE HUACHON, PROVINCIA PASCO, REGION PASCO",Contrata,Finalizado,11/12/2019 00:00:00,6537074.64,HUACHON,PASCO,PASCO
84852,2313092,350215,MEJORAMIENTO Y AMPLIACIÓN DEL SISTEMA DE AGUA Y DESAGÜE DE LOS 5 BARRIOS DE LA LOCALIDAD DE CAJAMARQUILLA - DISTRITO DE YANACANCHA - PASCO,Administración directa,En Ejecución,1/12/2021 00:00:00,4546130.98,YANACANCHA,PASCO,PASCO
84836,2387825,2387825,"MEJORAMIENTO Y AMPLIACION DE LA PRESTACION DE SERVICIO DE LA MUNICIPALIDAD DISTRITAL DE HUAYLLAY, PASCO - PASCO",Contrata,Sin Ejecución,"",345826.86,HUAYLLAY,PASCO,PASCO
84788,2234833,247295,"MEJORAMIENTO Y AMPLIACIÓN DE LOS SERVICIOS DE LOS CETPROS NO ATENDIDOS EN LOS DISTRITOS DE SIMÓN BOLÍVAR, TICLACAYAN, NINACACA, TINYAHUARCO, HUACHÓN, HUARIACA, YANACANCHA Y HUAYLLAY - PROVINCIA PASCO - REGIÓN PASCO",Contrata,Sin Ejecución,"","",YANACANCHA,PASCO,PASCO
84779,2399772,2399772,"EJECUCION DE LA OBRA: CONSTRUCCIÓN DE MURO EN LA LOCALIDAD DE TAPUC, DANIEL ALCIDES CARRION - PASCO",Contrata,Sin Ejecución,"",184402.26,TAPUC,DANIEL ALCIDES CARRION,PASCO
84761,0,0,"CONSTRUCCIÓN DEL COLISEO POLIDEPORTIVO EN EL CENTRO POBLADO DE QUIPARACRA, DISTRITO DE HUACHON, PROVINCIA Y REGIÓN PASO III ETAPA.",Contrata,Sin Ejecución,"","",HUACHON,PASCO,PASCO
84683,2380892,2380892,CREACION DEL LOCAL DE USOS MULTIPLES DE LA COMUNIDAD CAMPESINA DE JURAUNIYOC DISTRITO DE SAN FRANCISCO DE ASIS DE YARUSYACAN,Contrata,Finalizado,28/11/2023 00:00:00,1225263.78,SAN FRANCISCO DE ASIS DE YARUSYACAN,PASCO,PASCO
84681,2414835,2414835,MEJORAMIENTO DE LAS CONDICIONES DEL CAMPO DEPORTIVO EN EL CENTRO POBLADO DE JUNIPALCA - DISTRITO DE SAN FRANCISCO DE ASIS DE YARUSYACAN - PROVINCIA DE PASCO - DEPARTAMENTO DE PASCO,Contrata,Finalizado,19/07/2018 00:00:00,4196078.61,SAN FRANCISCO DE ASIS DE YARUSYACAN,PASCO,PASCO
84671,2371258,2371258,CREACION DEL CERCO PERIMETRICO DEL ESTADIO MUNICIPAL DE LA LOCALIDAD DE CHANGO DEL DISTRITO DE CHACAYAN - PROVINCIA DE DANIEL ALCIDES CARRION - DEPARTAMENTO DE PASCO,Contrata,Finalizado,24/08/2018 00:00:00,155667.25,CHACAYAN,DANIEL ALCIDES CARRION,PASCO
84586,2320634,357679,"CREACION DE TROCHA CARROZABLE AUQUIMARCA A CHINCHE DEL CENTRO POBLADO DE AUQUIMARCA DEL, DISTRITO DE PAUCARTAMBO - PASCO - PASCO",Contrata,Finalizado,16/10/2018 00:00:00,6942126.09,PAUCARTAMBO,PASCO,PASCO
84567,2297261,340673,"MEJORAMIENTO DE LAS CALLES LAS AZUCENAS, LAS AMAPOLAS, LAS VIOLETAS, (SECTOR 3) LAS ACACIAS, LOS GLADIOLOS TAMBO (SECTOR 5) DE LA LOCALIDAD DE HUANCABAMBA DISTRITO DE HUANCABAMBA OXAPAMPA PASCO",Contrata,Finalizado,18/12/2018 00:00:00,2722652.81,HUANCABAMBA,OXAPAMPA,PASCO
84347,2403597,2403597,"CREACION DEL MERCADO MODELO EN LA LOCALIDAD DE CONSTITUCION - DISTRITO DE CONSTITUCION - OXAPAMPA - PASCO, PRIMERA ETAPA",Administración directa,Finalizado,1/10/2018 00:00:00,1902500.92,CONSTITUCION,OXAPAMPA,PASCO
84342,2308413,346930,INSTALACION DE LA LOSA RECREACION MULTIUSOS DE LA LOCALIDAD DE HUANCABAMBA DISTRITO DE HUANCABAMBA PROVINCIA DE OXAPAMPA REGION DE PASCO,Contrata,Finalizado,22/08/2018 00:00:00,415052.36,HUANCABAMBA,OXAPAMPA,PASCO
83922,2384827,2384827,"MEJORAMIENTO DE LOS SERVICIOS DE TRANSITABILIDAD PEATONAL Y VEHICULAR DEL JR. EULOGIO FERNANDINI, JR. TACNA, JR. AZANGARO, PSJE. AZANGARO, PSJE. N°1, JR. LIMA, JR. TEOFILO MORALES JANAMPA, JR. LOS ANGELES, JR. DESAMPARADOS, Y JR. GRAU DE LA COMUNIDAD CAMPESINA DE HUARAUCACA, DISTRITO DE TINYAHUARCO, PROVINCIA DE PASCO - REGION PASCO - I ETAPA",Contrata,Finalizado,17/07/2018 00:00:00,693914.81,TINYAHUARCO,PASCO,PASCO
83875,2340105,2340105,MEJORAMIENTO DE LOSA MULTIDEPORTIVA EN LA LOCALIDAD DE COYAS - DISTRITO DE YANAHUANCA - PROVINCIA DE DANIEL ALCIDES CARRION - DEPARTAMENTO PASCO,Administración directa,Finalizado,28/05/2018 00:00:00,313490.54,YANAHUANCA,DANIEL ALCIDES CARRION,PASCO
83868,2324389,361224,"CREACIÓN DE PISTAS, VEREDAS Y ESCALINATAS EN LOS PASAJES DE LA JUNTA VECINAL TUPAC AMARU DE A LOCALIDAD DE YANAHUANCA, DISTRITO DE YANAHUANCA, PROVINCIA DANIEL ALCIDES CARRION PASCO",Administración directa,Finalizado,10/11/2017 00:00:00,386409.64,YANAHUANCA,DANIEL ALCIDES CARRION,PASCO
83856,2334237,373399,AMPLIACION Y MEJORAMIENTO DE LOS SERVICIOS DE EDUCACION INICIAL RICARDO PALMA DISTRITO DE PAUCAR PROVINCIA DANIEL ALCIDES CARRION DEPARTAMENTO DE PASCO,Contrata,Sin Ejecución,"","",PAUCAR,DANIEL ALCIDES CARRION,PASCO
83855,2337562,376518,"MEJORAMIENTO DEL SERVICIO DE TRANSITABILIDAD DEL PUENTE VEHICULAR VILLO CENTRO POBLADO SANTISIMA TRINIDAD DE VILLO, DISTRITO DE YANAHUANCA PROVINCIA DANIEL ALCIDES CARRION DEPERTAMENTO DE PASCO",Contrata,Sin Ejecución,"","",YANAHUANCA,DANIEL ALCIDES CARRION,PASCO
83854,2336369,375412,MEJORAMIENTO DE LOS SERVICIOS EDUCATIVOS DE LA ESPECIALIDAD DE MECÁNICA AUTOMOTRIZ Y COMPUTACIÓN INFORMÁTICA DEL INSTITUTO TECNOLÓGICO DANIEL ALCIDES CARRION DEL DISTRITO DE YANAHUANCA PROVINCIA DANIEL ALCIDES CARRION DEPARTAMENTO PASCO,Contrata,Sin Ejecución,"",3470835.26,YANAHUANCA,DANIEL ALCIDES CARRION,PASCO
83853,2329118,365454,MEJORAMIENTO DE LOS SERVICIOS DE PROTECCION CONTRA INUNDACIONES DEL RIO HUARAUTAMBO MARGEN IZQUIERDA EN EL CENTRO POBLADO DE HUARAUTAMBO DISTRITO DE YANAHUANCA PROVINCIA DANIEL ALCIDES CARRION DEPARTAMENTO PASCO,Contrata,Finalizado,3/05/2023 00:00:00,"",YANAHUANCA,DANIEL ALCIDES CARRION,PASCO
83851,2290989,332482,"CREACIÓN DE ESCALINATAS EN EL BARRIO CARRION DE LA LOCALIDAD DE YANAHUANCA, DISTRITO DE YANAHUANCA, PROVINCIA DANIEL ALCIDES CARRION - PASCO",Administración directa,Finalizado,28/06/2018 00:00:00,264459.53,YANAHUANCA,DANIEL ALCIDES CARRION,PASCO
83720,2313739,351359,"CREACION DE ESPACIO DEPORTIVO EN EL CENTRO POBLADO DE COCHACHARAO, DISTRITO DE SAN FRANCISCO DE ASIS DE YARUSYACAN - PASCO - PASCO",Contrata,Finalizado,6/08/2018 00:00:00,1758246.52,SAN FRANCISCO DE ASIS DE YARUSYACAN,PASCO,PASCO
83719,2103616,112961,"EJECUCIÓN DE SALDO DE OBRA: MEJORAMIENTO DEL SISTEMA DE AGUA Y CONSTRUCCIÓN DEL SISTEMA DE DESAGUE EN EL CENTRO POBLADO DE TAMBOPAMPA - DISTRITO DE YANACANCHA, PROVINCIA DE DANIEL ALCIDES CARRIÓN - PASCO",Contrata,Finalizado,11/04/2018 00:00:00,671372.66,YANACANCHA,PASCO,PASCO
83716,2375562,385850,"CREACION DEL LOCAL DE USOS MÚLTIPLES EN EL CASERÍO DE SANTA ROSA DE UCRO, DISTRITO DE SANTA ANA DE TUSI - DANIEL ALCIDES CARRION - PASCO",Contrata,Sin Ejecución,"","",SANTA ANA DE TUSI,DANIEL ALCIDES CARRION,PASCO
83639,2223552,215411,"MEJORAMIENTO DE LOS SERVICIOS EDUCATIVOS EN LA I.E. 34003 TUPAC AMARU DEL NIVEL INICIAL Y PRIMARIA DEL AA.HH TUPAC AMARU SECTOR 2 DEL DISTRITO DE CHAUPIMARCA, PROVINCIA DE PASCO-PASCO",Administración directa,Finalizado,22/12/2017 00:00:00,3066796.52,CHAUPIMARCA,PASCO,PASCO
83597,2403311,2403311,MEJORAMIENTO DEL SERVICIO DE GESTIÓN AMBIENTAL DE LOS RESIDUOS SOLIDO DEL DISTRITO DE PALLANCHACRA PASCO,Contrata,Finalizado,1/10/2018 00:00:00,256933.86,PALLANCHACRA,PASCO,PASCO
83512,2304075,342987,INSTALACION DEL SISTEMA DE AGUA POTABLE Y SANEAMIENTO DE LA COMUNIDAD NATIVA BAJO SAN LUIS CHINCHIHUANI EN EL DISTRITO DE CONSTITUCION - OXAPAMPA - PASCO,Contrata,Finalizado,30/06/2018 00:00:00,782163.67,CONSTITUCION,OXAPAMPA,PASCO
83443,2335592,374669,"MEJORAMIENTO DEL CAMINO VECINAL TRAMO : ORELLANA - SHANSHUYA, DISTRITO DE CONSTITUCION - OXAPAMPA - PASCO",Contrata,Finalizado,5/07/2018 00:00:00,486144.66,CONSTITUCION,OXAPAMPA,PASCO
83398,2161466,119336,"MEJORAMIENTO DEL SERVICIO DE EDUCACIÓN SECUNDARIA EN LA I.E. BERNARDO CHACÓN TELLO ASTOBAMBA - HUARAUTAMBO DEL DISTRITO DE YANAHUANCA, PROVINCIA DANIEL ALCIDES CARRIÓN - PASCO",Contrata,Sin Ejecución,"","",YANAHUANCA,PASCO,PASCO
83293,0,0,EJECUCION DE OBRA CREACION DE LETRINAS Y MEJORAMIENTO DEL SISTEMA DE AGUA POTABLE DE LA LOCALIDAD DE AGUA SALADA Y TUNQUI DEL DISTRITO DE HUANCABAMBA PROVINCIA DE OXAPAMPA REGION DE PASCO,Contrata,Finalizado,18/06/2018 00:00:00,393550.54,HUANCABAMBA,OXAPAMPA,PASCO
83219,2375100,2375100,MEJORAMIENTO DEL SISTEMA DEL AGUA ALCANTARILLADO Y PLANTA DE TRATAMIENTO DE AGUAS RESIDUALES EN LA LOCALIDAD DE CANCHACUCHO DISTRITO DE HUAYLLAY - PROVINCIA DE PASCO - REGION PASCO,Contrata,Sin Ejecución,"",4117432.13,HUAYLLAY,PASCO,PASCO
83202,2173514,232269,MEJORAMIENTO Y AMPLIACIÓN DE LA CAPACIDAD TÉCNICA OPERATIVA ACUICOLA DE LA DIRECCIÓN REGIONAL DE PRODUCCIÓN PASCO,Contrata,Finalizado,10/08/2018 00:00:00,11162948.26,,PASCO,PASCO
83116,2081431,84935,CONSTRUCCIÓN DE LA PLANTA DE REAPROVECHAMIENTO DE RESIDUOS SÓLIDOS ORGÁNICOS E INORGÁNICOS EN EL RELLENO SANITARIO UBICADO EN LA CIUDAD DE OXAPAMPA,Contrata,Finalizado,21/08/2018 00:00:00,384285.84,OXAPAMPA,OXAPAMPA,PASCO
82996,2179706,261663,"AMPLIACION Y MEJORAMIENTO DEL LOCAL DE USOS MULTIPLES MUNICIPALES EN EL CENTRO POBLADO SAN ANTONIO DE MALAUCHACA, DISTRITO DE TICLACAYAN-PASCO-PASCO",Contrata,Finalizado,3/07/2018 00:00:00,1038847.40,TICLACAYAN,PASCO,PASCO
82802,2352012,383756,"MEJORAMIENTO DEL CAMPO DEPORTIVO EN EL CENTRO POBLADO DE COCHACHARAO, DISTRITO DE SAN FRANCISCO DE ASIS DE YARUSYACAN - PASCO - PASCO",Contrata,Finalizado,13/08/2018 00:00:00,322836.10,SAN FRANCISCO DE ASIS DE YARUSYACAN,PASCO,PASCO
82671,2310120,337207,"MEJORAMIENTO DEL SISTEMA DE AGUA POTABLE Y AGUAS SERVIDAS EN EL CENTRO POBLADO DE PUERTO MAYRO, DISTRITO DE PALCAZU, PROVINCIA DE OXAPAMPA- REGIÓN PASCO.",Contrata,Finalizado,12/11/2018 00:00:00,5045649.71,PALCAZU,OXAPAMPA,PASCO
82602,2336408,375449,"CREACION DEL CAMINO VECINAL DESVIO KM 5-780 MARGEN DERECHA DE LA CC.NN. DE CAHUAPANAS A CAHUAPANAS II, DISTRITO DE CONSTITUCION - OXAPAMPA - PASCO.",Contrata,Finalizado,14/06/2018 00:00:00,434775.69,CONSTITUCION,OXAPAMPA,PASCO
82578,2370893,2370893,MEJORAMIENTO Y AMPLIACIÓN DE LOS SERVICIOS DEPORTIVOS CON GRAS SINTÉTICO DE LA LOSA DEPORTIVA DE LA LOCALIDAD LA COLONIA DEL CENTRO POBLADO DE POZUZO - DISTRITO DE POZUZO - PROVINCIA DE OXAPAMPA - REGIÓN PASCO,Contrata,Finalizado,21/05/2018 00:00:00,407718.70,POZUZO,OXAPAMPA,PASCO
82517,2340847,379625,"RECUPERACION Y PROTECCION DEL ECOSISTEMA DEGRADADO EN LA ZONA DE ÑAGAZU SECTOR I, DISTRITO DE VILLA RICA, PROVINCIA DE OXAPAMPA, PASCO",Administración directa,Finalizado,21/07/2017 00:00:00,1044427.32,VILLA RICA,OXAPAMPA,PASCO
82507,2029684,4743,EJECUCIÓN DE SALDO DE OBRA: MEJORAMIENTO DE LA CARRETERA YANAHUANCA - CERRO DE PASCO - MULTIPROVINCIAL - REGIÓN PASCO,Contrata,Finalizado,9/10/2018 00:00:00,17423814.95,YANAHUANCA,PASCO,PASCO
82483,0,0,DESCOLMATACIÓN Y ENROCADO DEL RÍO CHONTABAMBA ALTURA DEL PUENTE CIRCUNVALACIÓN DEL DISTRITO DE CHONTABAMBA-OXAPAMPA-PASCO,Administración directa,Finalizado,15/06/2018 00:00:00,47079.97,CHONTABAMBA,OXAPAMPA,PASCO
82479,0,0,REHABILITACIÓN DEL PUENTE COLGANTE PEATONAL SAN LUIS-TSACHOPEN DEL DISTRITO DE CHONTABAMBA-OXAPAMPA-PASCO,Administración directa,Finalizado,5/04/2018 00:00:00,21589.18,CHONTABAMBA,OXAPAMPA,PASCO
82454,0,0,"REHABILITACIÓN DE LA CARRETERA VECINAL TRAMO PUENTE SUAREZ-LA FLORIDA-EL TUNQUI-CHURUMAZÚ-I ETAPA, DISTRITO DE CHONTABAMBA-OXAPAMPA-PASCO",Administración directa,Finalizado,12/03/2018 00:00:00,55428.07,CHONTABAMBA,OXAPAMPA,PASCO
82379,2238077,266940,"MEJORAMIENTO DE LA OFERTA DEL SERVICIO EDUCATIVO DE LAS I.E.: N° 34183 POCOC, N° 34482 ANDAHUAYLA, S.S.D.M. N° 34680 MANTACOCHA, COLQUIPUCRO, DISTRITO DE SAN PEDRO DE PILLAO- DANIEL ALCIDES CARRION - PASCO",Contrata,Finalizado,26/06/2018 00:00:00,3541647.22,SAN PEDRO DE PILLAO,DANIEL ALCIDES CARRION,PASCO
82206,2223431,236539,"MEJORAMIENTO DE LOS SERVICIOS EDUCATIVOS DE LA I.E. N 34126 DE SAN JUAN BAÑOS DE RABI DISTRITO DE YANAHUANCA, PROVINCIA DE DANIEL ALCIDES CARRION - PASCO",Contrata,Sin Ejecución,"",450060,YANAHUANCA,DANIEL ALCIDES CARRION,PASCO
82204,2160473,113925,INSTALACION DEL SERVICIO DE AGUA PARA RIEGO EN LA LOCALIDAD DE TAMBOPAMPA DISTRITO YANAHUANCA PROVINCIA DANIEL CARRION REGION PASCO,Contrata,Finalizado,25/06/2018 00:00:00,1235812.83,YANAHUANCA,PASCO,PASCO
82139,0,0,"MEJORAMIENTO DE LOS SERVICIOS DE TRANSITABILIDAD VEHICULAR Y PEATONAL EN LA AV. PROGRESO DEL C.P. QUIULACOCHA, DISTRITO DE SIMON BOLIVAR - PASCO - PASCO",Contrata,Sin Ejecución,"","",SIMON BOLIVAR,PASCO,PASCO
82138,2310825,332783,"MEJORAMIENTO DEL CAMINO VECINAL TRAMO QUIULACOCHA, SACRA FAMILIA, SAN PEDRO DE RACCO, UCRUCANCHA, LAGUNA PUN RUN, DISTRITO DE SIMON BOLIVAR - PASCO - PASCO",Contrata,Sin Ejecución,"",18140887.57,SIMON BOLIVAR,PASCO,PASCO
82137,0,0,"MEJORAMIENTO DEL SERVICIO EDUCATIVO DEL NIVEL INICIAL, PRIMARIO Y SECUNDARIO DE LA INSTITUCION EDUCATIVA INTEGRAL SAN ANDRES Nro 31744, PARAGSHA - DISTRITO DE SIMON BOLIVAR - PASCO - PASCO",Contrata,Sin Ejecución,"","",SIMON BOLIVAR,PASCO,PASCO
82136,2322052,358999,"MEJORAMIENTO DE LOS SERVICIOS DE TRANSITABILIDAD VEHICULAR Y PEATONAL EN EL PSJE. SANTA ANA, PSJE. SAN MARTIN, JR. LAS PERLAS, CALLE REAL, PSJE DORA MAYER, PSJE VILLA MINERA, PSJE. SAN FRANCISCO DE ASIS DEL AA. HH. JOSE CARLOS MARIATEGUI, DISTRITO DE SIMON BOLIVAR - PASCO - PASCO",Contrata,Sin Ejecución,"",3876753.15,SIMON BOLIVAR,PASCO,PASCO
82135,2324842,361575,"MEJORAMIENTO DEL SERVICIO EDUCATIVO DEL NIVEL SECUNDARIO DE LA INSTITUCION EDUCATIVA EL AMAUTA DEL AA. HH. JOSE CARLOS MARIATEGUI SECTOR 2, DISTRITO DE SIMON BOLIVAR - PASCO - PASCO",Contrata,Sin Ejecución,"",4562210,SIMON BOLIVAR,PASCO,PASCO
82126,2159547,138420,"AMPLIACIÓN DEL SISTEMA DE RIEGO ALGAPA - CLUSMAN, DEL DISTRITO DE VILCABAMBA, PROVINCIA DE DANIEL ALCIDES CARRION - PASCO",Contrata,Finalizado,21/08/2019 00:00:00,3019438.63,VILCABAMBA,DANIEL ALCIDES CARRION,PASCO
82078,2376855,386217,"creacion del centro cultural y deportivo con grass sintetico tusi, distrito de santa ana de tusi - daniel alcides carrion - pasco",Contrata,Sin Ejecución,"",2525693.88,SANTA ANA DE TUSI,DANIEL ALCIDES CARRION,PASCO
81859,2226964,219283,"AMPLIACION DE LA CAPACIDAD DE LOS SERVICIOS EDUCATIVOS DE LOS LABORATORIOS Y TALLERES DE PRACTICA DE LAS CARRERAS DE ENFERMERIA TECNICA, TECNICA EN FARMACIA Y GUIA OFICIAL DE TURISMO DEL INSTITUTO DE EDUCACION SUPERIOR TECNOLOGICO PUBLICO PASCO",Contrata,Finalizado,28/08/2018 00:00:00,3832489.33,,PASCO,PASCO
81680,2200959,198268,"INSTALACIÓN DE LA DEFENSA RIBEREÑA EN EL RÍO PAUCARTAMBO DEL CENTRO POBLADO DE HUALLAMAYO, DISTRITO DE PAUCARTAMBO - PASCO -PASCO. TRAMO 03 - III ETAPA: TRAMO III CONSTRUCCION DE MURO DE CONCRETO CICLOPEO (104.19 ML)-2017",Administración directa,Finalizado,11/10/2017 00:00:00,1530112.36,PAUCARTAMBO,PASCO,PASCO
81626,2316009,353283,"MEJORAMIENTO DE CAPACIDADES DE LOS PRODUCTORES DE CULTIVOS PREDOMINANTES EN LAS MICROCUENCAS DE CACAZU, BOCAZ, PUENTE PAUCARTAMBO, ENEÑAS, VILLA RICA EN EL MANEJO DE SISTEMAS AGROFORESTALES, DISTRITO DE VILLA RICA - OXAPAMPA - PASCO",Administración directa,Finalizado,11/04/2018 00:00:00,1170828,VILLA RICA,OXAPAMPA,PASCO
81591,2194033,279710,"AMPLIACIÓN Y MEJORAMIENTO DE LA CAPACIDAD RESOLUTIVA DEL PUESTO DE SALUD NIVEL I-3 CHINCHE TINGO, LOCALIDAD DE CHINCHE TINGO DE YANAHUANCA, PROVINCIA DE DANIEL ALCIDES CARRION - PASCO",Contrata,Sin Ejecución,"",90745.32,YANAHUANCA,DANIEL ALCIDES CARRION,PASCO
81568,2166996,49905,CONSTRUCCIÓN Y MEJORAMIENTO DE LOS SISTEMAS DE AGUA POTABLE Y DESAGÜE DE PUERTO BERMUDEZ,Contrata,Finalizado,13/05/2019 00:00:00,36176213.63,PUERTO BERMUDEZ,OXAPAMPA,PASCO
81503,0,0,"REHABILITACIÓN DE LOS CAMINOS VECINALES DE LOS SECTORES DE EL TINGO, DOS DE MAYO, CHURUMAZÚ, SAN JOSÉ Y SAN CARLOS DEL DISTRITO DE CHONTABAMBA, PROVINCIA DE OXAPAMPA, PASCO",Administración directa,Finalizado,20/02/2018 00:00:00,36561.65,CHONTABAMBA,OXAPAMPA,PASCO
81410,2379909,2379909,CREACIÓN DEL CERCO PERIMETRICO DE LA PLANATA DE TRATAMIENTO DE AGUAS DE VISTA ALEGRE Y DE LOS RESERVORIOS DE LA LOCALIDAD DE HUAYLLAY DISTRITO DE HUAYLLAY PASCO - PASCO,Contrata,Sin Ejecución,"",509459.68,HUAYLLAY,PASCO,PASCO
81408,2379929,2379929,CREACIÓN Y AMPLIACIÓN DEL SISTEMA DE AGUA POTABLE DEL BARRIO 14 DE SETIEMBRE DEL DISTRITO DE HUAYLLAY - PROVINCIA Y REGIÓN - PASCO,Contrata,Sin Ejecución,"",478105.15,HUAYLLAY,PASCO,PASCO
81353,2399225,2399225,CREACION DE DEFENSA RIBEREÑA EN EL TRAMO DE LA PROLONGACIÓN C.A. CUZCO BARRIO ARENALES DISTRITO DE HUAYLLAY - PROVINCIA DE PASCO - REGIÓN PASCO,Contrata,Finalizado,26/04/2018 00:00:00,153737.57,HUAYLLAY,PASCO,PASCO
81351,2399804,2399804,MEJORAMIENTO E INSTALACIÓN DEL DESAGUE PLUVIAL ENTRE LOS JIRONES JUNÍN Y JAUJA DISTRITO DE HUAYLLAY - PROVINCIA DE PASCO - REGIÓN PASCO,Contrata,En Ejecución,2/05/2018 00:00:00,179961.39,HUAYLLAY,PASCO,PASCO
81314,2138456,156514,"EJECUCIÓN DE SALDO DE OBRA: CONSTRUCCIÓN DEL CAMINO RURAL PUENTE SAN ANTONIO - SAN MIGUEL - OSOMAYO, DISTRITO DE POZUZO, PROVINCIA DE OXAPAMPA - PASCO",Contrata,Finalizado,17/07/2018 00:00:00,5608662.98,POZUZO,OXAPAMPA,PASCO
81243,2336953,375954,"MEJORAMIENTO DEL SERVICIO DE TRANSITABILIDAD VEHICULAR Y PEATONAL EN EL JR. MICAELA BASTIDAS CUADRA 1, JR. RAMON CASTILLA CUADRA 3, JR. TOMAS CAMPOS, PSJE. JUAN PABLO II, PSJE. COLON, PSJE. 03, PSJE. 06, PSJE. 07, PSJE. 08, PSJE. 09, PSJE. 10, PSJE. 11 Y PSJE. 12 DE LA LOCALIDAD DE PAUCARTAMBO, DISTRITO DE PAUCARTAMBO - PASCO - PASCO",Contrata,Finalizado,8/04/2018 00:00:00,1769703.22,PAUCARTAMBO,PASCO,PASCO
81145,2400043,2400043,CREACIÓN DE TROCHA CARROZABLE PUENTE CHINCHAY - HATUNRAGRA MICHIVILCA DEL DISTRITO DE TAPUC - PROVINCIA DE DANIEL ALCAIDES CARRION - REGIÓN PASCO,Contrata,Sin Ejecución,"",226825.62,TAPUC,PASCO,PASCO
81118,2294225,336048,CREACION DE PISTAS Y VEREDAS EN LA CALLE HUANCAPUCRO DEL DISTRITO DE TICLACAYAN -PASCO-PASCO,Contrata,Finalizado,3/07/2018 00:00:00,662739.60,TICLACAYAN,PASCO,PASCO
80623,2283105,325407,"MEJORAMIENTO Y AMPLIACION DEL SERVICIO DE SEGURIDAD CIUDADANA EN EL DISTRITO DE CHAUPIMARCA, PROVINCIA DE PASCO-PASCO",Contrata,Finalizado,13/07/2018 00:00:00,3777045.60,CHAUPIMARCA,PASCO,PASCO
80556,2173361,252036,"EJECUCIÓN DE SALDO DE OBRA: MEJORAMIENTO DE LA CARRETERA TRAMO RÍO BLANCO - LANCARI Y CONSTRUCCIÓN DE LA CARRETERA TRAMO LANCARI - JATUNCHAGUA, DE LOS DISTRITOS DE HUAYLLAY, VICCO, TINYAHUARCO, SIMÓN BOLÍVAR, PROVINCIA Y REGIÓN DE PASCO, DISTRITO DE VICCO - PASCO - PASCO",Contrata,Finalizado,23/11/2017 00:00:00,3636352.97,VICCO,PASCO,PASCO
80248,2175497,251898,"MEJORAMIENTO DE LOS SERVICIOS EDUCATIVOS DE LA I.E. JOSE GALVEZ BARRENECHEA, DISTRITO DE HUACHON, PROVINCIA DE PASCO - PASCO",Contrata,Sin Ejecución,"","",HUACHON,PASCO,PASCO
80233,2397749,2397749,CREACION DE LOS DEPORTIVA DE GRASS SINTETICO EN EL AA. HH. BUENOS AIRES - DISTRITO DE SIMON BOLIVAR - PROVINCIA DE PASCO - REGION PASCO,Contrata,Finalizado,6/03/2018 00:00:00,220041.61,SIMON BOLIVAR,PASCO,PASCO
80232,2399859,2399859,CREACION DEL CENTRO CULTURAL Y ARTISTICO EN EL CENTRO POBLADO DE PARAGSHA - SAN ANDRES - JOSE CARLOS MARIATEGUI - DISTRITO DE SIMON BOLIVAR - PROVINCIA DE PASCO - REGION PASCO,Contrata,Finalizado,19/03/2018 00:00:00,164382.41,SIMON BOLIVAR,PASCO,PASCO
80158,2271948,318729,"MEJORAMIENTO DEL PATIO DE USOS MULTIPLES EN LA INSTITUCION EDUCATIVA N 34039 GAMANIEL BLANCO MURILLO , DISTRITO DE TICLACAYAN PASCO PASCO",Contrata,Finalizado,15/02/2018 00:00:00,194545.51,TICLACAYAN,PASCO,PASCO
80123,2380709,2380709,"CREACION DE LOS SERVICIOS DE MANEJO Y APROVECHAMIENTO DE 05 ESPECIES FORESTALES NO MADERABLES EN LOS ANEXOS DE VILLA OYON, ALTO ENEÑAS Y SAN JOSE, EN EL DISTRITO DE VILLA RICA, PROVINCIA DE OXAPAMPA - PASCO",Administración directa,Finalizado,6/03/2018 00:00:00,1199808.90,VILLA RICA,OXAPAMPA,PASCO
80016,2339887,378705,"CREACION DE LOS SERVICIOS DEL LOCAL DE USOS MULTIPLES EN EL BARRIO DE TRES DE OCTUBRE, DISTRITO DE HUARIACA -PASCO - PASCO",Contrata,Finalizado,1/03/2018 00:00:00,864487.32,HUARIACA,PASCO,PASCO
79945,2396885,2396885,"""MEJORAMIENTO DE LA CARRETERA VECINAL DE LOS SECTORES LA OROYA - CENTRO CAFE 10 KM - LA ESMERALDA DISTRITO DE PALCAZU-OXAPAMPA-PASCO""",Administración directa,Finalizado,5/02/2018 00:00:00,502600,PALCAZU,OXAPAMPA,PASCO
79939,0,0,"CONSTRUCCIÓN DEL PUENTE CARROZABLE TIPO PASARELA SOBRE EL RÍO CHONTABAMBA, DISTRITO DE CHONTABAMBA-PROVINCIA DE OXAPAMPA-PASCO",Contrata,Sin Ejecución,"",719997.88,CHONTABAMBA,OXAPAMPA,PASCO
79888,2220902,222732,INSTALACION DEL SERVICIO DE ENERGIA ELECTRICA MEDIANTE EL SISTEMA CONVENCIONAL EN EL CASERIO TAMBILLO - DISTRITO DE SIMONJ BOLIVAR - PASCO - PASCO,Contrata,Finalizado,5/05/2018 00:00:00,566689.95,,PASCO,PASCO
79750,2295986,338756,"CREACION DEL CERCO PERIMETRICO DEL PUESTO DE SALUD DEL CENTRO PBLADO DE CHIPA, DISTRITO DE NINACACA - PASCO - PASCO",Contrata,Finalizado,1/02/2018 00:00:00,190083.51,NINACACA,PASCO,PASCO
79721,0,0,"MEJORAMIENTO DE LAS VÍAS URBANAS DE SAN JOSÉ, SANTO DOMINGO, SAN CARLOS Y NUEVA BERNA DEL DISTRITO DE CHONTABAMBA, PROVINCIA DE OXAPAMPA, DEPARTAMENTO DE PASCO",Administración directa,En Ejecución,18/08/2017 00:00:00,48790.72,CHONTABAMBA,OXAPAMPA,PASCO
79673,2197848,270971,"MEJORAMIENTO DE LOS SERVICIOS TURISTICOS PUBLICOS DE LA RUTA DEL CAFE: CHANCHAMAYO-VILLA RICA, SECTOR VILLA RICA, PROVINCIA DE OXAPAMPA, DEPARTAMENTO DE PASCO-COMPONENTE VIAS",Contrata,Finalizado,15/05/2018 00:00:00,12630603.68,VILLA RICA,OXAPAMPA,PASCO
79551,2378145,386835,"MEJORAMIENTO, AMPLIACION DEL SERVICIO DEL SERVICIO DE AGUA Y ALCANTARILLADO EN CENTRO POBLADO VILLA CORAZON DE JESUS, DISTRITO DE SANTA ANA DE TUSI - DANIEL ALCIDES CARRION - PASCO",Contrata,Sin Ejecución,"","",SANTA ANA DE TUSI,DANIEL ALCIDES CARRION,PASCO
79471,2244704,294662,"INSTALACIÓN DEL SERVICIO DE PROTECCIÓN CONTRA INUNDACIONES EN LA QUEBRADA KROLL COLONIA SUR, DISTRITO DE POZUZO - OXAPAMPA - PASCO - I ETAPA",Administración directa,Finalizado,20/10/2014 00:00:00,190977.39,POZUZO,OXAPAMPA,PASCO
79420,2184514,267996,"AMPLIACION, MEJORAMIENTO DEL SERVICIO DE RECREACION DEPORTIVO LOSAS MULTIUSOS EN LA INTERSECCION DE LA CARRETERA FERNANDO BELAUNDE TERRY Y CALLE MIRAFLORES (I ETAPA 2013), DISTRITO DE CONSTITUCION - OXAPAMPA - PASCO",Contrata,Finalizado,21/01/2014 00:00:00,1000256.19,CONSTITUCION,OXAPAMPA,PASCO
79415,2375309,385823,"CREACIÓN SERVICIOS DE TRANSITABILIDAD PEATONAL DEL PUENTE COLGANTE EN LAS LOCALIDADES DE QUITASOL - COCATAMBO, MIRAFLORES, DISTRITO DE POZUZO - OXAPAMPA - PASCO",Administración directa,Finalizado,30/10/2017 00:00:00,119899.36,POZUZO,OXAPAMPA,PASCO
79405,2379238,285879,"MEJORAMIENTO DE LOS SERVICIOS EDUCATIVOS DE LA INSTITUCIÓN EDUCATIVA EMBLEMÁTICA DIVINA PASTORA EN EL DISTRITO DE OXAPAMPA, PROVINCIA DE OXAPAMPA, REGIÓN PASCO",Administración directa,Sin Ejecución,"","",OXAPAMPA,OXAPAMPA,PASCO
79396,2376404,385955,"MEJORAMIENTO DE LOS SERVICIOS DE TRANSITABILIDAD PEATONAL DE LOS PUENTES COLGANTES MATAPALO - LAGARTO, SERENO, RÍO TIGRE, DISTRITO DE POZUZO - OXAPAMPA - PASCO",Administración directa,Finalizado,14/08/2017 00:00:00,101891.03,POZUZO,OXAPAMPA,PASCO
79389,2375301,385822,"CREACIÓN DE LOS SERVICIOS DE TRANSITABILIDAD VEHICULAR DEL CAMINO VECINAL LOCALIDAD BAJO CHANCARIZO - ALTO CHANCARIZO, DEL DISTRITO DE POZUZO - OXAPAMPA - PASCO",Administración directa,Finalizado,12/09/2017 00:00:00,616835.80,POZUZO,OXAPAMPA,PASCO
79323,2391837,2391837,MEJORAMIENTO DE LA CAPACIDAD OPERATIVA DE UNIDAD DE EQUIPO MECÁNICO PARA LA ATENCIÓN DE EMERGENCIA E INTERVENCIONES VIALES DEL GOBIERNO REGIONAL DE PASCO,Contrata,Sin Ejecución,"","",,PASCO,PASCO
79207,2400377,2400377,MEJORAMIENTO Y AMPLIACIÓN DE CEMENTERIO MUNICIPAL DEL DISTRITO DE NINACACA - PROVINCIA DE PASCO - REGIÓN PASCO,Contrata,Finalizado,16/01/2018 00:00:00,389897.73,NINACACA,PASCO,PASCO
79115,2317014,354235,"Mejoramiento del Sistema de Riego en los Predios de las Localidades de Tambopata, Shaura y Huancayog, Distrito de Huariaca - Provincia de Pasco - Pasco",Administración directa,Finalizado,22/11/2017 00:00:00,1780362.02,HUARIACA,PASCO,PASCO
78977,2337945,376869,"MEJORAMIENTO DE LA TRANSITABILIDAD PEATONAL DEL CAMINO DE HERRADURA TRAMO MUSHUYUNCA - PALMA DEL DISTRITO DE POZUZO, OXAPAMPA, PASCO",Administración directa,Finalizado,2/01/2017 00:00:00,50982.90,POZUZO,OXAPAMPA,PASCO
78930,2258501,314904,"MEJORAMIENTO DE LA PAVIMENTACIÓN, VEREDAS, GRADERÍAS, EMPEDRADAS EN LA AVENIDA MACCHUPICHU, PASAJE LOS CIPRECES DEL AA.HH. TECHO PROPIO, DISTRITO DE YANACANCHA - PASCO - PASCP - SNIP 314904",Contrata,Finalizado,12/03/2018 00:00:00,448757.23,YANACANCHA,PASCO,PASCO
78710,2230748,239876,MEJORAMIENTO DE LOS SERVICIOS EDUCATIVOS DE LA I.E. SAN JUAN DE LA COMUNIDAD DE YANACOCHA - DISTRITO DE YANAHUANCA - PROVINCIA DANIEL CARRIÓN - PASCO,Contrata,Finalizado,27/07/2018 00:00:00,2031785.29,YANAHUANCA,PASCO,PASCO
78703,2397822,2397822,CREACIÓN DEL SERVICIO DE SALUD EN LA COMUNIDAD NATIVA DE CENTRO POBLADO DE PUERTO LIBRE - DISTRITO DE CONSTITUCION - PROVINCIA DE OXAPAMPA - REGION PASCO,Contrata,Finalizado,11/12/2018 00:00:00,347315.14,CONSTITUCION,OXAPAMPA,PASCO
78695,2234555,251613,ELABORACIÓN DE EXPEDIENTE TÉCNICO: MEJORAMIENTO DE LOS SERVICIOS EDUCATIVOS PARA EL APRENDIZAJE EN EL NIVEL PRIMARIO DE LA RED EDUCATIVA UNIÓN ANDINA DEL DISTRITO DE YANAHUANCA - PROVINCIA DE DANIEL CARRIÓN - PASCO,Contrata,Sin Ejecución,"","",YANAHUANCA,PASCO,PASCO
78637,2318264,355326,ELABORACIÓN DE EXPEDIENTE TÉCNICO: MEJORAMIENTO DEL SERVICIO DE EDUCACIÓN INICIAL DE LA INSTITUCIÓN EDUCATIVA N° 323 DEL CENTRO POBLADO CENTRO ESPERANZA - DISTRITO PALCAZU - PROVINCIA OXAPAMPA - DEPARTAMENTO DE PASCO,Contrata,Sin Ejecución,"","",PALCAZU,OXAPAMPA,PASCO
78636,2331727,371045,ELABORACIÓN DE EXPEDIENTE TÉCNICO: MEJORAMIENTO DE LA PRESTACIÓN DEL SERVICIO EDUCATIVO DE LOS NIVELES DE PRIMARIA Y SECUNDARIA DE LA I.E 34269 AUGUSTO E. TAMAYO EL CENTRO POBLADO PUERTO YESUPE DEL DISTRITO DE PUERTO BERMÚDEZ - PROVINCIA DE OXAPAMPA - DEPARTAMENTO DE PASCO,Contrata,Sin Ejecución,"","",OXAPAMPA,OXAPAMPA,PASCO
78635,2231020,246280,ELABORACIÓN DE EXPEDIENTE TÉCNICO: MEJORAMIENTO DE LOS SERVICIOS EDUCATIVOS DEL INSTITUTO DE EDUCACIÓN SUPERIOR TECNOLÓGICO PÚBLICO PAUCARTAMBO - DISTRITO DE PAUCARTAMBO - PROVINCIA Y REGIÓN PASCO,Contrata,Sin Ejecución,"","",PAUCARTAMBO,PASCO,PASCO
78634,2282203,322748,ELABORACIÓN DE EXPEDIENTE TÉCNICO: MEJORAMIENTO DE LOS SERVICIOS EDUCATIVOS DE LA I.E. N° 34152 MARCELIANO RIOS BIANCCHI DE VILCABAMBA - DISTRITO DE VILCABAMBA - DANIEL ALCIDES CARRIÓN - PASCO,Contrata,Sin Ejecución,"","",VILCABAMBA,PASCO,PASCO
78633,2149080,175787,EJECUCIÓN DE SALDO DE OBRA: MEJORAMIENTO DEL SERVICIO ADMINISTRATIVO DE LA SEDE CENTRAL DEL GOBIERNO REGIONAL DE PASCO,Contrata,Finalizado,3/05/2018 00:00:00,10901735.84,,PASCO,PASCO
78631,2234497,254619,"MEJORAMIENTO DE LOS SERVICIOS EDUCATIVOS DE LA INSTITUCIÓN EDUCATIVA ""CESAR VALLEJO"" - DISTRITO DE YANACANCHA, PROVINCIA DE PASCO - REGIÓN PASCO",Contrata,Finalizado,29/03/2018 00:00:00,10343123.38,YANACANCHA,PASCO,PASCO
78629,2293977,335725,"CREACION DE LOSA MULTIDEPORTIVA EN LA INSTITUCION EDUCATIVA N° 34126 DE LA LOCALIDAD DE SAN JUAN BAÑOS DE RABI DEL DISTRITO DE YANAHUANCA, PROVINCIA DE DANIEL ALCIDES CARRION - PASCO",Contrata,Finalizado,23/11/2018 00:00:00,145758,YANAHUANCA,DANIEL ALCIDES CARRION,PASCO
78628,2084815,74176,"SALDO PARCIAL DEL COMPONENTE 01 SNIP 74176, LINEA DE CONDUCCIÓN DE LA OBRA MEJORAMIENTO Y AMPLIACIÓN DE LOS SERVICIOS DE SANEAMIENTO Y FORTALECIMIENTO INSTITUCIONAL INTEGRAL DE LA EMAPA PASCO - PROVINCIA DE PASCO - PASCO",Administración directa,En Ejecución,12/11/2017 00:00:00,31434797.75,,PASCO,PASCO
78624,2402934,2402934,CREACION DE ALBERGUE DEL ADULTO MAYOR EN EL CENTRO POBLADO DE VILLO - DISTRITO DE YANAHUANCA - PROVINCIA DE DANIEL ALCIDES CARRION - REGIÓN PASCO,Contrata,Sin Ejecución,"",75614.40,YANAHUANCA,DANIEL ALCIDES CARRION,PASCO
78622,2066135,61561,"AMPLIACIÓN DE INFRAESTRUCTURA Y EQUIPAMIENTO DE LA INSTITUCIÓN EDUCATIVA TÉCNICO INDUSTRIAL SEÑOR DE LOS MILAGROS DEL DISTRITO DE YANAHUANCA, PROVINCIA DE DANIEL ALCIDES CARRION - PASCO",Contrata,Sin Ejecución,"",67968,YANAHUANCA,DANIEL ALCIDES CARRION,PASCO
78620,2294586,336510,"INSTALACIÓN DEL ESPACIO DEPORTIVO Y RECREO DEN EL BARRIO PUYUNTUY, DISTRITO DEL VILCABAMBA - DANIEL ALCIDES CARRION - PASCO",Contrata,Finalizado,11/09/2021 00:00:00,819453,VILCABAMBA,DANIEL ALCIDES CARRION,PASCO
78617,2308081,346625,"MEJORAMIENTO DEL ESTADIO EN EL CENTRO POBLADO DE SAN JUAN DE YANACOCHA, DISTRITO DE YANAHUANCA, PROVINCIA DE DANIEL ALCIDES CARRION - PASCO.",Contrata,Finalizado,26/05/2018 00:00:00,1065743.81,YANAHUANCA,DANIEL ALCIDES CARRION,PASCO
78601,2320860,357893,"CREACIÓN DE LOSA MULTIDEPORTIVA EN EL CENTRO POBLADO DE SANTA ANA DE RAGAN DEL DISTRITO DE SANTA ANA DE TUSI, PROVINCIA DE DANIEL ALCIDES CARRION - PASCO",Contrata,Finalizado,12/06/2018 00:00:00,227603.79,SANTA ANA DE TUSI,DANIEL ALCIDES CARRION,PASCO
78597,2291253,332717,"CREACION DE LOSA MULTIDEPORTIVA EN EL CENTRO POBLADO DE NUEVO PROGRESO, DISTRITO DE YANAHUANCA, DANIEL ALCIDES CARRION.",Contrata,Finalizado,13/11/2018 00:00:00,138018.05,YANAHUANCA,DANIEL ALCIDES CARRION,PASCO
78591,2293979,335728,LOSA DEPORTIVA EN LA INSTITUCION EDUCATIVA N 34119 SAGRADO CORAZON DE JESUS DEL CENTRO POBLADO DE TAMBOPAMPA - DISTRITO DE YANAHUANCA PROVINCIA DE DANIEL ALCIDES CARRION - PASCO,Contrata,Finalizado,7/05/2018 00:00:00,200463.68,YANAHUANCA,DANIEL ALCIDES CARRION,PASCO
78581,2308392,346911,"CREACIÓN DE LOSA MULTIDEPORTIVA EN LA COMUNIDAD CAMPESINA DE PALCA, DISTRITO DE YANAHUANCA, PROVINCIA DE DANIEL ALCIDES - CARRION.",Contrata,Finalizado,14/02/2018 00:00:00,162071.87,YANAHUANCA,DANIEL ALCIDES CARRION,PASCO
78513,2167549,249176,"CREACION DEL ESTADIO MUNICIPAL EN LA LOCALIDAD DE CONSTITUCION IV ETAPA, DISTRITO DE CONSTITUCION - OXAPAMPA - PASCO",Administración directa,Finalizado,27/12/2017 00:00:00,1160085.08,CONSTITUCION,OXAPAMPA,PASCO
78181,2302884,341971,"CREACION DE UNA LOSA MULTIDEPORTIVA EN LA LOCALIDAD DE HUAYCHAUMARCA, DISTRITO DE YANAHUANCA, PROVINCIA DE DANIEL ALCIDES CARRION - PASCO",Contrata,Finalizado,14/02/2018 00:00:00,154386.39,YANAHUANCA,DANIEL ALCIDES CARRION,PASCO
78167,2398971,2398971,MEJORAMIENTO DEL SERVICIO DE EDUCACION BASICO ALTERNATIVA EN LA I.E. LOS LIBERTADORES DISTRITO DE CONSTITUCION - PROVINCIA DE OXAPAMPA - REGIÓN PASCO,Contrata,En Ejecución,1/01/2023 00:00:00,767928.06,CONSTITUCION,OXAPAMPA,PASCO
78143,2300936,338956,"SEGUNDA ETAPA AV. JUAN FRANTZEN (CUADRA 4) DE LA OBRA: ""MEJORAMIENTO DEL SERVICIO DE TRANSITABILIDAD VEHICULAR Y PEATONAL EN LA AV. JULIO SHITABORI (CUADRA 4-6), CALLE FERNANDO WESTREICHER (CUADRA 3-5), AV. JUAN FRANTZEN (CUADRA 3-5), AV. SAN JUAN BAUTISTA (CUADRA 2-4) AV. HERMINIO SCHULER (CUADRA. 1-3), LUIS EGG (CUADRA 1-3), BUENOS AIRES (CUADRA 1-3), JUAN SANTOS ATAHUALPA (CUADRA 1-3), LOCALIDAD DE ISCOZACIN, DISTRITO DE PALCAZU - OXAPAMPA - PASCO""",Administración directa,Finalizado,2/10/2017 00:00:00,9505821.29,PALCAZU,OXAPAMPA,PASCO
77938,2287977,329719,"CONSTRUCCION DEL CAMINO VECINAL ENTRE LAS COMUNIDADES NATIVAS DE HAUSWALD - NUEVO PROGRESO, DISTRITO DE CONSTITUCION - OXAPAMPA - PASCO, II ETAPA",Administración directa,Finalizado,2/11/2017 00:00:00,551972.59,CONSTITUCION,OXAPAMPA,PASCO
77937,2198903,277302,"MEJORAMIENTO DEL COMEDOR POPULAR EN LA LOCALIDAD DE UNION SIRIA, DISTRITO DE CONSTITUCION - OXAPAMPA - PASCO",Contrata,Finalizado,20/12/2017 00:00:00,171021.35,CONSTITUCION,OXAPAMPA,PASCO
77935,2330909,368750,"CREACION DE PONTON EN LA CALLE LAS ORQUIDEAS EN EL CENTRO POBLADO DE LORENCILLO, DISTRITO DE CONSTITUCION - OXAPAMPA - PASCO",Contrata,Sin Ejecución,"",156285.75,CONSTITUCION,OXAPAMPA,PASCO
77867,2309667,327854,MEJORAMIENTO Y AMPLIACION DEL SERVICIO DE GESTION DE LA ADMINISTRACION TECNICA FORESTAL Y DE FAUNA SILVESTRE - ATFFS SELVA CENTRAL - REGIONES DE JUNIN Y PASCO,Contrata,Finalizado,8/02/2018 00:00:00,2061601.83,,PASCO,PASCO
77485,0,0,"Suministro, transporte, montaje electromecánico, pruebas y puesta en servicio de la Ampliación de redes primarias y secundarias por demanda XXVII de las UU.NN. Tarma - Pasco y Huánuco.",Contrata,Finalizado,2/10/2017 00:00:00,6099069.68,,PASCO,PASCO
77407,2301077,339590,"INSTALACION DE SERVICIO DE PROTECCIÓN ANTE INUNDACIONES DE LAS LOCALIDADES DE HUERTAPAMPA, SANTA RITA Y MISCA, DISTRITO DE CHACAYAN - DANIEL ALCIDES CARRION - PASCO",Contrata,Sin Ejecución,"","",CHACAYAN,DANIEL ALCIDES CARRION,PASCO
77253,2290075,331624,"""MEJORAMIENTO Y AMPLIACIÓN DE LA INSTITUCIÓN EDUCATIVA N° 34308 DE MISCA, DISTRITO DE CHACAYAN - DANIEL ALCIDES CARRION - PASCO""",Contrata,Finalizado,20/06/2018 00:00:00,2384791.60,CHACAYAN,DANIEL ALCIDES CARRION,PASCO
77247,2292964,334262,"INSTALACION DE SERVICIOS DE AGUA DE PARA RIEGO EN LOS SECTORES DE OLLUCO PATA, QUISHUARNIYOC, BURRICO HUANNUSHAN E ISCALON DEL CENTRO POBLADO DE LA MERCED DE JARRIA, DISTRITO DE PALLANCHACRA - PASCO - PASCO",Contrata,Finalizado,18/06/2018 00:00:00,2081950.66,PALLANCHACRA,PASCO,PASCO
77230,2336615,375632,"AMPLIACION Y MEJORAMIENTO DE LA CAPACIDAD RESOLUTIVA DEL SERVICIO DE SALUD DEL ESTABLECIMIENTO DE SALUD QUIRISHARI, DISTRITO DE PUERTO BERMUDEZ - OXAPAMPA - PASCO",Contrata,Finalizado,29/07/2020 00:00:00,1165994.25,PUERTO BERMUDEZ,OXAPAMPA,PASCO
77169,2300868,338639,"CREACION DEL SERVICIO DE TRANSITABILIDAD VEHICULAR Y PEATONAL SOBRE EL RÍO BOCA ISPIHUACAZU EN EL CENTRO POBLADO DE PUERTO MAYRO, DISTRITO DE PALCAZU - OXAPAMPA - PASCO",Contrata,Finalizado,15/12/2017 00:00:00,875816.01,PALCAZU,OXAPAMPA,PASCO
77156,2359197,385186,"AMPLIACION DE PISTAS Y VEREDAS DEL CENTRO POBLADO DE MACHCAN, DISTRITO DE SAN FRANCISCO DE ASIS DE YARUSYACAN - PASCO - PASCO",Contrata,Sin Ejecución,"",306632.69,SAN FRANCISCO DE ASIS DE YARUSYACAN,PASCO,PASCO
77015,2335055,374171,"MEJORAMIENTO DE LOS SERVICIOS DE SEGURIDAD CIUDADANA EN EL, DISTRITO DE HUAYLLAY - PASCO - PASCO",Contrata,Finalizado,1/12/2017 00:00:00,1335868,HUAYLLAY,PASCO,PASCO
76964,2293980,335729,"CREACION DE LOSA DEPORTIVA EN LA INSTITUCION EDUCATIVA N°34156 DE LA LOCALIDAD DE, PUMAPACHUPAN DEL DISTRITO DE YANAHUANCA, PROVINCIA DE DANIEL ALCIDES CARRION - PASCO",Contrata,Finalizado,6/12/2017 00:00:00,158934,YANAHUANCA,DANIEL ALCIDES CARRION,PASCO
76918,2281102,322645,"SALDO DE OBRA DEL PIP : CREACIÓN DE SERVICIOS TECNOLÓGICOS PARA LA CADENA PRODUCTIVA DEL CAFÉ, CACAO Y FRUTAS DEL SECTOR AGROINDUSTRIAL EN LA ZONA DE SANTA LUCIA, PROVINCIA DE LEONCIO PRADO Y AMBO EN EL DPTO. DE HUANUCO Y EN LA PROVINCIA DE OXAPAMPA EN EL DPTO. DE PASCO - SEDE OXAPAMPA",Contrata,Finalizado,16/08/2017 00:00:00,1471867.05,OXAPAMPA,OXAPAMPA,PASCO
76911,2110932,110593,"EJECUCIÓN DE EXPEDIENTE DE SALDO: CONSTRUCCIÓN DE LA INFRAESTRUCTURA EDUCATIVA DEL CENTRO DE EDUCACIÓN BÁSICA ALTERNATIVA EUGENIO JOEL CÓRDOVA PUENTE, DISTRITO DE PUERTO BERMÚDEZ-OXAPAMPA",Contrata,Finalizado,21/09/2017 00:00:00,1364603.26,OXAPAMPA,OXAPAMPA,PASCO
76897,2207109,149728,"EJECUCIÓN DE EXPEDIENTE DE SALDO: CREACIÓN DEL SISTEMA DE INTERCONEXIÓN VIAL ENTRE LAS COMUNIDADES NATIVAS DE PUERTO LIBRE, PUERTO AMISTAD, SAN JORGE DE PACHITEA, 7 HERMANOS Y BAJO SAN LUIS DE CHICHIHUANI, DISTRITO DE CONSTITUCIÓN, PROVINCIA DE OXAPAMPA - PASCO",Contrata,Finalizado,23/09/2017 00:00:00,4409273.16,OXAPAMPA,OXAPAMPA,PASCO
76889,2115784,85863,EJECUCIÓN DE EXPEDIENTE DE SALDO: MEJORAMIENTO DE LA CAPACIDAD RESOLUTIVA DE LOS ESTABLECIMIENTOS DE SALUD DE LA MICRO RED PUERTO BERMÚDEZ DE LA RED DE SALUD OXAPAMPA,Contrata,Finalizado,23/09/2017 00:00:00,3192876.65,OXAPAMPA,OXAPAMPA,PASCO
76851,2115774,86727,"EJECUCIÓN EXPEDIENTE DE SALDO: MEJORA DE LA CALIDAD DE LOS SERVICIOS DE ATENCIÓN DE LOS ESTABLECIMIENTOS DE SALUD DE LA MICRO RED PALCAZU, RED DE SALUD OXAPAMPA, DIRESA PASCO",Contrata,Finalizado,23/09/2017 00:00:00,3291651.30,PALCAZU,OXAPAMPA,PASCO
76837,2291853,333285,"CREACION DE UN PUENTE CARROZABLE EN EL ANEXO DE HUAMBRAC CUCHO DEL CENTRO POBLADO DE HUALLAMAYO, DISTRITO DE PAUCARTAMBO - PASCO - PASCO",Contrata,Finalizado,1/12/2017 00:00:00,915818.13,PAUCARTAMBO,PASCO,PASCO
76705,2335109,374225,"""MEJORAMIENTO DE LA PRESTACIÓN DE SERVICIOS E INSTALACIÓN DE COBERTURA EN EL PATIO DE FORMACIÓN DE LA INSTITUCIÓN EDUCATIVA INICIAL ANITA FERNANDINI, DISTRITO FUNDICIÓN DE TINYAHUARCO - PASCO - PASCO""",Contrata,Finalizado,21/11/2017 00:00:00,346257.88,TINYAHUARCO,PASCO,PASCO
76703,2325007,2325007,CREACIÓN DE COMEDORES ESCOLARES EN LAS INSTITUCIONES EDUCATIVAS DEL NIVEL PRIMARIO DEL DISTRITO FUNDICIÓN DE TINYAHUARCO -PASCO-PASCO,Contrata,Finalizado,13/12/2017 00:00:00,1779163.61,TINYAHUARCO,PASCO,PASCO
76675,2245456,297581,"INSTALACION DEL TERMNAL TERRESTRE EN LA CIUDAD DE PUERTO BERMUDEZ, DISTRITO DE PUERTO BERMUDEZ - OXAPAMPA - PASCO",Contrata,Finalizado,18/12/2017 00:00:00,1224140.46,PUERTO BERMUDEZ,OXAPAMPA,PASCO
76654,2243575,289808,"AMPLIACIÓN Y MEJORAMIENTO DE LOS SERVICIOS EDUCATIVOS EN LA I.E. PRIMARIA N° 34135 DE PAUCAR, DISTRITO DE PAUCAR, PROVINCIA DANIEL CARRIÓN -PASCO",Contrata,Finalizado,1/12/2017 00:00:00,4597432,PAUCAR,PASCO,PASCO
76635,2379933,2379933,"MEJORAMIENTO DEL CERCO PERIMETRICO DEL INSTITUTO DE EDUCACION SUPERIOR TECNOLOGICO PUBLICO PASCO, DISTRITO DE YANACANCHA , PROVINCIA PASCO REGION PASCO",Contrata,Finalizado,22/11/2017 00:00:00,315472.36,YANACANCHA,PASCO,PASCO
76592,2098375,121558,"CONSTRUCCIÓN DE PISTAS, VEREDAS, CUNETAS Y MURO DE CONTENCIÓN EN LA ASOCIACIÓN PRO VIVIENDA GERARDO PATIÑO LOPEZ DE YANACANCHA, SALDO DE PROYECTO DE COMPONENTE: PAVIMENTACIÓN DE LAS CALLES JR. LAS GARDENIAS, JR. LAS ESMERALDAS Y JR. DIAMANTES, DISTRITO YANACANCHA, PROVINCIA Y REGIÓN PASCO",Contrata,Finalizado,16/01/2018 00:00:00,485070.23,YANACANCHA,PASCO,PASCO
76489,2102170,104948,"MEJORAMIENTO DE LA OFERTA DE SERVICIOS EDUCATIVOS PARA EL LOGRO DEL APRENDIZAJE EN EL NIVEL INICIAL EN LA I.E.I. - JESUS NAZARENO PUCHUPUQUIO - CHAUPIMARCA - PASCO, PROVINCIA DE PASCO - PASCO. COMPONENTE: CONSTRUCCIÓN AMBIENTES DE ARTE, MÚSICA, LUDOTECA, PSICOMOTRICIDAD, SALA DE USOS MÚLTIPLES; CONSTRUCCIÓN DE COBERTURAS DE TRIBUNAS, RAMPAS PEATONALES E INSTALACIÓN DE JUEGOS RECREATIVOS",Contrata,Finalizado,18/01/2018 00:00:00,1288734.63,CHAUPIMARCA,PASCO,PASCO
76306,2268036,261057,"MEJORAMIENTO DE LOS SERVICIOS DE SALUD DEL HOSPITAL II PASCO DE LA RED ASISTENCIAL PASCO, EN EL DISTRITO DE FUNDICION DE TINYAHUARCO, PROVINCIA DE PASCO, DEPARTAMENTO DE PASCO",Contrata,En Ejecución,1/02/2025 00:00:00,366805173,TINYAHUARCO,PASCO,PASCO
76263,2282422,322742,"MEJORAMIENTO DE LOS SERVICIOS EDUCATIVOS DE LA I.E. CENTENARIO DE VILCABAMBA, DISTRITO DE VILCABAMBA - DANIEL ALCIDES CARRION - PASCO",Contrata,Sin Ejecución,"","",VILCABAMBA,DANIEL ALCIDES CARRION,PASCO
76240,2267634,318126,"INSTALACION DE HUARO EN EL CENTRO POBLADO DE PAMPA INCA, DISTRITO DE HUACHON, PROVINCIA DE PASCO, DEPARTAMENTO DE PASCO",Contrata,Finalizado,1/10/2016 00:00:00,176336.78,HUACHON,PASCO,PASCO
76239,2267630,318378,"INSTALACION DE HUARO EN EL CENTRO POBLADO DE CHURUMAZU, DISTRITO DE OXAPAMPA, PROVINCIA DE OXAPAMPA, DEPARTAMENTO DE PASCO",Contrata,Finalizado,20/12/2017 00:00:00,327117.94,OXAPAMPA,OXAPAMPA,PASCO
76118,0,0,"EJECUCION DE OBRA: CREACION DE LETRINAS Y MEJORAMIENTO DEL SISTEMA DE AGUA POTABLE DE LAS LOCALIDADES DE MISHQUIPATA Y MONOPATA, DISTRITO DE HUANCABAMBA, PROVINCIA DE OXAPAMPA, REGION DE PASCO.",Contrata,Finalizado,6/11/2017 00:00:00,371768.18,HUANCABAMBA,OXAPAMPA,PASCO
76083,2323846,360705,"CREACION DE PONTON EN EL ACCESO DEL CASERIO DE PUERTO VIOLETA, DISTRITO DE CONSTITUCION - OXAPAMPA - PASCO",Contrata,Finalizado,21/11/2017 00:00:00,158896,CONSTITUCION,OXAPAMPA,PASCO
75681,2352067,383805,"CREACION DE LOCAL COMUNAL DE USOS MULTIPLES, EN EL CASERIO DE QUINUAPUCRO, DISTRITO DE SANTA ANA DE TUSI - DANIEL ALCIDES CARRION - PASCO",Contrata,Sin Ejecución,"","",SANTA ANA DE TUSI,DANIEL ALCIDES CARRION,PASCO
75679,2335106,374222,"CREACION DE LOCAL DE USOS MULTIPLES DEL CASERIO VILLA SANTO ROSARIO, DISTRITO DE SANTA ANA DE TUSI - DANIEL ALCIDES CARRION - PASCO",Contrata,Sin Ejecución,"","",SANTA ANA DE TUSI,DANIEL ALCIDES CARRION,PASCO
75678,2354619,384921,"CREACION DE LOCALDE USOS MULTIPLES EN BARRIO DE BUENOS AIRES TUSI, DISTRITO DE SANTA ANA DE TUSI - DANIEL ALCIDES CARRION - PASCO",Contrata,Sin Ejecución,"","",SANTA ANA DE TUSI,DANIEL ALCIDES CARRION,PASCO
75677,2341586,380317,"AMPLIACION, MEJORAMIENTO DEL SISTEMA DE RIEGO CHINCAYPAMPA, DISTRITO DE SANTA ANA DE TUSI - DANIEL ALCIDES CARRION - PASCO",Contrata,Sin Ejecución,"","",SANTA ANA DE TUSI,DANIEL ALCIDES CARRION,PASCO
75674,2328604,364955,"CREACION DEL LOCAL DE USOS MULTIPLES DEL CENTRO POBLADO DE HUAYO, DISTRITO DE SANTA ANA DE TUSI - DANIEL ALCIDES CARRION - PASCO",Contrata,Sin Ejecución,"","",SANTA ANA DE TUSI,DANIEL ALCIDES CARRION,PASCO
75672,2354545,384916,"MEJORAMIENTO DE LAS CAPACIDADES PRODUCTIVAS DE LA PISCIGRANJA PULIAG TUSI, DISTRITO DE SANTA ANA DE TUSI - DANIEL ALCIDES CARRION - PASCO",Contrata,En Ejecución,11/11/2017 00:00:00,559220.70,SANTA ANA DE TUSI,DANIEL ALCIDES CARRION,PASCO
75579,2250113,261168,"AMPLIACIÓN Y MEJORAMIENTO DE AGUA POTABLE Y DESAGÜE EN EL CASERÍO DE CHOCOPATA, ANEXOS POMAGAGA E ISPACHE DEL DISTRITO YANAHUANCA, PROVINCIA DANIEL CARRION, REGIÓN PASCO",Administración directa,Finalizado,10/08/2017 00:00:00,693474.66,YANAHUANCA,PASCO,PASCO
75312,0,0,"CONSTRUCCIÓN DEL CAMINO VECINAL TRAMO LA PALMA - CHILACHI, DISTRITO DE HUANCABAMBA, PROVINCIA OXAPAMPA, REGIÓN PASCO",Administración directa,Finalizado,18/09/2017 00:00:00,276369.78,HUANCABAMBA,OXAPAMPA,PASCO
75129,2283513,324953,CREACIÓN DE LOS SERVICIOS DE EDUCACIÓN INICIAL ESCOLARIZADO DE LA II.EE. N° 34025 - DISTRITO DE PAUCARTAMBO - PROVINCIA DE PASCO - DEPARTAMENTO PASCO,Contrata,Finalizado,1/11/2017 00:00:00,1257723.96,PAUCARTAMBO,PASCO,PASCO
75104,2234494,258404,"MEJORAMIENTO DEL SERVICIO EDUCATIVO DE EDUCACIÓN PRIMARIA EN LA RED TAWARMAYO I, DISTRITO DE SANTA ANA DE TUSI, PROVINCIA DANIEL CARRIÓN - DEPARTAMENTO DE PASCO",Contrata,Sin Ejecución,"","",SANTA ANA DE TUSI,PASCO,PASCO
74651,2338160,377067,"CREACION DE LOSA MULTIDEPORTIVA EN EL CENTRO POBLADO SANTA ROSA DE CRORA, DISTRITO DE SANTA ANA DE TUSI - DANIEL ALCIDES CARRION - PASCO",Contrata,En Ejecución,11/11/2017 00:00:00,281043.57,SANTA ANA DE TUSI,DANIEL ALCIDES CARRION,PASCO
74536,2282401,325031,"CREACIÓN DE TROCHA CARROZABLE TRAMO ALCANTARILLA YANAQUIO HUACHUS , DISTRITO DE YANAHUANCA, PROVINCIA DE DANIEL ALCIDES CARRION PASCO",Contrata,Finalizado,18/10/2017 00:00:00,472385.49,YANAHUANCA,DANIEL ALCIDES CARRION,PASCO
74533,2337224,376231,"MANTENIMIENTO Y REHABILITACIÓN DE LA CARRETERA AYARACRA - PUCARÁ (L 19.437 KM), DISTRITO DE HUAYLLAY, PASCO - PASCO",Contrata,Finalizado,17/12/2017 00:00:00,11353549.44,HUAYLLAY,PASCO,PASCO
74524,2315376,352813,"AMPLIACIÓN DEL SISTEMA DE AGUA POTABLE DEL CENTRO POBLADO DE TAMBOCHACA, DISTRITO DE YANAHUANCA, PROVINCIA DE DANIEL ALCIDES CARRION - PASCO.",Contrata,Finalizado,17/10/2017 00:00:00,177722.75,YANAHUANCA,DANIEL ALCIDES CARRION,PASCO
74457,2078078,73797,Construcción del camino rural San Luis San Cristobal Distrito de Pozuzo - Provincia de Oxapampa- periodo 2019,Administración directa,Finalizado,23/09/2019 00:00:00,818637.86,POZUZO,OXAPAMPA,PASCO
74162,2142691,171119,"CONSTRUCCIÓN DE PISTAS, VEREDAS, Y DRENAJE PLUVIAL EN LOS JIRONES, LAS PALMERAS, LOS QUINUALES, PROLONGACION COLUMNA PASCO, Y PASAJE EUCALIPTOS DE LA ASOCIACION PRO VIVIENDA DE LA REGION AGRARIA,, DISTRITO DE YANACANCHA - PASCO - PASCO I ETAPA",Contrata,Finalizado,12/10/2017 00:00:00,568133.44,YANACANCHA,PASCO,PASCO
74160,2204113,217533,"AMPLIACION PISTAS VEREDAS Y CUNETAS EN EL AA.HH. VISTA ALEGRE, DISTRITO DE YANACANCHA - PASCO - PASCO - I ETAPA",Contrata,Finalizado,2/12/2017 00:00:00,670922.39,YANACANCHA,PASCO,PASCO
73795,2128369,144765,"MEJORAMIENTO Y AMPLIACION DEL SERVICIO DE LIMPIEZA PUBLICA DE LA ZONA URBANA DE VILLA RICA Y LOS CENTROS POBLADOS PUENTE PAUCARTAMBO, SAN MIGUEL DE ENEÑAS Y SAN JUAN DE CACAZU, DISTRITO DE VILLA RICA - OXAPAMPA - PASCO",Contrata,Finalizado,28/01/2019 00:00:00,6957124,VILLA RICA,OXAPAMPA,PASCO
73337,2320271,357313,"CREACION DEL PARQUE RECREACIONAL DEL ANEXO EL MILAGRO DEL CENTRO POBLADO DE SANTA ISABEL, DISTRITO DE PAUCARTAMBO - PASCO - PASCO",Contrata,Finalizado,2/10/2017 00:00:00,470183.97,PAUCARTAMBO,PASCO,PASCO
73278,2082776,78874,"INSTALACION DE SERVICIOS DE AGUA POTABLE Y DISPOSICIÓN DE EXCRETAS EN LAS LOCALIDADES DE LAS FLANDEZ Y PURRAYO, DISTRITO DE OXAPAMPA, PROVINCIA DE OXAPAMPA - PASCO",Contrata,Finalizado,21/07/2017 00:00:00,1093534.27,OXAPAMPA,OXAPAMPA,PASCO
73207,2338847,2338847,"MEJORAMIENTO Y AMPLIACION DEL CAMPO DEPORTIVO DEL CENTRO POBLADO DE SAN RAMON DE YANAPAMPA, DISTRITO DE SAN FRANCISCO DE ASIS DE YARUSYACAN - PASCO - PASCO",Contrata,Finalizado,8/01/2024 00:00:00,3557810.88,SAN FRANCISCO DE ASIS DE YARUSYACAN,PASCO,PASCO
73204,2191048,278519,"CREACION DE DEFENSA RIBEREÑA MARGEN IZQUIERDO EN LA LOCALIDAD DE CHACRA COLORADA, DISTRITO DE SAN FRANCISCO DE ASIS DE YARUSYACAN - PASCO - PASCO",Contrata,Sin Ejecución,"",637166.75,SAN FRANCISCO DE ASIS DE YARUSYACAN,PASCO,PASCO
73175,2307219,345904,"MEJORAMIENTO DEL CEMENTERIO GENERAL DE LA LOCALIDAD DE VINCHOS - PARIACANCHA DEL, DISTRITO DE PALLANCHACRA - PASCO - PASCO",Administración directa,Finalizado,4/09/2017 00:00:00,503193.79,PALLANCHACRA,PASCO,PASCO
73173,2278335,323168,"CREACIÓN DEL SERVICIO DE PROTECCIÓN CONTRA DERRUMBES Y DESLIZAMIENTOS EN LA LOCALIDAD DE CHUNQUIPATA, DISTRITO DE PALLANCHACRA - PASCO - PASCO",Administración directa,Finalizado,7/08/2017 00:00:00,55832.32,PALLANCHACRA,PASCO,PASCO
73159,2223339,230629,"MEJORAMIENTO DE LOS SERVICIOS DE SALUD DEL PRIMER NIVEL DE COMPLEJIDAD EN EL CENTRO POBLADO DE SOCORRO, DISTRITO DE NINACACA - PASCO - PASCO",Contrata,Finalizado,10/10/2017 00:00:00,1004743.47,NINACACA,PASCO,PASCO
73027,2250353,271097,"ELABORACION DE EXPEDIENTE TECNICO DEL PROYECTO MEJORAMIENTO DE LOS SERVICIOS EDUCATIVOS DE LA I.E. NUESTRA SEÑORA DEL CARMEN EN LA LOCALIDAD DE CHOROBAMBA, DISTRITO DE HUANCABAMBA, PROVINCIA DE OXAPAMPA, DEPARTAMENTO DE PASCO",Contrata,Sin Ejecución,"",8548726.48,HUANCABAMBA,OXAPAMPA,PASCO
73005,2332096,371399,"ELABORACION DE EXPEDIENTE TECNICO CREACION DEL CAMINO VECINAL TRAMO BOCA SHIRARINE-SAN JORGE-FLOR DE UN DIA-BUENAVENTURA-BOCA CHIMIARI-BETANIA Y MADRE DE DIOS DISTRITO DE PUERTO BERMUDEZ, PROVINCIA DE OXAPAMPA - PASCO",Contrata,Sin Ejecución,"","",PUERTO BERMUDEZ,OXAPAMPA,PASCO
73003,2234476,256306,"Elaboración del Expediente Técnico del Proyecto: Mejoramiento de los Servicios Administrativos y Operativos de la Dirección Regional de Transportes y Comunicaciones Pasco, Distrito Yanacancha, Provincia y Región Pasco",Contrata,Sin Ejecución,"","",YANACANCHA,PASCO,PASCO
72981,2290680,332204,"MEJORAMIENTO Y AMPLIACIÓN DEL SERVICIO DE SEGURIDAD CIUDADANA EN EL, DISTRITO DE CHACAYAN - DANIEL ALCIDES CARRION - PASCO",Contrata,Finalizado,1/03/2018 00:00:00,3416069,CHACAYAN,DANIEL ALCIDES CARRION,PASCO
72861,2332407,371696,"MEJORAMIENTO DE LOS SERVICIOS DEPORTIVOS DEL BARRIO LAJLAN DEL DISTRITO DE HUACHON, PROVINCIA DE PASCO - PASCO.",Contrata,Finalizado,18/12/2017 00:00:00,234884.78,HUACHON,PASCO,PASCO
72812,2179704,260668,"CREACION DE LOCAL DE USOS MULTIPLES DEL ANEXO DE SANTA CRUZ, DISTRITO DE PAUCARTAMBO - PASCO - PASCO",Contrata,Finalizado,18/09/2017 00:00:00,338445.56,PAUCARTAMBO,PASCO,PASCO
72800,2150280,192247,"AMPLIACION Y MEJORAMIENTO DEL ESTADIO MUNICIPAL DEL DISTRITO DE SAN PEDRO DE PILLAO, PROVINCIA DE DANIEL ALCIDES CARRION - PASCO",Administración directa,En Ejecución,6/05/2013 00:00:00,4222073.37,SAN PEDRO DE PILLAO,DANIEL ALCIDES CARRION,PASCO
72794,2222465,241489,"MEJORAMIENTO DE LA LOSA MULTIDEPORTIVA DE LA COMUNIDAD CAMPESINA DE SAN MIGUEL DEL CENTRO POBLADO LA QUINUA, YANACANCHA-PASCO-PSSCO",Contrata,Finalizado,21/09/2017 00:00:00,207165.70,YANACANCHA,PASCO,PASCO
72776,2282446,325056,"""MEJORAMIENTO DE LAS CONDICIONES DE CAMPO DEPORTIVO DEL CENTRO POBLADO DE ANASQUIZQUE, DISTRITO DE YANACANCHA - PASCO - PASCO"" SNIP No.- 325056",Contrata,Finalizado,26/09/2017 00:00:00,668400.19,YANACANCHA,PASCO,PASCO
72743,2225966,228193,"MEJORAMIENTO Y AMPLIACION DEL SISTEMA DE ABASTECIMIENTO DE AGUA POTABLE Y SANEAMIENTO EN EL CENTRO POBLADO DE LA VICTORIA, DISTRITO DE PAUCARTAMBO - PASCO - PASCO",Contrata,Paralizada,7/11/2017 00:00:00,3958193.56,PAUCARTAMBO,PASCO,PASCO
72572,2167942,252513,"CONSTRUCCION DEL CAMINO VECINAL DESVIO CARRETERA YARINA KM 1 - ALTO MORONA, DISTRITO DE CONSTITUCION - OXAPAMPA - PASCO",Contrata,Finalizado,5/12/2018 00:00:00,1157902.22,CONSTITUCION,OXAPAMPA,PASCO
72517,2234839,252191,"MEJORAMIENTO Y AMPLIACION DE LOS SERVICIOS EDUCATIVOS EN EL PROCESO DE ENSEÑANZA APRENDIZAJE DE LA RED TAHUARMAYO II, NIVEL SECUNDARIO, PROVINCIA DANIEL CARRION REGION DE PASCO",Contrata,Sin Ejecución,"","",,PASCO,PASCO
72487,2338174,377080,"MEJORAMIENTO Y REHABILITACIÓN DE LA CARRETERA CP. NUEVO ORIENTE - TAURIYANUNA (4KM) DISTRITO DE PALLANCHACRA, PROVINCIA DE PASCO, REGIÓN PASCO.",Contrata,Sin Ejecución,"",1281689.59,PALLANCHACRA,PASCO,PASCO
72485,2337696,376632,"MEJORAMIENTO Y REHABILITACIÓN DE LA CARRETERA PUENTE PACHACRAHUAY - SANTA ROSA DE CHORA, DISTRITO DE SANTA ANA DE TUSI, DISTRITO DE SAN FRANCISCO DE ASÍS DE YARUSYACAN - PASCO - PASCO",Contrata,Finalizado,24/08/2022 00:00:00,2407010.06,SANTA ANA DE TUSI,PASCO,PASCO
72484,2338027,376950,"MEJORAMIENTO Y REHABILITACIÓN DE LA CARRETERA PUENTE YANAHUANCA - YANACOCHA - CHARQUICANCHA, DISTRITO DE YANAHUANCA - DANIEL ALCIDES CARRIÓN - PASCO",Contrata,Sin Ejecución,"",13334148.95,YANAHUANCA,PASCO,PASCO
72451,2332414,371703,MEJORAMIENTO DE LOGROS DE APRENDIZAJE DE LOS ALUMNOS DEL NIVEL SECUNDARIO EN LAS ÁREAS DE CIENCIAS Y TECNOLOGIA DE LAS 110 INSTITUCIONES EDUCATIVAS DEL DEPARTAMENTO DE PASCO,Contrata,Sin Ejecución,"","",,PASCO,PASCO
72409,2301812,341229,INSTALACIÓN DEL SISTEMA DE VÍDEO VIGILANCIA EN LA UNIVERSIDAD NACIONAL DANIEL ALCIDES CARRION DE CERRO DE PASCO -DISTRITO DE YANACANCHA-PROVINCIA Y REGIÓN PASCO,Contrata,Sin Ejecución,"",4620489.47,YANACANCHA,DANIEL ALCIDES CARRION,PASCO
72401,2234361,255185,"CONSTRUCCION DE LA CARRETERA TRAMO CARHUANCHO LLICLLAO, DISTRITO DE YANAHUANCA, PROVINCIA DANIEL CARRION, REGION PASCO",Contrata,Sin Ejecución,"","",YANAHUANCA,PASCO,PASCO
72381,0,0,MEJORAMIENTO DE LA INFRAESTRUCTURA DE LA LOSA MULTIDEPORTIVA EN EL SECTOR DE SAN CARLOS DEL DISTRITO DE CHONTABAMBA-OXAPAMPA-PASCO,Administración directa,Sin Ejecución,"",20888.63,CHONTABAMBA,OXAPAMPA,PASCO
72375,0,0,REHABILITACIÓN DE CAMINOS VECINALES EN LOS SECTORES DE LA LOCALIDAD DE PUSAPNO DEL DISTRITO DE CHONTABAMBA-OXAPAMPA-PASCO,Administración directa,Sin Ejecución,"",40552.60,CHONTABAMBA,OXAPAMPA,PASCO
72373,0,0,MEJORAMIENTO DEL SISTEMA DE AGUA EN EL SECTOR DE DOS DE MAYO DEL DISTRITO DE CHONTABAMBA-OXAPAMPA-PASCO,Administración directa,Sin Ejecución,"",42618.50,CHONTABAMBA,OXAPAMPA,PASCO
72371,0,0,"MEJORAMIENTO DEL SISTEMA DE AGUA EN EL SECTOR DE SAN FRANCISCO BAJO LOCALIDAD DE PUSAPNO, DISTRITO DE CHONTABAMBA-OXAPAMPA-PASCO",Administración directa,Sin Ejecución,"",19429.48,CHONTABAMBA,OXAPAMPA,PASCO
72369,0,0,"MEJORAMIENTO DEL SISTEMA DE AGUA EN LOS SECTORES DE SAN JOSÉ, SAN CARLOS Y NUEVA BERNA DEL DISTRITO DE CHONTABAMBA-OXAPAMPA-PASCO",Administración directa,Sin Ejecución,"",18876,CHONTABAMBA,OXAPAMPA,PASCO
72367,0,0,MEJORAMIENTO DE ENMALLADO DE ESTADIO MUNICIPAL,Administración directa,Sin Ejecución,"",16554.37,,,PASCO
72142,2194483,274645,"INSTALACION DEL SERVICIO DE PROTECCION CONTRA INUNDACIONES EN LAS CALLES PEDRO KOHLE, ALFREDO WITTING Y 1RO DE NOVIEMBRE EN EL SECTOR MONTEFUNER, DISTRITO DE POZUZO - OXAPAMPA - PASCO. I ETAPA",Administración directa,Finalizado,21/11/2014 00:00:00,179768.17,POZUZO,OXAPAMPA,PASCO
72118,0,0,CONSTRUCCIÓN DE UN PONTÓN CARROZABLE SOBRE EL RÍO SAN FRANCISCO-SECTOR DE SAN FRANCISCO-DEL DISTRITO DE CHONTABAMBA-OXAPAMPA-PASCO,Administración directa,Sin Ejecución,"",67221,CHONTABAMBA,OXAPAMPA,PASCO
72117,0,0,DESCOLMATACIÓN Y ENCAUZAMIENTO POR EMERGENCIA POR PÉRDIDA DE PLATAFORMA EN EL KM 8 DEL CAMINO VECINAL CHURUMAZÚ-DOS DE MAYO-EL TINGO-DISTRITO DE CHONTABAMBA-OXAPAMPA-PASCO,Administración directa,Sin Ejecución,"",19239.81,CHONTABAMBA,OXAPAMPA,PASCO
72111,0,0,"MEJORAMIENTO DEL SISTEMA DE AGUA EN LA LOCALIDAD DE PUSAPNO, EN EL SECTOR DE MARÍA TERESA, DISTRITO DE CHONTABAMBA-OXAPAMPA-PASCO",Administración directa,Sin Ejecución,"",36302.02,CHONTABAMBA,OXAPAMPA,PASCO
72086,0,0,MEJORAMIENTO DEL CAMINO VECINAL EN EL SECTOR DE ZIPIZÚ DEL DISTRITO DE CHONTABAMBA-OXAPAMPA-PASCO,Administración directa,Sin Ejecución,"",19535.64,CHONTABAMBA,OXAPAMPA,PASCO
72082,0,0,MEJORAMIENTO DE ÁREAS DEPORTIVAS DE LA I.E N° 34215 MIGUEL GRAU SEMINARIO SECTOR DE GRAMAZÚ DEL DISTRITO DE CHONTABAMBA-OXAPAMPA-PASCO,Administración directa,Sin Ejecución,"",21571,CHONTABAMBA,OXAPAMPA,PASCO
72078,0,0,"MEJORAMIENTO DEL SISTEMA DE AGUA EN LA CC. NN. DE TSACHOPEN EN LOS SECTORES MIRAFORES, ZIPIZÚ, GRAMAZÚ-DISTRITO DE CHONTABAMBA-OXAPAMPA-PASCO",Administración directa,Sin Ejecución,"",39358.36,CHONTABAMBA,OXAPAMPA,PASCO
72069,0,0,REHABILITACIÓN POR EMERGENCIA CARRETERA SECTOR PUCUY-DISTRITO DE CHONTABAMBA-OXAPAMPA-PASCO,Administración directa,Sin Ejecución,"",18560,CHONTABAMBA,OXAPAMPA,PASCO
72065,0,0,CONSTRUCCIÓN DE PONTÓN SOBRE EL RÍO SAN MANTARAGRA-CAMINO VECINAL CHURUMAZÚ-DOS DE MAYO-EL TINGO-DISTRITO DE CHONTABAMBA-OXAPAMPA-PASCO,Administración directa,Sin Ejecución,"",17858.07,CHONTABAMBA,OXAPAMPA,PASCO
72063,0,0,CONSTRUCCIÓN DE PONTÓN SOBRE EL RÍO SAN PEDRO-CAMINO VECINAL CHURUMAZÚ-DOS DE MAYO-EL TINGO-DISTRITO DE CHONTABAMBA-OXAPAMPA-PASCO,Administración directa,Sin Ejecución,"",22156.12,CHONTABAMBA,OXAPAMPA,PASCO
72060,0,0,CONSTRUCCIÓN DE PONTÓN SOBRE EL RÍO TIGRE-CAMINO VECINAL CHURUMAZÚ-DOS DE MAYO -EL TINGO-DISTRITO DE CHONTABAMBA-OXAPAMPA-PASCO,Administración directa,Sin Ejecución,"",17143.14,CHONTABAMBA,OXAPAMPA,PASCO
72051,0,0,MEJORAMIENTO DEL CAMPO DEPORTIVO DE LA I.E. N° 34537 DEL SECTOR PAMPA HERMOSA-DISTRITO DE CHONTABAMBA-OXAPAMPA-PASCO,Administración directa,Sin Ejecución,"",27372.54,CHONTABAMBA,OXAPAMPA,PASCO
72048,0,0,REHABILITACIÓN POR EMERGENCIA DE CARRETERA DEL SECTOR SAN FRANCISCO-DISTRITO DE CHONTABAMBA-OXAPAMPA-PASCO,Administración directa,Sin Ejecución,"",22250,CHONTABAMBA,OXAPAMPA,PASCO
72020,0,0,"REHABILITACIÓN POR EMERGENCIA DE LA CARRETERA DEL SECTOR BARRO BLANCO EN EL SECTOR DE TORREBAMBA, DISTRITO DE CHONTABAMBA-OXAPAMPA-PASCO",Administración directa,Sin Ejecución,"",16260,CHONTABAMBA,OXAPAMPA,PASCO
71978,0,0,DESCOLMATACIÓN DE RÍOS Y QUEBRADAS EN ZONAS VULNERABLES EN LOS SECTORES EL TINGO-DOS DE MAYO-CHURUMAZÚ-DISTRITO DE CHONTABAMBA-OXAPAMPA-PASCO,Administración directa,Sin Ejecución,"",30168.40,CHONTABAMBA,OXAPAMPA,PASCO
71911,2167674,251393,"INSTALACION DEL SERVICIO DE AGUA POTABLE Y DISPOSICIÓN DE EXCRETAS EN LA COMUNIDAD NATIVA DE ENOC FLOR DE UN DIA, SECTORES DE: SAN LUIS, GOLONDRINA, FLOR DE UN DIA, YAMUSHIMAS, DISTRITO DE CONSTITUCION - OXAPAMPA - PASCO, III ETAPA",Contrata,Finalizado,12/10/2015 00:00:00,1199992.18,CONSTITUCION,OXAPAMPA,PASCO
71668,0,0,MEJORAMIENTO DEL SISTEMA VIAL A NIVEL DE AFIRMADO EN EL SECTOR ALTO GRAMAZÚ-DISTRITO DE CHONTABAMBA-OXAPAMPA-PASCO,Administración directa,Sin Ejecución,"",13580.61,CHONTABAMBA,OXAPAMPA,PASCO
71659,0,0,MEJORAMIENTO DEL SISTEMA VIAL A NIVEL DE AFIRMADO EN EL SECTOR SAN ROQUE-DISTRITO DE CHONTABAMBA-OXAPAMPA-PASCO,Administración directa,Sin Ejecución,"",13580.61,CHONTABAMBA,OXAPAMPA,PASCO
71640,0,0,REHABILITACIÓN POR EMERGENCIA CARRETERA SECTOR DE AGUA FRESCA-DISTRITO DE CHONTABAMBA-OXAPAMPA-PASCO,Administración directa,Sin Ejecución,"",11755,CHONTABAMBA,OXAPAMPA,PASCO
71636,0,0,RECUPERACIÓN DE CAUCE CON DESCOLMATACIÓN DEL RÍO CHONTABAMBA-SECTOR EL TINGO-DISTRITO DE CHONTABAMBA-OXAPAMPA-PASCO,Administración directa,Sin Ejecución,"",30146.07,CHONTABAMBA,OXAPAMPA,PASCO
71627,0,0,"MEJORAMIENTO DEL SISTEMA VIAL A NIVEL DE AFIRMADO EN EL SECTOR DE SAN MARTÍN, DISTRITO DE CHONTABAMBA-OXAPAMPA-PASCO",Administración directa,Sin Ejecución,"",13580.61,CHONTABAMBA,OXAPAMPA,PASCO
71626,0,0,"MEJORAMIENTO DE LA RED PRIMARIA-SECUNDARIA DE ELECTRIFICACIÓN RURAL EN LOS SECTORES DE SAN MARCOS, POLVORÍN Y SAN ANTONIO DE PUCUY, DISTRITO DE CHONTABAMBA, PROVINCIA DE OXAPAMPA, PASCO",Administración directa,Sin Ejecución,"",35681.54,CHONTABAMBA,OXAPAMPA,PASCO
71589,2167674,251393,"INSTALACION DEL SERVICIO DE AGUA POTABLE Y DISPOSICIÓN DE EXCRETAS EN LA COMUNIDAD NATIVA DE ENOC FLOR DE UN DIA, SECTORES DE: SAN LUIS, GOLONDRINA, FLOR DE UN DIA, YAMUSHIMAS, DISTRITO DE CONSTITUCION - OXAPAMPA - PASCO, II ETAPA",Contrata,Finalizado,3/09/2015 00:00:00,1199992.18,CONSTITUCION,OXAPAMPA,PASCO
71576,0,0,CONSTRUCCIÓN DE DOS AULAS SSHH Y CERCO PERIMETRICO DEL JARDIN DE NIÑOS SAGRADO CORAZÓN DE JESÚS GRAPANAZU DISTRITO DE HUANCABAMBA PROVINCIA DE OXAPAMPA PASCO II ETAPA,Contrata,Finalizado,13/11/2014 00:00:00,101366.30,HUANCABAMBA,OXAPAMPA,PASCO
71559,0,0,"CONSTRUCCIÓN DE LA I.E. JARDIN DE NIÑOS LOS VIRTUOSOS DEL SECTOR DE SAN CARLOS,DISTRITO DE CHONTABAMBA-OXAPAMPA-PASCO",Administración directa,Finalizado,12/07/2017 00:00:00,23667.62,CHONTABAMBA,OXAPAMPA,PASCO
71555,0,0,"CONSTRUCCIÓN DE LETRINAS Y MEJORAMIENTO DEL SISTEMA DE ABASTECIMIENTO DE AGUA EN LA LOCALIDAD DE SAN CARLOS, DISTRITO DE HUANCABAMBA, PROVINCIA OXAPAMPA - PASCO",Contrata,Finalizado,23/09/2014 00:00:00,165428.94,HUANCABAMBA,OXAPAMPA,PASCO
71550,2179472,245764,"CONSTRUCCION DEL CAMINO VECINAL TRAMO CARRETERA MARGINAL - PUERTO ATAHUALPA, DISTRITO DE CONSTITUCION - OXAPAMPA - PASCO",Contrata,Finalizado,16/07/2014 00:00:00,480948.81,CONSTITUCION,OXAPAMPA,PASCO
71549,2185626,263233,"INSTALACION DE AGUA POTABLE Y LETRINAS ECOLOGICAS EN LA CC.NN. ATAHUALPA, DISTRITO DE CONSTITUCION - OXAPAMPA - PASCO",Contrata,Sin Ejecución,"",1644416.86,CONSTITUCION,OXAPAMPA,PASCO
71532,0,0,"CONSTRUCCIÓN DE LETRINAS Y MEJORAMIENTO DEL SISTEMA DE ABASTECIMIENTO DE AGUA EN EL CASERÍO DE MUCHUYMAYO, DISTRITO DE HUANCABAMBA, PROVINCIA DE OXAPAMPA - PASCO",Contrata,Finalizado,19/09/2014 00:00:00,176210.04,HUANCABAMBA,OXAPAMPA,PASCO
71505,2122231,143211,"EJECUCIÓN DE SALDO DE OBRA: CONSTRUCCIÓN DEL CAMINO RURAL BUENAVISTA - CAÑACHACRA, DISTRITO DE POZUZO, PROVINCIA DE OXAPAMPA - PASCO",Contrata,Finalizado,23/02/2018 00:00:00,4954215.72,POZUZO,OXAPAMPA,PASCO
71471,0,0,"MEJORAMIENTO Y AMPLIACIÓN DE LOS SISTEMAS DE AGUA POTABLE Y CONSTRUCCIÓN DE LETRINAS EN LAS LOCALIDADES DE ANANA Y SANTA ROSA, DISTRITO DE HUANCABAMBA - OXAPAMPA -PASCO",Administración directa,Finalizado,1/04/2014 00:00:00,313571.91,HUANCABAMBA,OXAPAMPA,PASCO
71463,0,0,"AMPLIACIÓN DEL SISTEMA DE AGUA POTABLE EN EL SECTOR SAN ROQUE, DISTRITO DE CHONTABAMBA-OXAPAMPA-PASCO",Administración directa,Finalizado,29/03/2017 00:00:00,32770.17,CHONTABAMBA,OXAPAMPA,PASCO
71193,0,0,"CONSTRUCCIÓN DE PISTAS, VEREDAS, MUROS DE CONTENCIÓN Y TRATAMIENTO PAISAJISTICO EN EL DISTRITO DE PALLANCHACRA - PASCO - PASCO",Contrata,Finalizado,17/09/2013 00:00:00,938406.02,PALLANCHACRA,PASCO,PASCO
71192,2246422,301099,"CONSTRUCCION DE LA TROCHA CARROZABLE TRAMOS L 0.00 A 3.60 KM VIZCACHERA- GAPARINA, DISTRITO DE YANAHUANCA, PROVINCIA DE DANIEL ALCIDES CARRION - PASCO",Contrata,Finalizado,19/09/2017 00:00:00,690113.17,YANAHUANCA,DANIEL ALCIDES CARRION,PASCO
71141,2300421,336610,"CREACION DEL SERVICIO POLICIAL DE LA COMISARIA PNP COCHAMARCA EN EL DISTRITO DE VICCO, PROVINCIA DE PASCO - DEPARTAMENTO DE PASCO",Contrata,Finalizado,20/12/2017 00:00:00,3435379.09,VICCO,PASCO,PASCO
71099,0,0,CONSTRUCCIÓN DEL SISTEMA DE DESAGÜE DE NUEVO ORIENTE. DISTRITO DE PALLANCHACRA-PASCO-PASCO,Contrata,Finalizado,7/06/2013 00:00:00,300584.43,PALLANCHACRA,PASCO,PASCO
71016,2191181,279017,"MEJORAMIENTO DE LOS SERVICIOS EDUCATIVOS EN LA I.E. PRIMARIA N 34499 DE LA CC.NN. LA VIÑA DE DINAMARCA, DISTRITO DE CONSTITUCION - OXAPAMPA - PASCO, I ETAPA",Contrata,Finalizado,5/08/2014 00:00:00,471344.97,CONSTITUCION,OXAPAMPA,PASCO
70982,2296498,339559,"MEJORAMIENTO DE LAS CONDICIONES DE SALUBRIDAD DEL SERVICIO DE ALIMENTACION ESCOLAR EN LAS INSTITUCIONES EDUCATIVAS IEP N 34372 PUERTO AMISTAD (CODIGO MODULAR 0221853) , IEB N 34432 NUEVO PORVENIR (CODIGO MODULAR 0629634) , IEI VIRGEN DE CHAPI YARINA (CODIGO MODULAR 1404292) , IEJN HUELLITAS DEL FUTURO (CODIGO MODULAR 1690700), DEL DISTRITO DE CONSTITUCION",Por núcleo ejecutor,Finalizado,20/05/2017 00:00:00,1148212.26,CONSTITUCION,OXAPAMPA,PASCO
70980,2294807,336877,"MEJORAMIENTO DE LAS CONDICIONES DE SALUBRIDAD DEL SERVICIO DE ALIMENTACION ESCOLAR EN LAS INSTITUCIONES EDUCATIVAS I.E.P N 34676 (1341627) LOCALIDAD TRES HERMANOS EL MILAGRO, I.E.P N 34459 (0684415) LOCALIDAD VILLA ALEGRE QUIRISHARI, I.E.P N 34269 (0425793) LOCALIDAD PUERTO YESUPE Y I.E.I GOTITAS DE AMOR (1403922) LOCALIDAD PUERTO YESUPE, DISTRITO DE PUERTO BERMUDEZ",Por núcleo ejecutor,Finalizado,18/11/2016 00:00:00,1130692,PUERTO BERMUDEZ,OXAPAMPA,PASCO
70970,2293935,335658,"MEJORAMIENTO DE LAS CONDICIONES DE SALUBRIDAD DEL SERVICIO DE ALIMENTACION ESCOLAR EN LAS I.E. N° 34321 PRIMARIA (0426007) LOCALIDAD MOSQUITO PLAYA, I.E. N° 34626 DONATO CORREA PANDURO PRIMARIA (1161488) LOCALIDAD PUERTO ORELLANA, I.E. N° 34466 PRIMARIA (0709535) LOCALIDAD VILLA ASIS KIMPIRARI, I.E. 34272 PRIMARIA (0425827) LOCALIDAD PORVENIR, DISTRITO CONSTITUCION",Por núcleo ejecutor,Finalizado,7/11/2016 00:00:00,1159104.46,CONSTITUCION,OXAPAMPA,PASCO
70948,2337453,376426,"MEJORAMIENTO Y REHABILITACIÓN DE LA CARRETERA USHUN - MALLAN BAJO, DISTRITO DE HUACHÓN - PASCO - PASCO",Contrata,Finalizado,10/08/2020 00:00:00,4600661.01,,PASCO,PASCO
70939,2294804,336863,"MEJORAMIENTO DE LAS CONDICIONES DE SALUBRIDAD DEL SERVICIO DE ALIMENTACION ESCOLAR EN LAS INSTITUCIONES EDUCATIVAS I.E N° 34227 PRIMARIA (0549840) LOCALIDAD SANTA ROSA DE CHIVIS, I.E. N° 34365 PRIMARIA (0541284) LOCALIDAD ALVARIÑO, I.E. N° 34320 PRIMARIA (0425991) LOCALIDAD CHINCHIHUAQUI, I.E. N° 34230 PRIMARIA (0425769) LOCALIDAD ALTO CHIVIS, DISTRITO DE PUERTO BERMUDEZ-OXAPAMPA-PASCO",Administración directa,Finalizado,24/11/2016 00:00:00,1119334.48,PUERTO BERMUDEZ,OXAPAMPA,PASCO
70894,2173359,21775,"MEJORAMIENTO DE LA CARRETERA NINACACA - HUACHON, PROVINCIA PASCO - REGION PASCO",Contrata,Finalizado,2/04/2018 00:00:00,80956088.70,NINACACA,PASCO,PASCO
70781,2185627,263206,"INSTALACION DE AGUA POTABLE Y LETRINAS ECOLOGICAS EN LA CC.NN. MORONA, DISTRITO DE CONSTITUCION - OXAPAMPA - PASCO",Contrata,Finalizado,16/08/2014 00:00:00,350222.27,CONSTITUCION,OXAPAMPA,PASCO
70660,0,0,"MEJORAMIENTO GENÉTICO DE GANADO OVINO EN LA LOCALIDAD DE HUACHUACOCHA - POCOC DEL DISTRITO DE SAN PEDRO DE PILLAO, PROVINCIA DANIEL ALCIDES CARRION - PASCO",Administración directa,Finalizado,7/09/2016 00:00:00,100000,SAN PEDRO DE PILLAO,DANIEL ALCIDES CARRION,PASCO
70637,2301822,341239,"CREACION MURO DE CONTENCION Y GRADERIAS EN EL CAMPO DEPORTIVO DE LA I.E. N 34139 DE LA LOCALIDAD SAN PEDRO DE PILLAO, DISTRITO DE SAN PEDRO DE PILLAO - DANIEL ALCIDES CARRION - PASCO",Administración directa,Finalizado,2/02/2017 00:00:00,560469.29,SAN PEDRO DE PILLAO,DANIEL ALCIDES CARRION,PASCO
70609,2303359,342369,"CREACION DEL SERVICIO DE TRANSITABILIDAD URBANA DE LA LOCALIDAD DE MACARCANCHA Y BARRIO CHAUYAR, DISTRITO DE PALLANCHACRA - PASCO - PASCO",Contrata,Finalizado,6/09/2017 00:00:00,1554397,PALLANCHACRA,PASCO,PASCO
70600,2195991,294198,"MEJORAMIENTO DE LOS SERVICIOS EDUCATIVOS EN LA I.E. PRIMARIA JORGE GUILLEN DE LA CC.NN. YAMUSHIMAS, DISTRITO DE CONSTITUCION - OXAPAMPA - PASCO",Contrata,Finalizado,15/08/2014 00:00:00,315594.99,CONSTITUCION,OXAPAMPA,PASCO
70200,0,0,RECUPERACION DE LOS SERVICIOS ECOSISTÉMICOS EN LA CUENCA DEL MANTARO CONTAMINADA POR LOS PASIVOS AMBIENTALES MINEROS DE LA EX UNIDAD MINERA DESMONTERA EXCELSIOR DISTRITO DE SIMÓN BOLÍVAR - PROVINCIA Y REGIÓN PASCO,Contrata,Finalizado,9/12/2017 00:00:00,144504132.70,,PASCO,PASCO
70026,0,0,"Ejecución de obra, Construcción de la Agencia Puerto Bermúdez - Pasco",Contrata,Finalizado,14/09/2017 00:00:00,1616168.13,,PASCO,PASCO
69997,2229577,240004,"INSTALACION DEL SERVICIO DE PROTECCIÓN CONTRA INUNDACIONES EN LA LOCALIDAD DE PAUCARTAMBO EN AMBAS MÁRGENES DEL RÍO ATAPALLPAN - TRAMO LOCAL UNDAC Y PUENTE LA AMISTAD DEL DISTRITO DE PAUCARTAMBO, PASCO- PASCO",Contrata,Finalizado,6/03/2018 00:00:00,5051790.21,PAUCARTAMBO,PASCO,PASCO
69991,2216664,192225,"EJECUCIÓN DE SALDO DE OBRA: REHABILITACIÓN, MEJORAMIENTO Y EQUIPAMIENTO DE LA INSTITUCIÓN EDUCATIVA INTEGRADA N° 34019 PETRONILA SÁNCHEZ CÁRDENAS DISTRITO DE HUANCABAMBA, PROVINCIA DE OXAPAMPA - PASCO",Contrata,Finalizado,1/02/2017 00:00:00,1332808.95,HUANCABAMBA,OXAPAMPA,PASCO
69926,2223857,214565,"MEJORAMIENTO DE VÍAS CON PAVIMENTO, VEREDAS, MURO DE CONTENCIÓN Y ÁREAS VERDES EN LAS CALLES: 2 DE MAYO CDRA. 2, HUASCAR CDRA. 2 Y 3, PSJES: 01 Y 12, JR: TACNA CDRA. 1 DEL AA. HH. ULIACHIN, DISTRITO DE CHAUPIMARCA, PROVINCIA DE PASCO - PASCO",Contrata,Finalizado,7/09/2017 00:00:00,848987.02,CHAUPIMARCA,PASCO,PASCO
69921,0,0,"EJECUCION DE OBRA CREACION DE LETRINAS Y MEJORAMIENTO DEL SISTEMA DE AGUA POTABLE DE LA LOCALIDAD DE SAN PEDRO DE HERRERIA, DISTRITO DE HUANCABAMBA PROVINCIA DE OXAPAMPA-REGION PASCO",Contrata,Finalizado,7/08/2017 00:00:00,334615.14,HUANCABAMBA,OXAPAMPA,PASCO
69645,2197609,270565,"MEJORAMIENTO Y AMPLIACIÓN DEL SISTEMA DE ABASTECIMIENTO DE AGUA POTABLE E INSTALACIÓN DE SISTEMA DE ALCANTARILLADO Y TRATAMIENTO DE AGUAS RESIDUALES EN EL ANEXO DE PUMARAUCA, DISTRITO DE PAUCARTAMBO - PASCO - PASCO",Contrata,Finalizado,7/08/2017 00:00:00,432166.96,PAUCARTAMBO,PASCO,PASCO
69618,2248071,306886,"MEJORAMIENTO DEL PUENTE PEATONAL EN LA ZONA DE LAURACORRAL DEL BARRIO DE PALCA DE LA COMUNIDAD CAMPESINA DE TINGO PALCA, DISTRITO DE YANACANCHA - PASCO - PASCO",Contrata,Finalizado,16/08/2017 00:00:00,129392.82,YANACANCHA,PASCO,PASCO
69617,2238235,267514,"INSTALACION DEL SISTEMA DE LETRINAS SANITARIAS ECOLOGICAS PARA MANEJO DE EXCRETAS EN EL CASERIO DE HUAPSACANCHA, DISTRITO DE YANACANCHA - PASCO - PASCO",Contrata,Finalizado,5/09/2017 00:00:00,155920.85,YANACANCHA,PASCO,PASCO
69556,2305066,343887,"MEJORAMIENTO Y REHABILITACIÓN DE LA TROCHA CARROZABLE VILLA DE PASCO-PILLCOCANCHA, DISTRITO FUNDICIÓN DE TINYAHUARCO-PASCO-PASCO",Contrata,Finalizado,27/07/2017 00:00:00,382526,TINYAHUARCO,PASCO,PASCO
69504,2195250,290582,"MEJORAMIENTO DEL SERVICIO EDUCATIVO EN EL JARDIN DE NIÑOS SAN JUAN DE DIOS DISTRITO DE VILCABAMBA, PROVINCIA DE DANIEL ALCIDES CARRION - PASCO",Contrata,Sin Ejecución,"","",VILCABAMBA,DANIEL ALCIDES CARRION,PASCO
69385,2250058,258237,"INSTALACION DE SERVICIO DE PROTECCION EN EL RIO DE SANTA CRUZ EN LA LOCALIDAD DE TINGO MAL PASO DEL DISTRITO POZUZO, PROVINCIA OXAPAMPA, REGION PASCO",Contrata,Finalizado,7/06/2023 00:00:00,4552748.87,POZUZO,OXAPAMPA,PASCO
69273,2294109,277557,"CREACION DEL LOCAL MUNICIPAL EN EL CENTRO POBLADO DE ORELLANA, DISTRITO DE CONSTITUCION - OXAPAMPA - PASCO",Contrata,Finalizado,21/07/2017 00:00:00,303717.50,CONSTITUCION,OXAPAMPA,PASCO
69211,2319409,356355,"INSTALACIÓN DE LOS SERVICIO DE AGUA POTABLE Y LETRINAS CON ARRASTRE HIDRAHULICO EN LAS LOCALIDADES DE CHIRIC, MULACHURCO, NUEVA ESPERANZA, Y VILLA CARRION, DISTRITO DE TICLACAYAN - PASCO - PASCO",Contrata,Finalizado,1/08/2017 00:00:00,1483015.98,TICLACAYAN,PASCO,PASCO
69096,2167128,250116,"CREACION DEL SERVICIO DE AGUA PARA EL SISTEMA DE RIEGO PUCACOCHA EN LA COMUNIDAD CAMPESINA SAN PEDRO DE RACCO, DISTRITO DE SIMON BOLIVAR - PASCO - PASCO",Contrata,Sin Ejecución,"","",SIMON BOLIVAR,PASCO,PASCO
68979,2219056,230357,"CREACION DE TROCHA CARROZABLE TRAMO CHANGO SHIMANA L 7 520 KM. DISTRITO DE CHACAYAN, PROVINCIA DE DANIEL ALCIDES CARRION PASCO",Contrata,Finalizado,6/11/2017 00:00:00,3401155,CHACAYAN,DANIEL ALCIDES CARRION,PASCO
68963,2236787,255379,"INSTALACION DEL SISTEMA DE RIEGO EN LA LOCALIDAD DE SHINCA RABI, DISTRITO DE YANAHUANCA, PROVINCIA DE DANIEL ALCIDES CARRION - PASCO",Contrata,Sin Ejecución,"",6226559.43,YANAHUANCA,DANIEL ALCIDES CARRION,PASCO
68949,0,0,"CONSTRUCCION DE CARRETERA Y PUENTES VILLA CORAZON DE JESUS -SHALALI-PULIAJ -PUENTE AMAQUILCA, DISTRITO DE SANTA ANA DE TUSI - DANIEL ALCIDES CARRION - PASCO.",Contrata,En Ejecución,22/12/2017 00:00:00,5370223.88,SANTA ANA DE TUSI,DANIEL ALCIDES CARRION,PASCO
68911,2334257,373418,"MEJORAMIENTO DE PISTAS Y VEREDAS DEL JR. 06 DE AGOSTO Y JR. CUSCO DEL SECTOR 3 DEL AA.HH. ULIACHIN, DISTRITO DE CHAUPIMARCA, PROVINCIA Y DEPARTAMENTO DE PASCO.",Contrata,Finalizado,4/08/2017 00:00:00,848043,CHAUPIMARCA,PASCO,PASCO
68872,2226794,242066,"REHABILITACION, MEJORAMIENTO DEL CAMINO VECINAL TRAMO: CARRETERA BELAUNDE TERRY - OBCHIS - PTO VIOLETA - ORELLANA Y ACCESOS, DISTRITO DE CONSTITUCION - OXAPAMPA - PASCO",Contrata,Finalizado,23/10/2018 00:00:00,8887534.23,CONSTITUCION,OXAPAMPA,PASCO
68774,2246095,299885,"CREACION DE PISTA, VEREDAS Y AREAS VERDES EN LA LOCALIDAD DE BATANCHACA, DISTRITO DE SAN FRANCISCO DE ASIS DE YARUSYACAN - PASCO - PASCO",Contrata,Finalizado,2/05/2018 00:00:00,"",SAN FRANCISCO DE ASIS DE YARUSYACAN,PASCO,PASCO
68738,2261101,315283,"MEJORAMIENTO Y AMPLIACIÓN DE LA RED DE CONDUCCIÓN DE AGUA, CELMÍN HACIA EL C.P. DE COCHAMARCA DISTRITO DE VICCO, PROVINCIA DE PASCO - PASCO",Contrata,Paralizada,5/12/2017 00:00:00,3919489.22,VICCO,PASCO,PASCO
68737,2260349,314458,"MEJORAMIENTO DE LAS CALLES JR. LIMA CUADRAS DEL 1 AL 3, JR. 17 DE MARZO CUADRAS DEL 1 AL 3, JR. SIMON HERRERA CUADRAS 5 Y 6 Y JR. DE LA UNION CUADRAS 5 Y 6, EN CENTRO POBLADO DE SHELBY, DISTRITO DE VICCO, PROVINCIA DE PASCO - PASCO",Contrata,Finalizado,10/08/2017 00:00:00,4239256,VICCO,PASCO,PASCO
68726,2334696,373837,"MEJORAMIENTO DEL CAMINO VECINAL TRAMOS: MAJONTINI -VALLE NAZARET (EMPALME A RUTA B), DISTRITO DE PUERTO BERMUDEZ - PROVINCIA DE OXAPAMPA, DEPARTAMENTO DE PASCO",Contrata,En Ejecución,1/04/2024 00:00:00,40640133.34,PUERTO BERMUDEZ,OXAPAMPA,PASCO
68692,2166276,228898,"INSTALACION Y REPRESAMIENTO DE LA LAGUNA ESTANCO Y SISTEMA DE RIEGO POR ASPERSION EN LAS COMUNIDADES CAMPESINA DE SAN PEDRO DE RACCO - QUIULACOCHA, DISTRITO DE SIMON BOLIVAR - PASCO - PASCO",Contrata,Sin Ejecución,"",4659571.31,SIMON BOLIVAR,PASCO,PASCO
68639,2232237,230925,"MEJORAMIENTO Y AMPLIACION DE LOS SERVICIOS DE LOS CETPROS EN LOS DISTRITOS DE CHACAYAN, PAUCAR, SAN PEDRO DE PILLAO, SANTA ANA DE TUSI, VILCABAMBA, YANAHUANCA - PROVINCIA DANIEL CARRION -DEPARTAMENTO PASCO.",Contrata,Finalizado,2/10/2018 00:00:00,9312067.55,VILCABAMBA,PASCO,PASCO
68620,2238321,267861,"INSTALACIÓN DEL SISTEMA DE RIEGO DE AREA AGRICOLA DE PILLAO BAJO - LUCMAPAMPA, DISTRITO DE SAN PEDRO DE PILLAO - DANIEL ALCIDES CARRION - PASCO",Contrata,Finalizado,3/11/2017 00:00:00,2873806.76,SAN PEDRO DE PILLAO,DANIEL ALCIDES CARRION,PASCO
68615,2316360,353621,"CREACION DEL SISTEMA DE AGUA POTABLE Y SANEAMIENTO DEL ANEXO DE PAMPA MARCA ALTA DEL CENTRO POBLADO DE SANTA ISABEL, DISTRITO DE PAUCARTAMBO - PASCO - PASCO",Contrata,Finalizado,20/06/2017 00:00:00,603673.80,PAUCARTAMBO,PASCO,PASCO
68506,2313593,351213,"MEJORAMIENTO Y REHABILITACION DEL CAMINO VECINAL TRAMO: RIO PICHIS - TUPAC AMARU - BOCA SHIRARINE, DISTRITO DE PUERTO BERMUDEZ - OXAPAMPA - PASCO",Contrata,Finalizado,14/08/2017 00:00:00,3263184.17,PUERTO BERMUDEZ,OXAPAMPA,PASCO
68494,2233766,237188,AMPLIACION DEL SISTEMA ELECTRICO RURAL DE LAS LOCALIDADES ENTRE HASWALD Y BELLA ESPERANZA-CHATARRA-PALCAZU Y CIUDAD CONSTITUCION -OXAPAMPA-PASCO,Contrata,Finalizado,12/03/2014 00:00:00,15867446.70,CONSTITUCION,OXAPAMPA,PASCO
68471,2338591,377478,"MEJORAMIENTO DEL CAMINO VECINAL ENTRE LAS COMUNIDADES NATIVAS DE ALTO SIRIA Y SAN JOSE DE SANTARIANI, DISTRITO DE CONSTITUCION - OXAPAMPA - PASCO.",Contrata,Sin Ejecución,"",2658606.77,CONSTITUCION,OXAPAMPA,PASCO
68442,2301336,340834,"CREACION DE TROCHA CARROZABLE DEL ANEXO DE BUENOS AIRES- CRUCE CARRETERA PAUCARTAMBO HUALLAMAYO, DISTRITO DE PAUCARTAMBO - PASCO - PASCO",Contrata,Finalizado,7/06/2018 00:00:00,422461.68,PAUCARTAMBO,PASCO,PASCO
68375,2337035,376031,"MEJORAMIENTO DE CALLES EN EL JR. CAJAMARCA CDRA 1, JR. HUANCAVELICA CDRAS 1-3, JR. AREQUIPA CDRAS 1-2, JR. APURIMAC CDRAS 1-2, JR. ANDRES A. CACERES CDRAS 1-3, JR. PUNO CDRAS 1-3 Y JR. CERRO DE PASCO CDRAS 1-4 EN EL CENTRO POBLADO DE COCHAMARCA, DISTRITO DE VICCO - PASCO - PASCO",Contrata,Finalizado,4/08/2017 00:00:00,4966229.07,VICCO,PASCO,PASCO
68321,2323845,360704,"MEJORAMIENTO DE LOS SERVICIO DE ALCANTARILLADO Y PLANTA DE TRATAMIENTO DE LA LOCALIDAD DE MACARCANCHA DEL CENTRO POBLADO LA MERCED DE JARRIA, DISTRITO DE PALLANCHACRA - PASCO - PASCO",Contrata,Finalizado,3/07/2017 00:00:00,415804.96,PALLANCHACRA,PASCO,PASCO
68194,2262574,316591,"MEJORAMIENTO DEL CAMINO VECINAL VICCO - PUENTE UPAMAYO, DISTRITO DE VICCO, PROVINCIA DE PASCO - PASCO",Contrata,Finalizado,21/07/2017 00:00:00,8123001,VICCO,PASCO,PASCO
68192,2341306,380046,"MEJORAMIENTO Y REHABILITACIÓN DEL CAMINO VECINAL GARACHUCO ALTA Y BAJA - UYLLURIMI - AYARAGRA EN EL CENTRO POBLADO DE COCHAMARCA, DISTRITO DE VICCO - PASCO - PASCO",Contrata,Finalizado,21/07/2017 00:00:00,3934582.21,VICCO,PASCO,PASCO
68099,2323266,360161,"CREACION DEL SERVICIO DE AGUA POTABLE Y SANEAMIENTO EN LOS SECTORES, CARTAGENA,BELLAS ARTES, JUAN VELASCO ALVARADO I,II,III,IV Y V ETAPA DE LA LOCALIDAD DE CONSTITUCION, DISTRITO DE CONSTITUCION - OXAPAMPA - PASCO",Contrata,Sin Ejecución,"",219766125.34,CONSTITUCION,OXAPAMPA,PASCO
67984,2284399,326110,"INSTALACION DEL SERVICIO DE AGUA POTABLE Y DISPOSICIÓN DE EXCRETAS EN LA CC.NN. SAN JUAN DE CAHUAPANAS, DISTRITO DE PUERTO BERMUDEZ, PROVINCIA DE OXAPAMPA - PASCO",Contrata,Finalizado,15/08/2017 00:00:00,969024.17,PUERTO BERMUDEZ,OXAPAMPA,PASCO
67983,2284398,326109,"INSTALACION DEL SERVICIO DE AGUA POTABLE Y DISPOSICIÓN DE EXCRETAS EN LA CC.NN. PUERTO LAGARTO, DISTRITO DE PUERTO BERMUDEZ, PROVINCIA DE OXAPAMPA - PASCO",Contrata,Finalizado,21/06/2017 00:00:00,1186969.99,PUERTO BERMUDEZ,OXAPAMPA,PASCO
67774,0,0,"EJECUCION DE OBRA: CREACION DE CERCO PERIMETRICO DEL PUESTO DE SALUD DE LA LOCALIDA DE LANTURACHI , DISTRITO DE HUANCABAMBA PROVINCIA DE OXAPAMAPA REGION DE PASCO.",Contrata,Finalizado,22/05/2017 00:00:00,184337.65,HUANCABAMBA,PASCO,PASCO
67755,2218932,232858,"EJECUCIÓN DE LA OBRA CREACION DE PISTAS Y VEREDAS EN EL JIRON FERROCARRIL DEL BARRIO DE JATUMPAMPA DEL CENTRO POBLADO DE HUACHON, DISTRITO DE HUACHON, PROVINCIA DE PASCO - PASCO",Contrata,Sin Ejecución,"",641948.93,HUACHON,PASCO,PASCO
67711,2336843,375855,"CREACION DE PISTAS Y VEREDAS DEL JR. CERRO DE PASCO, TRAMO INICIO AV. LOS INCAS FIN AVENIDA INDUSTRIAL Y JR. SEÑOR DE LOS MILAGROS, TRAMO INICIO AV. LOS INCAS FIN AV. INDUSTRIAL EN LA LOCALIDAD FUNDICION DE TINAHUARCO DE, DISTRITO DE TINYAHUARCO - PASCO - PASCO",Contrata,Finalizado,12/05/2017 00:00:00,898283.06,TINYAHUARCO,PASCO,PASCO
67565,2282422,322742,"EXPEDIENTE TECNICO DEL PROYECTO MEJORAMIENTO DE LOS SERVICIOS EDUCATIVOS DE LA I.E. CENTENARIO DE VILCABAMBA, DISTRITO DE VILCABAMBA DANIEL ALCIDES CARRION PASCO",Contrata,Sin Ejecución,"","",VILCABAMBA,DANIEL ALCIDES CARRION,PASCO
67557,2217915,232114,"CONSTRUCCION DE TROCHA CARROZABLE RAMOSGASHA - AÑASMUQUINAN DE LA LOCALIDAD DE PAUCARTAMBO, DISTRITO DE PAUCARTAMBO - PASCO - PASCO",Contrata,Finalizado,14/06/2017 00:00:00,918918.30,PAUCARTAMBO,PASCO,PASCO
67535,2325614,362264,"CREACION E IMPLEMENTACION DE LA CASA DE LA MUJER Y DEL ÑIÑO EN LA LOCALIDAD DE CONSTITUCION, DISTRITO DE CONSTITUCION - OXAPAMPA - PASCO",Administración directa,Finalizado,26/05/2017 00:00:00,279861.43,CONSTITUCION,OXAPAMPA,PASCO
67478,2305918,344636,"MEJORAMIENTO DE LA TRANSITABILIDAD VEHICULAR Y PEATONAL DEL JIRON FREY DEL DISTRITO DE OXAPAMPA, PROVINCIA DE OXAPAMPA - PASCO",Contrata,Finalizado,4/11/2017 00:00:00,4562688.93,OXAPAMPA,OXAPAMPA,PASCO
67432,2308231,346769,"MEJORAMIENTO DEL SERVICIO DE TRANSITABILIDAD VEHICULAR Y PEATONAL DEL JIRÓN BOLIVAR, DISTRITO DE OXAPAMPA, PROVINCIA DE OXAPAMPA - PASCO",Contrata,Finalizado,31/07/2017 00:00:00,3939554.70,OXAPAMPA,OXAPAMPA,PASCO
67402,2165867,243221,"AMPLIACION Y MEJORAMIENTO DE PAVIMENTACION DE LAS CALLES DE LOS JIRONES 28 DE JULIO, TACNA, TUPAC AMARU, GERARDO PATIÑO, CALLE 2, PASAJES 6, 7, 14 , DEL CENTRO POBLADO DE PARAGSHA, DISTRITO DE SIMON BOLIVAR - PASCO - PASCO",Contrata,Finalizado,18/07/2017 00:00:00,1639169.72,SIMON BOLIVAR,PASCO,PASCO
67400,2164446,236660,"MEJORAMIENTO DE PISTAS, VEREDAS Y DRENAJE PLUVIAL DE LAS CALLES SAN ANTONIO Y PASAJE LUIS PARDO EN EL AA. HH. JOSE CARLOS MARIATEGUI SECTOR 1, DISTRITO DE SIMON BOLIVAR - PASCO - PASCO",Contrata,Finalizado,18/07/2017 00:00:00,1267347.59,SIMON BOLIVAR,PASCO,PASCO
67396,2157483,203964,"CREACION DE GRADERIAS, AREAS VERDES Y OBRAS DE ARTE EL AA. HH. JOSE CARLOS MARIATEGUI SECTOR 1 Y 3, DISTRITO DE SIMON BOLIVAR - PASCO - PASCO",Contrata,Finalizado,7/08/2017 00:00:00,2114239.77,SIMON BOLIVAR,PASCO,PASCO
67376,2330458,368279,"CREACION DEL SERVICIO RECREATIVO DEPORTIVO LOSA MULTIUSOS EN LA CALLE LOS CEDROS DE LA LOCALIDAD DE LORENCILLO 1, DISTRITO DE CONSTITUCION - OXAPAMPA - PASCO",Contrata,Finalizado,1/06/2017 00:00:00,101511.87,CONSTITUCION,OXAPAMPA,PASCO
67325,2328779,365117,"MEJORAMIENTO DEL ESTADIO MUNICIPAL DEL CENTRO POBLADO DE QUIULACOCHA, DISTRITO DE SIMON BOLIVAR, PROVINCIA DE PASCO, DEPARTAMENTO DE PASCO",Administración directa,En Ejecución,1/10/2016 00:00:00,1072699,SIMON BOLIVAR,PASCO,PASCO
67099,2182677,256251,"MEJORAMIENTO Y AMPLIACIÓN DE LA PRESTACION DE SERVICIOS DE SALUD EN SAN PEDRO DE PILLAO, DISTRITO DE SAN PEDRO DE PILLAO - DANIEL ALCIDES CARRION - PASCO",Contrata,Finalizado,19/06/2017 00:00:00,836951.17,SAN PEDRO DE PILLAO,DANIEL ALCIDES CARRION,PASCO
67005,2314765,352323,"CREACION DE TROCHA CARROZABLE RERGOY- RANCAS-SHUYHUA DEL CENTRO POBLADO DE ACOPALCA, DISTRITO DE PAUCARTAMBO - PASCO - PASCO",Contrata,Finalizado,17/10/2018 00:00:00,4607766.76,PAUCARTAMBO,PASCO,PASCO
67004,2305450,344245,"CREACION DE TROCHA CARROZABLE ANEXO LIRIOPAMPA -PARACSHA DEL CENTRO POBLADO DE CHUPACA, DISTRITO DE PAUCARTAMBO - PASCO - PASCO",Contrata,Finalizado,9/09/2020 00:00:00,3590244.31,PAUCARTAMBO,PASCO,PASCO
66921,2212913,182317,"MEJORAMIENTO DE PISTAS, VEREDAS Y AREAS VERDES EN LA CALLE LAS PALMERAS DE CHOROBAMBA, DISTRITO DE HUANCABAMBA, PROVINCIA DE OXAPAMPA - PASCO",Administración directa,Finalizado,6/02/2013 00:00:00,2234616.17,HUANCABAMBA,OXAPAMPA,PASCO
66877,2180819,259481,"INSTALACIÓN DEL SISTEMA DE AGUA POTABLE Y SANEAMIENTO DE LAS LOCALIDADES DE SAN JOSÉ DE SANTARIANI, UNIÓN SIRIA, KIMPIRARI Y CAHUAPANAS, DISTRITO DE CONSTITUCIÓN - OXAPAMPA - PASCO",Contrata,Sin Ejecución,"",70000,OXAPAMPA,OXAPAMPA,PASCO
66778,2338738,377615,"MEJORAMIENTO Y AMPLIACION DE LOS SERVICIOS DE EDUCACION SECUNDARIA EN LA I.E. 34383 VICTOR TORRES SALCEDO EN LA CC.NN. ALTO SAN LUIS DE CHINCHIHUANI, DISTRITO DE CONSTITUCION - OXAPAMPA - PASCO",Contrata,Sin Ejecución,"",55000,CONSTITUCION,OXAPAMPA,PASCO
66759,2318748,355742,"REHABILITACION Y MEJORAMIENTO DEL CAMINO VECINAL ENTRE LA CARRETERA FERNANDO BELAUNDE TERRY KM 179 Y ACCESO A LORENCILLO II, DISTRITO DE CONSTITUCION - OXAPAMPA - PASCO",Contrata,Finalizado,21/09/2017 00:00:00,2593328,CONSTITUCION,OXAPAMPA,PASCO
66527,2312652,349784,"CREACION DE LOCAL DE USOS MULTIPLES DEL ANEXO DE SANTA ANITA DEL CENTRO POBLADO DE SANTA ISABEL, DISTRITO DE PAUCARTAMBO - PASCO - PASCO",Contrata,Finalizado,17/04/2017 00:00:00,277092.74,PAUCARTAMBO,PASCO,PASCO
66526,2313771,351391,"MEJORAMIENTO DEL SERVICIO EDUCATIVO DE LA I.E. N 34062 DEL ANEXO DE TINDALPATA DEL CENTRO POBLADO DE SANTA ISABEL , DISTRITO DE PAUCARTAMBO - PASCO - PASCO",Contrata,Finalizado,15/04/2017 00:00:00,519795.90,PAUCARTAMBO,PASCO,PASCO
66381,2335981,375035,"MEJORAMIENTO E IMPLEMENTACIÓN DE LA INFRAESTRUCTURA DE ALTO RENDIMIENTO DEL CASERÍO DE LEÓN PATA EN EL, DISTRITO DE HUAYLLAY - PASCO - PASCO",Administración directa,Finalizado,1/02/2017 00:00:00,214559.54,HUAYLLAY,PASCO,PASCO
66319,2074876,86297,"REHABILITACION DEL CAMINO VECINAL EMP. PE-5NA RIO PISCO - ALTO CHURUMAZU, DISTRITO DE OXAPAMPA, PROVINCIA DE OXAPAMPA - PASCO",Contrata,Finalizado,28/06/2017 00:00:00,2451382.92,OXAPAMPA,OXAPAMPA,PASCO
66318,2313996,351606,"MEJORAMIENTO Y AMPLIACION DEL SERVICIO DE AGUA POTABLE Y SANEAMIENTO DEL ANEXO DE MASHAMPAMPA DEL CENTRO POBLADO DE HUALLAMAYO, DISTRITO DE PAUCARTAMBO - PASCO - PASCO",Contrata,Finalizado,4/04/2017 00:00:00,682143.40,PAUCARTAMBO,PASCO,PASCO
66289,2292002,333420,"INSTALACION DE LOS SERVICIOS DE AGUA POTABLE Y DISPOSICION SANITARIA DE EXCRETAS EN EL ANEXO DE NUEVA AURORA, DISTRITO DE TICLACAYAN - PASCO - PASCO",Contrata,Finalizado,1/08/2017 00:00:00,1150142.77,TICLACAYAN,PASCO,PASCO
66106,2339425,378285,"AMPLIACION DEL SERVICIO EDUCATIVO PROVISIONAL DE LA RESIDENCIA DEL COLEGIO DE ALTO RENDIMIENTO (COAR) - PASCO, DISTRITO DE CHONTABAMBA, PROVINCIA DE OXAPAMPA, REGION PASCO.",Administración directa,Finalizado,18/01/2017 00:00:00,2223358.15,CHONTABAMBA,OXAPAMPA,PASCO
66063,0,0,MANTENIMIENTO DE LA INFRAESTRUCTURA DEL MERCADO CENTRAL DEL DISTRITO DE CHAUPIMARCA PASCO,Contrata,Finalizado,19/10/2016 00:00:00,263541.86,CHAUPIMARCA,PASCO,PASCO
66057,2157301,95555,"MEJORA DE LA CAPACIDAD RESOLUTIVA Y OPERATIVA DEL HOSPITAL ROMÁN EGOAVIL PANDO DEL DISTRITO DE VILLA RICA, PROVINCIA OXAPAMPA, REGION PASCO",Contrata,Paralizada,23/11/2019 00:00:00,125243328.87,VILLA RICA,OXAPAMPA,PASCO
65953,2121252,158147,"CONSTRUCCION DE PISTAS Y VEREDAS EN LAS CALLES DEL SECTOR PRUSIA , DISTRITO DE POZUZO, PROVINCIA DE OXAPAMPA - PASCO",Contrata,Finalizado,3/03/2017 00:00:00,1444990.74,POZUZO,OXAPAMPA,PASCO
65785,0,0,MEJORAMIENTO DEL ORNATO DE LA CALLE PRINCIPAL EN EL BARRIO YANACOCHA ALTA,Contrata,Finalizado,10/07/2013 00:00:00,90947.28,,,PASCO
65768,0,0,CONSTRUCCIÓN TRIBUNA PRINCIPAL DEL ESTADIO MUNICIPAL DE HUARIACA - HUARIACA - PASCO. COMPONENTE II,Contrata,Finalizado,12/01/2013 00:00:00,1517008.30,HUARIACA,PASCO,PASCO
65761,0,0,CONSTRUCCIÓN DE PARQUE INFANTIL DE COCHATUPE HUARIACA - PASCO,Contrata,Finalizado,16/07/2016 00:00:00,67772.89,HUARIACA,PASCO,PASCO
65752,0,0,"CONSTRUCCIÓN DE LA ALAMEDA Y AREAS VERDES EN LA AURORA - MARIATEGUI CENTRO POBLADO SAN ANTONIO DE MALAUCHACA , DISTRITO DE TICLACAYAN, PROVINCIA DE PASCO Y REGION DE PASCO",Contrata,Finalizado,2/01/2012 00:00:00,590344.56,TICLACAYAN,PASCO,PASCO
65661,0,0,CONSTRUCCIÓN DE MURO DE CONTENCIÓN EN LA CALLE SAN JOSE DEL BARRIO SAN JUAN POR DESASTRES NATURALES DEL DISTRITO DE HUARIACA - PASCO - PASCO,Administración directa,Finalizado,4/12/2012 00:00:00,179549.11,HUARIACA,PASCO,PASCO
65651,0,0,MEJORAMIENTO Y ACCESO PEATONAL AL BARRIO SANTA ROSA POR LA CARRETERA A 03 DE OCTUBRE DISTRITO DE HUARIACA - PASCO,Contrata,Finalizado,16/07/2013 00:00:00,87255.87,HUARIACA,PASCO,PASCO
65618,0,0,AMPLIACIÓN Y MEJORAMIENTO DEL SISTEMA DE AGUA Y DESAGUE DEL BARRIO YANACOCHA ALTA DEL DISTRITO DE HUARIACA PASCO,Contrata,Finalizado,28/10/2013 00:00:00,52645.72,HUARIACA,PASCO,PASCO
65591,0,0,OBRA COMPLEMENTARIA DE PROYECTO MEJORAMIENTO DEL SISTEMA DE AGUA POTABLE Y ALCANTARRILLADO DE LA LOCALIDAD DE PAUCALIN DISTRITO DE PAUCAR - DANIEL ALCIDES CARRION -PASCO,Contrata,Finalizado,22/11/2016 00:00:00,65375.89,PAUCAR,DANIEL ALCIDES CARRION,PASCO
65581,0,0,"INSTALACIÓN DE COBERTURA METALICA Y TABIQUERIA DEL CUARTO NIVEL DEL CENTRO CIVICO DE LA COMUNIDAD CAMPESINA DE SAN JUAN DE YACAN, DISTRITO DE PAUCAR, PROVINCIA DANIEL ALCIDES CARRION -PASCO",Administración directa,Finalizado,14/04/2016 00:00:00,129808.61,PAUCAR,DANIEL ALCIDES CARRION,PASCO
65580,0,0,"CONSTRUCCIÓN DE LA COMISARIA DE LA POLICÍA NACIONAL DEL PERU, DISTRITO DE TICLACAYAN, PROVINCIA DE PASCO, DEPARTAMENTO DE PASCO.",Contrata,Finalizado,1/12/2011 00:00:00,572999.82,TICLACAYAN,PASCO,PASCO
65572,0,0,"CONSTRUCCIÓN DE PAVIMENTO RÍGIDO DEL PSJE JOSE OLAYA PUENTE MOJON DEL BARRIO CHIHUANHUAY, DISTRITO DE TICLACAYAN",Contrata,Finalizado,5/12/2011 00:00:00,498688.79,TICLACAYAN,PASCO,PASCO
65559,0,0,"INSTALACIÓN DE RESERVORIO DE AGUA EN TOMACONGA DISTRITO DE TICLACAYAN, PROVINCIA DE PASCO, DEPARTAMENTO DE PASCO",Contrata,Finalizado,9/11/2011 00:00:00,478557.91,TICLACAYAN,PASCO,PASCO
65545,0,0,"CONSTRUCCIÓN DE AULA DE INNOVACIÓN, DIRECCIÓN, BATERÍA DE SSHH Y CERCO PERIMÉTRICO DE LA I.E. N° 34041 - HUAMANMARCA - DISTRITO DE TICLACAYAN - REGIÓN PASCO",Contrata,Finalizado,4/11/2011 00:00:00,523092.74,TICLACAYAN,PASCO,PASCO
65531,0,0,CONSTRUCCIÓN DEL CERCO PERIMÉTRICO DE LA I.E.SECUNDARIA DEL CP SAN ISIDRO DE YANAPAMPA - TICLACAYAN - PASCO -PASCIO,Contrata,Finalizado,19/09/2011 00:00:00,430647.50,TICLACAYAN,PASCO,PASCO
65512,0,0,CONSTRUCCION DE DEFENSA RIVEREÑA EN EL CENTRO POBLADO DE PUCURHUAY,Contrata,Finalizado,5/10/2011 00:00:00,572095.21,,,PASCO
65510,2300228,332768,"MEJORAMIENTO Y AMPLIACION DE LOS SERVICIOS DE SALUD DE SEGUNDO NIVEL DE COMPLEJIDAD 1-3 DEL CC. PP. DE PARAGSHA, DISTRITO DE SIMON BOLIVAR - PASCO - PASCO",Contrata,Finalizado,22/09/2018 00:00:00,4835510.34,SIMON BOLIVAR,PASCO,PASCO
65200,2124700,133975,"FORTALECIMIENTO DEL SISTEMA DE SEGURIDAD CIUDADANA EN EL, DISTRITO DE SIMON BOLIVAR - PASCO - PASCO",Administración directa,Sin Ejecución,"",1711522.44,SIMON BOLIVAR,PASCO,PASCO
65138,0,0,"Mejoramiento y Rehabilitación del Camino Vecinal Tramo I Palcamayo - Chilachi, Tramo II: Palcamayo - Lucmaragra",Administración directa,Finalizado,22/08/2016 00:00:00,160414,,,PASCO
64797,0,0,"MEJORAMIENTO Y REHABILITACIÓN DE LOS JIRONES ANTONIO BRACK EGG Y PROLONGACIÓN SAN CARLOS, SECTOR SAN CARLOS, DISTRITO DE CHONTABAMBA, OXAPAMPA, PASCO",Administración directa,Finalizado,16/12/2016 00:00:00,15000,CHONTABAMBA,OXAPAMPA,PASCO
64755,2164915,233367,"""MEJORAMIENTO DE PISTAS Y VEREDAS DE LAS CALLES SANTO TORIBIO- LIBERTAD- ANASQUISQUE- RUPASHHUAY- AYACUCHO- GOYLLAR- SANTA LUCIA DEL ANEXO DE MITO DISTRITO DE CHACAYAN, DANIEL ALCIDES CARRION - PASCO""",Contrata,En Ejecución,1/11/2016 00:00:00,102949.23,CHACAYAN,DANIEL ALCIDES CARRION,PASCO
64710,2218976,212527,"CREACION DE PISTAS, VEREDAS Y SISTEMA DE DRENAJE DE LA LOCALIDAD DE TAPUC, DISTRITO DE TAPUC - DANIEL ALCIDES CARRION - PASCO",Contrata,Finalizado,21/10/2016 00:00:00,1051078,TAPUC,DANIEL ALCIDES CARRION,PASCO
64642,2284396,326108,"MEJORAMIENTO DE LOS SERVICIOS DE AGUA POTABLE Y SANEAMIENTO EN LAS LOCALIDADES DE MIRAFLORES, ZIPIZÚ, GRAMAZÚ Y ALTO GRAMAZÚ DE LA CC.NN. TSACHOPEN, DISTRITO DE CHONTABAMBA, PROVINCIA DE OXAPAMPA - PASCO",Contrata,Finalizado,29/10/2019 00:00:00,7463973.40,CHONTABAMBA,OXAPAMPA,PASCO
64439,0,0,"""MEJORAMIENTO Y AMPLIACIÓN DEL CENTRO CÍVICO DE SAN JUAN DE YACAN, DISTRITO DE PAUCAR, PROVINCIA DANIEL CARRION-PASCO",Contrata,Finalizado,23/10/2014 00:00:00,131980.32,PAUCAR,PASCO,PASCO
64345,0,0,"MEJORAMIENTO DE LOS SERVICIOS DE AGUA POTABLE EN EL SECTOR DE SAN ROQUE, DISTRITO DE CHONTABAMBA-OXAPAMPA-PASCO",Administración directa,Finalizado,14/12/2016 00:00:00,26613.69,CHONTABAMBA,OXAPAMPA,PASCO
64327,0,0,"DESCOLMATACIÓN DE RÍO CHONTABAMBA, PROGRESIVA 7 +800 KM DE LA CARRETERA CHURUMAZÚ-DOS DE MAYO-TINGO IZQUIERDO, DISTRITO DE CHONTABAMBA-OXAPAMPA-PASCO",Administración directa,Finalizado,10/10/2016 00:00:00,62093.90,CHONTABAMBA,OXAPAMPA,PASCO
64320,0,0,"CONSTRUCCIÓN DE GRADERÍAS EN LA LOSA DEPORTIVA DEL SECTOR DE CHURUMAZÚ, DISTRITO DE CHONTABAMBA-OXAPAMPA-PASCO-II ETAPA",Administración directa,Finalizado,14/06/2016 00:00:00,26148.96,CHONTABAMBA,OXAPAMPA,PASCO
64307,2334519,373671,"MEJORAMIENTO Y AMPLIACION DE LOS SERVICIOS DE AGUA POTABLE Y DISPOSICION SANITARIA DE EXCRETAS DE LAS CC.NN. DE NEVATI Y PLATANILLO DE SHIMAKI, DISTRITO DE PUERTO BERMUDEZ - OXAPAMPA - PASCO",Contrata,Finalizado,14/11/2020 00:00:00,3322931.51,PUERTO BERMUDEZ,OXAPAMPA,PASCO
64261,2305349,344153,"MEJORAMIENTO Y AMPLIACIÓN DE LOS SERVICIOS DE AGUA POTABLE Y DISPOSICIÓN DE EXCRETAS EN EL SECTOR DOS DE MAYO, DISTRITO DE CHONTABAMBA-OXAPAMPA-PASCO",Contrata,Finalizado,16/08/2017 00:00:00,2796725.15,CHONTABAMBA,OXAPAMPA,PASCO
64197,2150906,199128,"MEJORAMIENTO Y EQUIPAMIENTO DE LA OFERTA EDUCATIVA DE LA COMUNIDAD EDUCATIVA DEL DIST. SIMON BOLIVAR, DISYRITO DE SIMON BOLIVAR - PASCO - PASCO",Administración directa,Sin Ejecución,"",1752768,SIMON BOLIVAR,PASCO,PASCO
64195,2222972,248678,"MEJORAMIENTO DE LAS CAPACIDADES DE APRENDIZAJE EN LOS ESTUDIANTYES DE EDUCACION BASICA REGULAR EN EL AMBITO DE SIMON BOLIVAR, DISTRITO DE SIMON BOLIVAR - PASCO - PASCO",Administración directa,Sin Ejecución,"","",SIMON BOLIVAR,PASCO,PASCO
64192,2290350,331884,"MEJORAMIENTO DEL COMPLEJO DEPORTIVO CERRADO SOCIO CULTURAL EN SANTA CRUZ DE TINGO DEL CENTRO POBLADO DE BELLAVISTA , DISTRITO DE PAUCARTAMBO - PASCO - PASCO",Contrata,Finalizado,1/11/2016 00:00:00,807810.94,PAUCARTAMBO,PASCO,PASCO
64180,2182837,257590,MEJORAMIENTO Y AMPLIACION DEL SISTEMA DE DRENAJE PLUVIAL DE CHACAYAN - PROVINCIA DANIEL CARRION - PASCO,Contrata,Finalizado,2/11/2016 00:00:00,5619973.58,CHACAYAN,PASCO,PASCO
64159,0,0,"""AMPLIACIÓN DE 02 AULAS DE LA I.E. TEODORO DURAN FLORES DEL C.P. DE LUCMA, DISTRITO DE HUACHON, PROVINCIA Y REGIÓN PASCO""",Contrata,Finalizado,3/07/2012 00:00:00,176500.01,HUACHON,PASCO,PASCO
64149,2157301,95555,"IMPLEMENTACION DEL PLAN DE CONTINGENCIA DE LA OBRA:MEJORAMIENTO DE LA CAPACIDAD RESOLUTIVA Y OPERATIVA DEL HOSPITAL ROMAN EGOAVIL PANDO DEL DISTRITO DE VILLA RICA, PROVINCIA OXAPAMPA,REGION PASCO",Contrata,Finalizado,29/12/2017 00:00:00,6598299.64,VILLA RICA,OXAPAMPA,PASCO
64122,2198318,268596,"PLAN DE CONTINGENCIA DE LA OBRA:MEJORAMIENTO DEL ACCESO DE LA POBLACION A LOS SERVICIOS DEL CENTRO DE SALUD FREDY VALLEJO ORE DISTRITO DE YANAHUANCA, PROVINCIA DE DANIEL CARRION, REGION PASCO",Contrata,Finalizado,15/12/2016 00:00:00,1732836.40,YANAHUANCA,PASCO,PASCO
64064,2290253,331799,"CREACION DEL SERVICIO DE AGUA POTABLE Y DISPOSICION DE EXCRETAS EN EL SECTOR SANTA ROSA DE LAGARTO, CENTRO POBLADO DE MAYRO, DISTRITO DE PALCAZU - OXAPAMPA - PASCO",Contrata,Finalizado,16/07/2020 00:00:00,864344.25,PALCAZU,OXAPAMPA,PASCO
63946,0,0,"MEJORAMIENTO Y AMPLIACIÓN DEL SERVICIO DE AGUA EN LOS ANEXOS DE SAN ANTONIO DE PUCUY, LORETO Y LAS PALMERAS, EN EL SECTOR DE PUSAPNO, DISTRITO DE CHONTABAMBA, PROVINCIA DE OXAPAMPA, PASCO",Administración directa,Finalizado,1/12/2016 00:00:00,82481.86,CHONTABAMBA,OXAPAMPA,PASCO
63935,0,0,"MANTENIMIENTO DE LA AV. ALBERTO MÜLLER, TRAMO PUENTE VILLAR-PUENTE CHURUMAZÚ, DISTRITO DE CHONTABAMBA-OXAPAMPA-PASCO",Administración directa,Finalizado,1/04/2016 00:00:00,11505.65,CHONTABAMBA,OXAPAMPA,PASCO
63934,2285905,327942,"AMPLIACION DEL SERVICIO EDUCATIVO EN LA I.E.I. SANTA ROSA DE QUIVES,, DISTRITO DE HUAYLLAY - PASCO - PASC",Contrata,Finalizado,26/06/2018 00:00:00,275818.33,HUAYLLAY,PASCO,PASCO
63804,2318586,355621,"""MEJORAMIENTO VIAL CON PISTAS Y VEREDAS DEL CENTRO POBLADO DE QUIPARACRA, DISTRITO DE HUACHON, PROVINCIA Y REGIÓN PASCO""",Contrata,Sin Ejecución,"",5800075.20,HUACHON,PASCO,PASCO
63797,0,0,"""MEJORAMIENTO, CONSTRUCCIÓN Y REHABILITACIÓN DE LA PLANTA DE TRATAMIENTO DE RESIDUOS SOLIDOS GALLAWARI DEL CENTRO POBLADO DE QUIPARACRA, EN EL DISTRITO DE HUACHON, PROVINCIA Y REGIÓN PASCO""",Administración directa,Sin Ejecución,"",83985.91,HUACHON,PASCO,PASCO
63794,2291616,333052,"""MEJORAMIENTO DE LOS SERVICIOS DE LA EDUCACIÓN PRIMARIA DE LA INSTITUCIÓN EDUCATIVA ISABEL ALCANTARA ESTEBAN DE LA LOCALIDAD DE QUIPARACRA DEL DISTRITO DE HUACHON - PROVINCIA Y REGIÓN PASCO""",Contrata,En Ejecución,1/10/2019 00:00:00,4819335.67,HUACHON,PASCO,PASCO
63791,2290215,331762,"""MEJORAMIENTO DE LOS SERVICIOS DE EDUCACIÓN PRIMARIA DE LA I.E. N° 34059 - PUAGMARAY DE LA LOCALIDAD DE PUAGMARAY - DISTRITO DE HUACHON - PROVINCIA Y REGIÓN PASCO""",Contrata,En Ejecución,1/10/2019 00:00:00,3084892.70,HUACHON,PASCO,PASCO
63722,2324830,361569,"MEJORAMIENTO DEL CAMINO VECINAL CRUCE DE LA CARRETERA HUAYLLAY A CANTA - HUARIMARCAN, DISTRITO DE HUAYLLAY - PASCO - PASCO",Administración directa,Finalizado,6/07/2016 00:00:00,400000,HUAYLLAY,PASCO,PASCO
63637,2116851,136060,"CONSTRUCCIÓN , REHABILITACIÓN Y MEJORAMIENTO DEL ANILLO VIAL TRAMO AVENIDA AREQUIPA - AVENIDA 28 DE JULIO DEL ASENTAMIENTO HUMANO TUPAC AMARU, PROVINCIA DE PASCO - PASCO, COMPONENTE II: PAVIMENTACIÓN DE LA AV. 28 DE JULIO TRAMO AV. CIRCUNVALACIÓN TÚPAC AMARU AV. AREQUIPA",Contrata,Finalizado,20/02/2017 00:00:00,924974.47,,PASCO,PASCO
63399,0,0,"""CONSTRUCCIÓN DEL CERCO PERMETRICO DE LA I.E. N° 34005 DEL C.U. HUACHÓN, DISTRITO DE HUACHÓN, PROVINCIA Y REGIÓN PASCO""",Contrata,Finalizado,19/03/2012 00:00:00,83277.40,,PASCO,PASCO
63305,0,0,"""MEJORAMIENTO Y AMPLIACIÓN DEL SERVICIO EDUCATIVO DE LA I.E. N° 31441 DEL CENTRO POBLADO DE LUCMA, DISTRITO DE HUACHON, PROVINCIA Y REGIÓN PASCO""",Contrata,Finalizado,16/02/2012 00:00:00,360065.40,HUACHON,PASCO,PASCO
63302,2142940,176959,"MEJORAMIENTO Y AMPLIACIÓN DEL SISTEMA DE AGUA POTABLE E INSTALACIÓN DEL SISTEMA DE ALCANTARILLO DE LA LOCALIDAD DE ANDACHACA, DISTRITO DE YANAHUANCA , PROVINCIA DE DANIEL ALCIDES CARRION - PASCO - II ETAPA",Contrata,Finalizado,23/01/2017 00:00:00,1036282,YANAHUANCA,DANIEL ALCIDES CARRION,PASCO
63114,0,0,"MEJORAMIENTO Y AMPLIACIÓN DEL SISTEMA DE ALCANTARILLADO Y TRATAMIENTO DE AGUAS RESIDUALES DE LA LOCALIDAD DE PALCA - DISTRITO DE YANAHUANCA, PROVINCIA DANIEL ALCIDES CARRION - PASCO.",Contrata,Finalizado,25/11/2016 00:00:00,548715,YANAHUANCA,DANIEL ALCIDES CARRION,PASCO
63081,2251184,296129,INSTALACION DE LOS AMBIENTES DE ENSEÑANZA E INVESTIGACION DE ANIMALES MENORES DE LA E.F.P. DE ZOOTECNIA DE LA UNDAC SEDE OXAPAMPA - MIRAFLORES II DISTRITO Y PROVINCIA DE OXAPAMPA - DEPARTAMENTO DE PASCO,Contrata,Sin Ejecución,"","",OXAPAMPA,OXAPAMPA,PASCO
63073,2237260,261775,"MEJORAMIENTO DEL SERVICIO EDUCATIVO DE LA I.E. JARDIN DE NIÑOS TECHO PROPIO DEL AA.HH. TECHO PROPIO, DISTRITO DE YANACANCHA - PASCO - PASCO",Contrata,Finalizado,16/01/2017 00:00:00,339452.81,YANACANCHA,PASCO,PASCO
62978,2296843,340074,"CREACION DE PISTA Y VEREDAS DEL JR. LAS VIOLETAS, PSJE. LOS JAZMINES Y PASJE. LAS HORTENSIAS , DISTRITO DE PAUCARTAMBO - PASCO - PASCO",Contrata,Finalizado,24/01/2017 00:00:00,511282.10,PAUCARTAMBO,PASCO,PASCO
62911,2250949,288505,MEJORAMIENTO DE LOS SERVICIOS EDUCATIVOS EN EL AREA DE EDUCACION POR EL ARTE EN EL PROCESO DE ENSEÑANZA - APRENDIZAJE DE LAS INSTITUCIONES EDUCATIVAS DEL NIVEL SECUNDARIO DE LA REGION PASCO,Contrata,Sin Ejecución,"","",,PASCO,PASCO
62876,2304266,343158,"MEJORAMIENTO DEL SERVICIO DE EDUCACIÓN SECUNDARIA DE LA INSTITUCIÓN EDUCATIVA MANUEL GONZALES PRADA DEL C.P. DE CHINCHE TINGO, DISTRITO DE YANAHUANCA, PROVINCIA DANIEL CARRIÓN - DEPARTAMENTO PASCO",Contrata,Sin Ejecución,"","",YANAHUANCA,PASCO,PASCO
62852,0,0,"IMPLEMENTACION CON RECURSOS TECNOLÓGICOS EN LA INSTITUCIÓN EDUCATIVA N° 34009 DEL CENTRO POBLADO DE CHIPA, DISTRITO DE NINACACA, PROVINCIA Y REGIÓN PASCO",Contrata,Finalizado,1/09/2016 00:00:00,116329.28,NINACACA,PASCO,PASCO
62757,2322548,359472,"MEJORAMIENTO DEL CAMPO DEPORTIVO ENE LE CENTRO POBLADO LA MERCED DE JARRIA, DISTRITO DE PALLANCHACRA, PROVINCIA DE PASCO - PASCO",Contrata,Finalizado,15/03/2018 00:00:00,186532.63,PALLANCHACRA,PASCO,PASCO
62721,2330606,368457,"MEJORAMIENTO DEL ACCESO PEATONAL EN EL PASAJE EL SOL DEL BARRIO CUSHPI DEL, DISTRITO DE TICLACAYAN - PASCO - PASCO.",Contrata,Finalizado,13/01/2017 00:00:00,74074.49,TICLACAYAN,PASCO,PASCO
62720,2248988,309611,"MEJORAMIENTO DE LOS SERVICIOS EDUCATIVOS DE LA INSTITUCIÓN EDUCATIVA SAN ISIDRO DE YANAPAMPA, DISTRITO DE TICLACAYAN, PASCO - PASCO.",Contrata,Finalizado,24/12/2016 00:00:00,340324.18,TICLACAYAN,PASCO,PASCO
62719,2314434,352010,CREACIÓN DE LA INFRAESTRUCTURA DEPORTIVA EN EL CENTRO POBLADO SAN ISIDRO DE YANAPAMPA DISTRITO DE TICLACAYAN PASCO - PASCO,Contrata,Finalizado,23/12/2016 00:00:00,720624.04,TICLACAYAN,PASCO,PASCO
62711,2323874,360732,"MEJORAMIENTO Y AMPLIACION DE LOS SERVICIOS DE CAMPO DEPORTIVO TUPAC AMARU DE YARUSYACAN, DISTRITO DE SAN FRANCISCO DE ASIS DE YARUSYACAN - PASCO - PASCO",Contrata,Finalizado,15/02/2017 00:00:00,1682185.17,SAN FRANCISCO DE ASIS DE YARUSYACAN,PASCO,PASCO
62696,2155747,206146,"CREACIÓN DEL CENTRO CULTURAL, RECREATIVO Y ARTÍSTICO EN EL AA.HH. JOSÉ CARLOS MARIATEGUI SECTOR II, DISTRITO DE SIMÓN BOLÍVAR - PASCO - PASCO EN SU III ETAPA.",Contrata,Paralizada,21/04/2025 00:00:00,4976101.76,,PASCO,PASCO
62629,2179924,259877,"CREACION DEL CAMINO VECINAL ENTRE LAS LOCALIDADES DE LORENCILLO I - NUEVA ESPERANZA, DISTRITO DE CONSTITUCION - OXAPAMPA - PASCO",Contrata,En Ejecución,11/10/2022 00:00:00,5869532.44,CONSTITUCION,OXAPAMPA,PASCO
62523,2313932,351543,"MEJORAMIENTO DEL PUENTE PEATONAL DE INGRESO AL CEMENTERIO DEL CENTRO POBLADO SAN ISIDRO DE YANAPAMPA , DISTRITO DE TICLACAYAN, PASCO - PASCO",Contrata,Finalizado,23/12/2016 00:00:00,103759.56,TICLACAYAN,PASCO,PASCO
62445,2180181,257738,"INSTALACION DE ESPECIES NATIVAS PARA LA REFORESTACION DE LA CUENCA DEL ANACAYALI (COMUNIDADES NATIVAS DE SHIRARINE, EL SOLITARIO, TUPAC AMARU, BUENAVENTURA, SAN JORGE DE ANACAYALI, SAN FAUSTO, FLOR DE UN DIA, JORDAN, LA FLORIDA DE ANACAYALI, SAN ALEJANDRO, MADRE DE DIOS, BETANIA Y AMPINI), DISTRITO DE PUERTO BERMUDEZ - OXAPAMPA - PASCO- 2016",Administración directa,Finalizado,13/08/2015 00:00:00,3827326.25,PUERTO BERMUDEZ,OXAPAMPA,PASCO
62371,0,0,"MANTENIMIENTO DE CAMINOS VECINALES, TRAMOS: BAMBU ¿ CC.NN. SAN JUAN DE CAHUAPANAS, CC.NN. SAN JUAN DE CAHUAPANAS ¿ CC.NN. PUERTO LAGARTO, CC.NN. PUERTO LAGARTO ¿ CC.NN. PUERTO OCOPA, CC.NN. PUERTO OCOPA ¿ CC.NN. SARGENTO LORENZ; EN EL DISTRITO DE PUERTO BERMUDEZ ¿ OXAPAMPA ¿ PASCO.",Contrata,Finalizado,9/09/2016 00:00:00,440000,PUERTO BERMUDEZ,OXAPAMPA,PASCO
62352,0,0,"MANTENIMIENTO PERIODICO DE CAMINOS VECINALES EN LOS TRAMOS: CC.NN. NUEVA LUZ (TUPAC AMARU) ¿ CC.NN. SAN LUIS, CC.NN. SAN LUIS ¿ CC.NN. SELVA ALEGRE, CC.NN. SELVA ALEGRE ¿ CC.NN. LA LIBERTAD, CC.NN. LA LIBERTAD ¿ CC.NN. SAN FAUSTO, CC.NN. SAN FAUSTO ¿ CC.NN. CENTRO SAN JORGE, CC.NN. CENTRO SAN JORGE ¿ BOCA SHIRARINE (RIO ANACAYALI), DISTRITO DE PUERTO BERMUDEZ, PROVINCIA DE OXAPAMPA- PASCO.",Contrata,En Ejecución,1/09/2016 00:00:00,400000,PUERTO BERMUDEZ,OXAPAMPA,PASCO
62319,2250751,281535,"MEJORAMIENTO DE LA CARRETERA LOS ALPES - SANTA ETELVINA - SAN CRISIPIN - ALTO OYON - SAN JUAN, PUENTE ENTAZ Y PUENTE SAN JUAN DEL , DISTRITO DE VILLA RICA - OXAPAMPA - PASCO - III ETAPA",Contrata,En Ejecución,19/02/2026 00:00:00,10640023.56,VILLA RICA,OXAPAMPA,PASCO
62263,2110931,128164,"Expediente Pericial de la Obra: Mejoramiento y Ampliación del Sistema de Agua Potable, Alcantarillado y Tratamiento de Aguas Residuales en las Zonas Periféricas de la localidad de Yanahuanca, Distrito Yanahuanca, Provincia Daniel Alcides Carrión, Región Pasco",Contrata,Sin Ejecución,"","",YANAHUANCA,PASCO,PASCO
62176,2200959,198268,"INSTALACIÓN DE LA DEFENSA RIBEREÑA EN EL RIO PAUCARTAMBO CENTRO POBLADO DE HUALLAMAYO, DISTRITO DE PAUCARTAMBO PASCO-PASCO-2016",Administración directa,Finalizado,15/08/2016 00:00:00,327618.97,PAUCARTAMBO,PASCO,PASCO
62105,2237233,261559,"CREACIÓN DE LOS SERVICIO DE TRANSITABILIDAD VEHICULAR Y PEATONAL DEL PUENTE BELLAVISTA EN LA LOCALIDAD DE MESAPATA, DISTRITO DE OXAPAMPA, PROVINCIA DE OXAPAMPA - PASCO",Administración directa,Finalizado,12/09/2016 00:00:00,544177.85,OXAPAMPA,OXAPAMPA,PASCO
62004,2030472,4742,CONSTRUCCION Y MEJORAMIENTO DE LA CARRETERA HUACHON-HUANCABAMBA SUB TRAMO:PROGRESIVA 40+300 A 41+320 DISTRITO DE HUANCABAMBA PROVINCIA DE OXAPAMPA DEPARTAMENTO PASCO,Contrata,Finalizado,14/10/2016 00:00:00,3227765.35,HUANCABAMBA,OXAPAMPA,PASCO
61995,0,0,"""FORESTACIÓN DEL CENTRO POBLADO DE HUACHON, DISTRITO DE HUACHON, PROVINCIA Y REGIÓN PASCO""",Administración directa,Finalizado,25/02/2013 00:00:00,150000,HUACHON,PASCO,PASCO
61976,0,0,"""CONSTRUCCIÓN DE AULAS, SS.HH. Y PATIO MULTIFUNCIONAL DE LA INSTITUCIÓN EDUCATIVA DE GESTIÓN MUNICIPAL EN EL CASERÍO DE ACOMAYO, DEL C.P. DE LUCMA, DISTRITO DE HUACHON, PROVINCIA Y REGIÓN PASCO""",Contrata,Finalizado,6/07/2012 00:00:00,175469.60,HUACHON,PASCO,PASCO
61912,2068071,67861,"MEJORAMIENTO DE LA INFRAESTRUCTURA MUNICIPAL DEL COLISEO Y PISCINA MUNICIPAL DEL DISTRITO DE OXAPAMPA - II ETAPA, PROVINCIA DE OXAPAMPA, REGIÓN PASCO",Administración directa,Finalizado,5/07/2016 00:00:00,316226.83,OXAPAMPA,OXAPAMPA,PASCO
61886,2323444,360336,"CREACIÓN DE LA LOSA MULTIDEPORTIVA DE LA LOCALIDAD DE CUCALPUQUION DEL CENTRO POBLADO DE PUCURHUAY, DISTRITO DE TICLACAYAN - PASCO - PASCO.",Contrata,Finalizado,14/12/2016 00:00:00,200846.99,TICLACAYAN,PASCO,PASCO
61883,2323317,360212,"CREACIÓN DEL PUENTE PEATONAL DE ACCESO AL CEMENTERIO GENERAL DEL CENTRO POBLADO DE PUCURHUAY, DISTRITO DE TICLACAYAN - PASCO - PASCO",Contrata,Finalizado,25/11/2016 00:00:00,164419.22,TICLACAYAN,PASCO,PASCO
61852,2233765,258451,"Ampliación del Sistema Eléctrico Rural de las localidades del Distrito Puerto Bermúdez, Provincia Oxapampa, Región Pasco",Contrata,Sin Ejecución,"",17365620.93,OXAPAMPA,OXAPAMPA,PASCO
61819,2318784,355776,"AMPLIACION Y MEJORAMIENTO DE SISTEMAS DE AGUA POTABLE, ALCANTARILLADO Y CONSTRUCCIÓN DE PLANTA DE TRATAMIENTO DE AGUAS RESIDUALES DE LA LOCALIDAD NAVARRA, DISTRITO DE HUANCABAMBA - OXAPAMPA - PASCO",Contrata,Finalizado,20/12/2016 00:00:00,3858598.63,HUANCABAMBA,OXAPAMPA,PASCO
61714,0,0,"MEJORAMIENTO Y REHABILITACIÓN DE LA CARRETERA VECINAL PUENTE SUAREZ-LA FLORIDA-EL TUNQUI-SECTOR DE CHURUMAZÚ, DISTRITO DE CHONTABAMBA-OXAPAMPA-PASCO",Administración directa,Finalizado,31/05/2016 00:00:00,22130.15,CHONTABAMBA,OXAPAMPA,PASCO
61616,2152465,194375,"MEJORAMIENTO DE PISTAS Y VEREDAS EN LOS JR. HUARICAPCHA CUADRA 1 Y 2, GENARO LEDESMA, MARÍA P. BELLIDO, 6 DE AGOSTO, PSJ. PUNO, TRANS. CIRV. TUPAC AMARU, CALLE 8 Y 16 SECTOR 3 AA.HH. TUPAC AMARU, DISTRITO DE CHAUPIMARCA, PROVINCIA DE PASCO - PASCO. COMPONENTE 1: MEJORAMIENTO DE PISTAS Y VEREDAS EN EL JR. MARÍA PARADO DE BELLIDO , PSJ. LA MULIZA, CALLE WARMIPUQUI, SECTOR 3 AA.HH. TUPAC AMARU DISTRITO DE CHAUPIMARCA, PROVINCIA - PASCO",Contrata,Finalizado,21/12/2016 00:00:00,523085.95,CHAUPIMARCA,PASCO,PASCO
61592,2293301,334586,"MEJORAMIENTO, AMPLIACION DEL SISTEMA DE AGUA POTABLE E INSTALACIÓN DEL SISTEMA DE ALCANTARILLADO Y TRATAMIENTO DE AGUA RESIDUAL EN EL CENTRO POBLADO DE ANTAPIRCA, DISTRITO DE SANTA ANA DE TUSI - DANIEL ALCIDES CARRION - PASCO.",Contrata,Finalizado,4/11/2019 00:00:00,3359269.58,SANTA ANA DE TUSI,DANIEL ALCIDES CARRION,PASCO
61576,2311024,348414,MEJORAMIENTO DE LA INFRAESTRUCTURA DEPORTIVA EN EL BARRIO PLAZA - TICLAHUANCA DEL DISTRITO DE TICLACAYAN - PASCO - PASCO. COMPONENTE I : INFRAESTRUCTURA DEPORTIVA,Contrata,Finalizado,6/01/2017 00:00:00,535890.65,TICLACAYAN,PASCO,PASCO
61460,2269380,319046,"MEJORAMIENTO Y APERTURA DE LAS CALLES EN LOS 16 BARRIOS DEL CASCO URBANO DE PUERTO BERMUDEZ, DISTRITO DE PUERTO BERMUDEZ - OXAPAMPA - PASCO - II ETAPA",Administración directa,Finalizado,14/10/2016 00:00:00,113704.51,PUERTO BERMUDEZ,OXAPAMPA,PASCO
61447,2113546,128674,"CONSTRUCCION DE PISTAS, VEREDAS, DRENAJE PLUVIAL Y RECUPERACIÓN DE ÁREAS VERDES EN LOS ASENTAMIENTOS HUMANOS, BARRIOS, CALLES Y JIRONES DEL DISTRITO DE CHAUPIMARCA , PROVINCIA DE PASCO - PASCO. COMPONENTE: CONSTRUCCIÓN DE PISTAS Y VEREDAS EN LOS JR. SAN SEBASTIAN, AV. LOS INSURGENTES Y PSJ. TÚPAC AMARU",Contrata,Finalizado,17/01/2017 00:00:00,1601626.29,CHAUPIMARCA,PASCO,PASCO
61410,0,0,"""MEJORAMIENTO DEL ESTADIO DEPORTIVO DE HUACHON - DISTRITO DE HUACHON - PROVINCIA Y REGIÓN PASCO""",Administración directa,Finalizado,1/10/2012 00:00:00,769172.75,HUACHON,PASCO,PASCO
61405,2198319,268625,"Expediente Técnico del Proyecto: Mejoramiento de la Cobertura de los Servicios de Salud del Hospital Regional Ernesto Germán Guzmán Gonzales, Distrito y Provincia Oxapampa, Región Pasco",Contrata,Sin Ejecución,"","",OXAPAMPA,OXAPAMPA,PASCO
61403,0,0,"""CONSTRUCCIÓN DE LA PLANTA DE TRATAMIENTO DE RESIDUOS SÓLIDOS DEL DISTRITO DE HUACHON - PASCO""",Contrata,Finalizado,1/02/2013 00:00:00,240577.90,HUACHON,PASCO,PASCO
61337,2325054,361763,"MEJORAMIENTO EL CAMPO DEPORTIVO EN EL CENTRO POBLADO DE ACOBAMBA SECTOR 2 DISTRITO DE HUARIACA, PROVINCIA DE PASCO - PASCO",Contrata,Finalizado,11/01/2017 00:00:00,185429.26,HUARIACA,PASCO,PASCO
61336,2329312,365639,"MEJORAMIENTO DEL SERVICIO DE PROTECCION DE LA MARGEN IZQUIERDA DEL CAMINO VECINAL DEL CENTRO POBLADO LA MERCED DE JARRIA, DISTRITO DE PALLANCHACRA - PASCO - PASCO",Contrata,Finalizado,23/11/2016 00:00:00,153569.36,PALLANCHACRA,PASCO,PASCO
61331,2144377,182609,"CONSTRUCCIÓN DE PISTAS, VEREDAS Y GRADERÍAS EN LOS JIRONES YAULI, NINACACA, UCAYALI, HUANCAYO, PARIAMARCA, PROLONGACIÓN CALLE SANTIAGO HUARICAPCHA, PASAJE ROCKOVICH Y CLARÍN DEL DISTRITO DE CHAUPIMARCA, PROVINCIA DE PASCO - PASCO. COMPONENTE 1: PAVIMENTACIÓN EN EL JIRÓN PARIAMARCA, CALLE SANTIAGO HUARICAPCHA, HUANCAYO, PASAJE CLARIN, ALFONSO RIVERA.",Contrata,Finalizado,27/12/2016 00:00:00,881143.05,NINACACA,PASCO,PASCO
61328,2223712,231405,"MEJORAMIENTO DE PISTAS, VEREDAS Y TRATAMIENTO PAISAJISTICO EN LOS PASAJES C,D,E,F,G,H,I,JK,L,M,N,O,P,Q, CALLES 2,3,4,5,6,7,8 DEL AA.HH. NORUEGA ALTA Y BAJA ¿ DISTRITO DE CHAUPIMARCA, PROVINCIA DE PASCO - PASCO - SEGUNDA ETAPA .",Contrata,Finalizado,2/03/2017 00:00:00,782181.37,CHAUPIMARCA,PASCO,PASCO
61307,2278928,322767,"MEJORAMIENTO Y AMPLIACION DEL SISTEMA DE AGUA POTABLE E INSTALACION DE ALCANTARILLADO DEL C. P. SAN MIGUEL DE CUCHIS, DISTRITO DE VILCABAMBA - DANIEL ALCIDES CARRION - PASCO",Contrata,Finalizado,24/05/2017 00:00:00,2544691.62,VILCABAMBA,DANIEL ALCIDES CARRION,PASCO
61265,2292603,333939,"MEJORAMIENTO Y AMPLIACION DE LOS SERVICIOS DE EDUCACION PRIMARIA EN LA I.E N 34501 EN EL CENTRO POBLADO DE LORENCILLO I, DISTRITO DE CONSTITUCION - OXAPAMPA - PASCO",Contrata,Sin Ejecución,"",7687938.85,CONSTITUCION,OXAPAMPA,PASCO
61249,2278928,322767,"MEJORAMIENTO Y AMPLIACION DEL SISTEMA DE AGUA POTABLE E INSTALACION DE ALCANTARILLADO DEL C.P. SAN MIGUEL DE CUCHIS, DISTRITO DE VILCABAMBA - DANIEL ALCIDES CARRION - PASCO",Contrata,En Ejecución,24/05/2017 00:00:00,2544691.62,VILCABAMBA,DANIEL ALCIDES CARRION,PASCO
60983,2234600,254729,"ELABORACION DEL EXPEDIENTE TÉCNICO DEL PROYECTO: ¿MEJORAMIENTO DEL CAMINO VECINAL TRAMO HUANDO - RANYAC, DISTRITO DE NINACACA, PROVINCIA PASCO - REGION PASCO - PASCO",Contrata,Sin Ejecución,"","",NINACACA,PASCO,PASCO
60853,0,0,"Mejoramiento del Acceso de la Población a los Servicios del Centro de Salud Fredy Vallejo Oré, Distrito Yanahuanca, Provincia Daniel Alcides Carrión, Región Pasco",Contrata,En Ejecución,7/05/2019 00:00:00,87747105.94,YANAHUANCA,PASCO,PASCO
60740,2314642,352209,"MEJORAMIENTO DE LOS SERVICIOS DE TRANSITABILIDAD EN LAS VÍAS URBANAS DEL CENTRO POBLADO DE ACOBAMBA-SECTOR 1, DISTRITO DE HUARIACA - PASCO - PASCO",Contrata,Sin Ejecución,"","",HUARIACA,PASCO,PASCO
60651,2190035,2190035,"Elaboración del Expediente Técnico del Proyecto: Ampliación del Servicio de Energía Eléctrica, mediante el Sistema Convencional Rural de Villa Rica IV Etapa, Provincia Oxapampa, Región Pasco",Contrata,Sin Ejecución,"",2837405.47,VILLA RICA,OXAPAMPA,PASCO
60638,2233764,258314,"Elaboración del Expediente Técnico del Proyecto: Ampliación del Sistema Eléctrico Rural de las localidades del Distrito Constitución, Provincia Oxapampa, Región Pasco",Contrata,Sin Ejecución,"","",OXAPAMPA,OXAPAMPA,PASCO
60627,2115570,122913,CONSTRUCCION E IMPLEMENTACION DE LABORATORIOS PARA MEJORAMIENTO GENETICO Y PRODUCCION DE PLANTAS NATIVAS ANDINAS CON FINES DE CONSUMO Y MEDICINALES EN LA SEDE DE LA UNDAC EN LA PROVINCIA DE DANIEL CARRION,Contrata,Finalizado,21/11/2017 00:00:00,5165472.56,,,PASCO
60582,2294982,337134,"INSTALACION DE GRADERAS Y OBRAS DE ARTE EN EL BARRIO MARCAHUASHAN DE LA LOCALIDAD DE TICLACAYAN, DISTRITO DE TICLACAYAN - PASCO - PASCO",Contrata,Finalizado,7/11/2016 00:00:00,365902.22,TICLACAYAN,PASCO,PASCO
60417,2243132,288308,"REHABILITACION DEL CAMINO VECINAL VINCHUSCANCHA - RANCAS EN 3.554 KM EN LA LOCALIDAD DE RANCAS, DISTRITO DE SIMON BOLIVAR - PASCO - PASCO",Contrata,Sin Ejecución,"",567350.95,SIMON BOLIVAR,PASCO,PASCO
60416,2238142,267200,"AMPLIACION Y MEJORAMIENTO DE LA I.E.I. SAN ANTONIO, LOCALIDAD DE SAN ANTONIO DE RANCAS, DISTRITO DE SIMON BOLIVAR - PASCO - PASCO",Contrata,Sin Ejecución,"","",SIMON BOLIVAR,PASCO,PASCO
60333,2245519,297818,"REHABILITACIÓN DE LA CARRETERA VECINAL TRAMO PA 563 RANCAS 0, 000 - EMPALME PA 102 CRUCE ALCACOCHA 12, 280 KM RANCAS, DISTRITO DE SIMÓN BOLÍVAR - PASCO - PASCO",Contrata,Finalizado,13/01/2017 00:00:00,2498582.05,,PASCO,PASCO
60278,2198319,268625,elaboración del expediente técnico Mejoramiento De La Cobertura De Los Servicios De Salud Del Hospital Ernesto German Guzmán Gonzales ¿ Provincia De Oxapampa ¿ Departamento De Pasco,Contrata,Sin Ejecución,"","",OXAPAMPA,OXAPAMPA,PASCO
60005,2307232,345917,"CREACION DE GRADERIAS, AREAS VERDES Y OBRAS DE ARTE EN EL JR. JUNÍN, DISTRITO DE HUAYLLAY - PASCO - PASCO",Contrata,Finalizado,17/11/2016 00:00:00,572438.37,HUAYLLAY,PASCO,PASCO
59972,2193822,274711,"CONSTRUCCION DEL PUENTE CARROZABLE NINABAMBA - BARRIO COLLANA, DISTRITO DE PAUCARTAMBO - PASCO - PASCO",Contrata,Finalizado,5/11/2016 00:00:00,212528.45,PAUCARTAMBO,PASCO,PASCO
59964,2300936,338956,"MEJORAMIENTO DEL SERVICIO DE TRANSITABILIDAD VEHICULAR Y PEATONAL DE LA AV. JULIO SHITABORI (CUADRA 4-6), CALLE FERNANDO WESTREICHER (CUADRA 3-5), AV. JUAN FRANTZEN (CUADRA 3-5), AV. SAN JUAN BAUTISTA (CUADRA 2-4), AV. HERMILIO SCHULER (CUADRA 1 -3), LUIS EGG (CUADRA 1-3), BUENOS AIRES (CUADRA 1-3), JUAN SANTOS ATAHUALPA (CUADRA 1-3), LOCALIDAD DE ISCOZACIN, DISTRITO DE PALCAZU,OXAPAMPA,PASCO",Administración directa,Finalizado,1/10/2016 00:00:00,1812315.87,PALCAZU,OXAPAMPA,PASCO
59847,2072283,79433,CONSTRUCCION DE CANAL DE RIEGO EN LA COMUNIDAD CAMPESINA DE UCRUCANCHA DISTRITO DE SIMON BOLIVAR - PASCO - PASCO,Contrata,Sin Ejecución,"","",SIMON BOLIVAR,PASCO,PASCO
59844,2122134,147632,"CONSTRUCCION DE VEREDAS, CUNETAS, SARDINELES, PISTAS Y AREAS VERDES EN LAS CALLES CHAUPIHUARANGA Y VISTA ALEGRE UBICADO EN EL AA. HH. JOSE CARLOS MARIATEGUI SECTOR 1, DISTRITO DE SIMON BOLIVAR - PASCO - PASCO",Contrata,Sin Ejecución,"","",SIMON BOLIVAR,PASCO,PASCO
59842,2161952,231557,"MEJORAMIENTO Y AMPLIACION DE PISTAS Y VEREDAS DE LAS CALLES RIGOBERTO TUFINO, SIMON BOLIVAR Y TEOFILO HUAMAN EN LA LOCALIDAD DE SAN ANTONIO DE RANCAS, DISTRITO DE SIMON BOLIVAR - PASCO - PASCO",Contrata,Sin Ejecución,"","",SIMON BOLIVAR,PASCO,PASCO
59534,2240107,275728,"CREACION DE PISTAS Y VEREDAS EN LA LOCALIDAD SAN CRISTOBAL DE CHAUPIMARCA, DISTRITO DE TAPUC - DANIEL ALCIDES CARRION - PASCO",Contrata,Finalizado,23/11/2016 00:00:00,2088860.94,TAPUC,DANIEL ALCIDES CARRION,PASCO
59444,2164276,227012,"Elaboración del Expediente Técnico del Proyecto: Mejoramiento y Ampliación Parque Zonal y los Baños Termales en el Centro Poblado Santísima Trinidad Villo y en la Comunidad Campesina Tambochaca, Distrito Yanahuanca, Provincia Daniel Carrión, Región Pasco",Contrata,Sin Ejecución,"","",YANAHUANCA,PASCO,PASCO
59401,2250780,282744,INSTALACION DE LABORATORIOS PARA LA FACULTAD DE INGENIERIA DE MINAS DE LA UNDAC EN PUCAYACU -DISTRITO DE YANACANCHA - PROVINCIA Y REGION PASCO,Contrata,Sin Ejecución,"",22917945.37,YANACANCHA,PASCO,PASCO
59385,2250963,289294,"Expediente Técnico del Proyecto: Mejoramiento del Cementerio Jardines de la Paz del AA. HH. Columna Pasco, Distrito Yanacancha, Provincia y Región Pasco",Contrata,Sin Ejecución,"","",YANACANCHA,PASCO,PASCO
59370,2232331,234171,"Proyecto: Mejoramiento y Ampliación de la Capacidad Resolutiva de los Establecimientos de Salud de la Micro Red Pozuzo, Distrito Pozuzo, Provincia Oxapampa, Región Pasco",Contrata,Sin Ejecución,"","",POZUZO,OXAPAMPA,PASCO
59316,0,0,MEJORAMIENTO DE LOS CIRCUITOS 1 Y 2 DEL SISTEMA DE TRATAMIENTO PROVISIONAL DEL EFLUENTE DEL TÚNEL PUCARA - GOYLLARISQUIZGA - PASCO,Contrata,Finalizado,11/10/2016 00:00:00,119733.05,GOYLLARISQUIZGA,PASCO,PASCO
59162,2290973,332466,"CREACION DE LOSA DE RECREACIÓN MULTIUSO EN LA LOCALIDAD DE VILCABAMBA, DISTRITO DE VILCABAMBA - DANIEL ALCIDES CARRION - PASCO",Contrata,En Ejecución,24/09/2016 00:00:00,392000,VILCABAMBA,DANIEL ALCIDES CARRION,PASCO
59099,0,0,"Reconstrucción de la Infraestructura de Saneamiento de Villa Rica, Provincia Oxapampa, Región Pasco",Contrata,Sin Ejecución,"","",VILLA RICA,OXAPAMPA,PASCO
59024,2306073,344778,"INSTALACION DEL SISTEMA DE AGUA POTABLE Y SANEAMIENTO EN LA CC.NN. DOS DE MAYO, DISTRITO DE CONSTITUCION - OXAPAMPA - PASCO",Contrata,Finalizado,7/12/2018 00:00:00,682960.75,CONSTITUCION,OXAPAMPA,PASCO
59023,2304075,342987,"INSTALACION DEL SISTEMA DE AGUA POTABLE Y SANEAMIENTO DE LA COMUNIDAD NATIVA BAJO SAN LUIS CHINCHIHUANI EN EL, DISTRITO DE CONSTITUCION - OXAPAMPA - PASCO",Contrata,Finalizado,30/06/2018 00:00:00,782163.67,CONSTITUCION,OXAPAMPA,PASCO
58909,2297168,340529,"CREACION DE PONTON EN LA CALLE MANCO CAPAC DE LA IV ETAPA, DISTRITO DE CONSTITUCION - OXAPAMPA - PASCO",Contrata,Finalizado,10/09/2016 00:00:00,96491.17,CONSTITUCION,OXAPAMPA,PASCO
58861,2285356,327523,"MEJORAMIENTO DE VIAS CON GRADERIAS Y MURO DE CONTENCION EN EL JIRON ATAHUALPA Y PACHACUTEC DEL SECTOR I DEL, AA.HH TAHUANATINSUYO DISTRITO DE CHAUPIMARCA, PROVINCIA DE PASCO - PASCO",Administración directa,Finalizado,4/07/2016 00:00:00,348980.70,CHAUPIMARCA,PASCO,PASCO
58726,2255641,314048,"INSTALACION DE UNA LOSA MULTIDEPORTIVA EN LA INSTITUCION EDUCATIVA N34106 JOSE SANTOS CHOCANO DEL CENTRO POBLADO DE COCHAMARCA DISTRITO DE VICCO, PROVINCIA DE PASCO - PASCO",Administración directa,Finalizado,18/07/2016 00:00:00,169936.83,VICCO,PASCO,PASCO
58683,2290894,332398,"CREACION DE LOSA DE RECREACION MULTIUSO EN EL CENTRO POBLADO DE YANACOCHA DISTRITO DE YANAHUANCA, PROVINCIA DE DANIEL ALCIDES CARRION - PASCO",Contrata,Finalizado,1/12/2016 00:00:00,394648.78,YANAHUANCA,DANIEL ALCIDES CARRION,PASCO
58646,2166536,246040,"REHABILITACION, MEJORAMIENTO DEL CAMINO VECINAL, CONSTITUCION - HAUSWALD - JECRA - PUENTE LORO, DISTRITO DE CONSTITUCION - OXAPAMPA - PASCO",Contrata,Finalizado,21/09/2016 00:00:00,2289888.32,CONSTITUCION,OXAPAMPA,PASCO
58645,2294061,335848,"CREACION DE PONTON EN LA CALLE CERRO DE PASCO-CUARTA ETAPA LOCALIDAD DE CONSTITUCION, DISTRITO DE CONSTITUCION - OXAPAMPA - PASCO",Contrata,Finalizado,10/09/2016 00:00:00,90567.50,CONSTITUCION,OXAPAMPA,PASCO
58590,2314002,351612,"CREACION DEL CENTRO CULTURAL Y DEPORTIVO CHAMPAMARCA EN EL AA.HH. AGRUPACION FAMILIAR CHAMPAMARCA, DISTRITO DE SIMON BOLIVAR - PASCO - PASCO- PRIMERA ETAPA",Contrata,Finalizado,14/05/2018 00:00:00,753082.97,SIMON BOLIVAR,PASCO,PASCO
58557,2200585,291664,"INSTALACION DEL SERVICIO DE AGUA PARA RIEGO EN EL CENTRO POBLADO DE HUANCAMACHAY, DISTRITO DE SAN FRANCISCO DE ASIS DE YARUSYACAN - PASCO - PASCO",Contrata,Sin Ejecución,"",800349.69,SAN FRANCISCO DE ASIS DE YARUSYACAN,PASCO,PASCO
58523,2246616,301810,"INSTALACION DEL SERVICIO DE AGUA POTABLE Y SANEAMIENTO EN LA CC.NN. DE PUERTO BELEN, DISTRITO DE CONSTITUCION - OXAPAMPA - PASCO",Contrata,Finalizado,24/10/2016 00:00:00,3865987.70,CONSTITUCION,OXAPAMPA,PASCO
58522,2259565,315368,"INSTALACION DEL SERVICIO DE AGUA POTABLE Y SANEAMIENTO EN LA COMUNIDAD NATIVA DE UNIDAD YANESHA, DISTRITO DE CONSTITUCION - OXAPAMPA - PASCO",Contrata,Finalizado,14/10/2016 00:00:00,2689799.90,CONSTITUCION,OXAPAMPA,PASCO
58452,2177571,257249,"INSTALACION DEL SISTEMA DE AGUA POTABLE Y SANEAMIENTO EN LA LOCALIDAD DE PUERTO YARINA, DISTRITO DE CONSTITUCION - OXAPAMPA - PASCO",Contrata,Finalizado,28/12/2016 00:00:00,2767144.40,CONSTITUCION,OXAPAMPA,PASCO
58339,2078216,88438,MEJORAMIENTO DE LOS SERVICIOS QUE BRINDA LA RED DE SALUD OXAPAMPA-DIRESA PASCO-GOBIERNO REGIONAL PASCO-PROVINCIA DE OXAPAMPA REGION PASCO,Contrata,Finalizado,4/11/2016 00:00:00,5788896.84,OXAPAMPA,OXAPAMPA,PASCO
58279,2287977,329719,"CONSTRUCCION DEL CAMINO VECINAL ENTRE LAS COMUNIDADES NATIVAS DE HAUSWALD - NUEVO PROGRESO, DISTRITO DE CONSTITUCION - OXAPAMPA - PASCO",Contrata,Finalizado,1/09/2016 00:00:00,551972.59,CONSTITUCION,OXAPAMPA,PASCO
58263,2290896,332400,"CREACION DEL CENTRO COMUNAL COMERCIAL EN LA LOCALIDAD DE SAN PEDRO DE PILLAO, PROVINCIA DE DANIEL ALCIDES CARRION - PASCO",Contrata,Finalizado,20/09/2016 00:00:00,392000,SAN PEDRO DE PILLAO,DANIEL ALCIDES CARRION,PASCO
58251,2303904,342830,"CREACION DEL CENTRO DE SERVICIOS ¿TAMBO EN EL CENTRO POBLADO DE CHICHURAQUINA (VILLA CORAZON DE JESUS), DISTRITO DE SANTA ANA DE TUSI, PROVINCIA DANIEL ALCIDES CARRION, DEPARTAMENTO PASCO",Por núcleo ejecutor,Finalizado,3/08/2016 00:00:00,1059345.72,SANTA ANA DE TUSI,DANIEL ALCIDES CARRION,PASCO
58250,2185628,263765,"CONSTRUCCION DEL CAMINO VECINAL TRAMO YARINA - BUENA VISTA, DISTRITO DE CONSTITUCION - OXAPAMPA - PASCO",Contrata,Finalizado,9/09/2016 00:00:00,981258.90,CONSTITUCION,OXAPAMPA,PASCO
58221,2310598,348089,"CREACIÓN DE ESPACIOS DEPORTIVOS Y RECREATIVOS EN EL CAMPO FERIAL, DISTRITO DE SIMÓN BOLÍVAR, PROVINCIA DE PASCO - PASCO,COMPONENTE I: INFRAESTRUCTURA DEPORTIVA.",Contrata,Finalizado,3/01/2017 00:00:00,459443.57,,PASCO,PASCO
58175,2289805,331385,"¿Creación de los Espacios Deportivos y Recreativos en el Asentamiento Humano Túpac Amaru Sector I, Distrito de Chaupimarca, Provincia de Pasco ¿ Pasco",Contrata,Finalizado,3/11/2016 00:00:00,456893.48,CHAUPIMARCA,PASCO,PASCO
58071,2234199,248985,"INSTALACION DEL SISTEMA DE AGUA Y ALCANTARILLADO EN LA LOCALIDAD DE TACTAYOC Y SUS BARRIOS, DISTRITO DE SANTA ANA DE TUSI - DANIEL ALCIDES CARRION - PASCO",Contrata,Sin Ejecución,"",3308485.86,SANTA ANA DE TUSI,DANIEL ALCIDES CARRION,PASCO
58014,2298530,340713,"CREACION DE UNA LOSA DEPORTIVA EN EL BARRIO ABAJO DEL CENTRO POBLADO DE LA VICTORIA, DISTRITO DE PAUCARTAMBO - PASCO - PASCO",Contrata,Finalizado,28/10/2016 00:00:00,234839.53,PAUCARTAMBO,PASCO,PASCO
58009,2239698,273932,"CREACION DEL LOCAL DE USOS MULTIPLES DEL ANEXO DE SAN JOSE, CENTRO POBLADO DE ACOPALCA, DISTRITO DE PAUCARTAMBO - PASCO - PASCO",Contrata,Finalizado,16/10/2018 00:00:00,295758.04,PAUCARTAMBO,PASCO,PASCO
57997,2309101,347515,"CREACION DE PISTAS Y VEREDAS DE LAS CALLES DEL ANEXO DE NUEVA ESPERANZA DEL CENTRO POBLADO DE BELLAVISTA, DISTRITO DE PAUCARTAMBO - PASCO - PASCO",Contrata,Finalizado,22/10/2020 00:00:00,1878658.64,PAUCARTAMBO,PASCO,PASCO
57967,2242036,283949,"MEJORAMIENTO DE PISTAS, VEREDAS Y TRATAMIENTO PAISAJISTICO EN LA VIA PRINCIPAL DEL CENTRO POBLADO DE LUCMA, DISTRITO DE HUACHON - PASCO - PASCO",Contrata,Finalizado,27/10/2016 00:00:00,1498960.52,HUACHON,PASCO,PASCO
57960,2229894,234420,"MEJORAMIENTO CON VEREDAS Y PAVIMENTO RIGIDO DE LA CALLE REAL - PUENTE AGOCHINCHAN - I.E. N 34007 DEL CENTRO POBLADO DE QUIPARACRA, DISTRITO DE HUACHON, PROVINCIA DE PASCO - PASCO",Contrata,Finalizado,10/10/2016 00:00:00,1735138.88,HUACHON,PASCO,PASCO
57946,2206087,221427,"CREACION DE PISTAS Y VEREDAS EN LA LOCALIDAD DE CHAUYAR, DISTRITO DE SAN FRANCISCO DE ASIS DE YARUSYACAN - PASCO - PASCO",Contrata,Finalizado,8/11/2016 00:00:00,1460844.32,SAN FRANCISCO DE ASIS DE YARUSYACAN,PASCO,PASCO
57822,2282098,324913,"CONSTRUCCION DEL CAMINO RURAL GOTORA - PICURCO, DISTRITO DE SAN FRANCISCO DE ASIS DE YARUSYACAN - PASCO - PASCO",Contrata,Sin Ejecución,"",1308193.94,SAN FRANCISCO DE ASIS DE YARUSYACAN,PASCO,PASCO
57820,2305340,344144,"CREACION DE PISTAS Y VEREDAS EN LA AV. PRINCIPAL CENTRO POBLADO SAN PEDRO DE MISHARAN, DISTRITO DE SAN FRANCISCO DE ASIS DE YARUSYACAN - PASCO - PASCO",Contrata,Finalizado,13/07/2020 00:00:00,2013901.06,SAN FRANCISCO DE ASIS DE YARUSYACAN,PASCO,PASCO
57699,2236197,234740,"INSTALACION DEL SERVICIO DE AGUA POTABLE Y DISPOSICIÓN DE EXCRETAS EN LA LOCALIDAD DE ACUZAZÚ, DISTRITO DE OXAPAMPA, PROVINCIA DE OXAPAMPA - PASCO",Contrata,Finalizado,17/10/2016 00:00:00,974653.28,OXAPAMPA,OXAPAMPA,PASCO
57698,2240006,275123,"MEJORAMIENTO Y AMPLIACION DE LOS SERVICIOS DE AGUA POTABLE Y DESAGUE EN EL CENTRO POBLADO SAN FRANCISCO DE CAHUAPANAS, DISTRITO DE PUERTO BERMUDEZ, PROVINCIA DE OXAPAMPA - PASCO",Contrata,Finalizado,22/12/2016 00:00:00,2536568.66,PUERTO BERMUDEZ,OXAPAMPA,PASCO
57619,2142840,177039,MEJORAMIENTO Y AMPLIACIÓN DE LA GESTIÓN INTEGRAL DE LOS RESIDUOS SÓLIDOS MUNICIPALES DEL DISTRITO DE HUARIACA - PASCO,Contrata,Finalizado,22/04/2013 00:00:00,5248416.10,HUARIACA,PASCO,PASCO
57614,0,0,FORTALECIMIENTO DE LAS CAPACIDADES DEPORTIVAS Y TRATAMIENTO DEL ORNATO INTERIOR EN EL INSTITUTO DE EDUCACIÓN SUPERIOR TECNOLÓGICO PUBLICO ALFRED NOBEL DEL DISTRITO DE HUARIACA ¿ PASCO - PASCO,Contrata,Finalizado,15/12/2012 00:00:00,421809.94,HUARIACA,PASCO,PASCO
57540,0,0,"REHABILITACIÓN DE RED PRIMARIA TRIFÁSICA 10KV DE LA LOCALIDAD DE SHELBY, DISTRITO DE VICCO ¿ PASCO - PASCO.",Contrata,Finalizado,6/06/2013 00:00:00,225781.59,VICCO,PASCO,PASCO
57523,0,0,CONSTRUCCIÓN DE LA INSTITUCIÓN EDUCATIVA 34065 ¿ RAHUI DEL CASERÍO PAMPA HERMOSA DISTRITO DE HUARICA,Contrata,Finalizado,2/07/2013 00:00:00,570244.82,,,PASCO
57486,0,0,"FORTALECIMIENTO DE LAS CAPACIDADES EDUCATIVAS EN EL NIVEL INICIAL EN EL BARRIO YANACOCHA BAJO DEL DISTRITO DE HUARIACA, PROVINCIA DE PASCO ¿ PASCO, COMPONENTE I Y II",Contrata,Finalizado,3/01/2013 00:00:00,487377.79,HUARIACA,PASCO,PASCO
57468,0,0,MEJORAMIENTO DE LAS DIFERENTES INSTITUCIONES EDUCATIVAS E INSTITUCIONES PÚBLICAS A NIVEL DE PINTADO DEL DISTRITO DE VICCO ¿ DEPARTAMENTO DE PASCO.,Contrata,Finalizado,19/08/2013 00:00:00,114394,VICCO,PASCO,PASCO
57463,0,0,"CONSTRUCCIÓN DE MINI LOSA DEPORTIVA Y TRIBUNA DEPORTIVA EN EL CETPRO MARGARITA GONZALES DE DANKER, LOCALIDAD DE VICCO ¿ DISTRITO DE VICCO ¿ PASCO ¿ PASCO.",Contrata,Finalizado,27/11/2013 00:00:00,122437.66,VICCO,PASCO,PASCO
57450,0,0,IMPLEMENTACIÓN DE AULAS VIRTUALES EN LAS INSTITUCIONES EDUCATIVAS DE EDUCACIÓN INICIAL PRIMARIA Y SECUNDARIA DEL DISTRITO DE VICCO EN LA PROVINCIA DE PASCO.,Contrata,Finalizado,10/09/2013 00:00:00,334917.74,VICCO,PASCO,PASCO
57379,0,0,MEJORAMIENTO Y PROMOCION TURISTICA EN LA LOCALIDAD DE GOYLLARISQUIZGA DISTRITO DE GOYLLARISQUIZGA REGION PASCO,Administración directa,En Ejecución,1/07/2016 00:00:00,133900,GOYLLARISQUIZGA,PASCO,PASCO
57378,0,0,MEJORAMIENTO DEL COMEDOR ESCOLAR DE LA EDUCACION BASICA REGULAR 2016 DISTRITO DE GOYLLARISQUIZGA PROVINCIA DE DANIEL CARRION REGION PASCO,Administración directa,Sin Ejecución,"",85437.50,GOYLLARISQUIZGA,PASCO,PASCO
57375,0,0,CONSTRUCCIÓN DEL CERCO PERIMETRICO DE LA INSTITUCIÓN EDUCATIVA PEDRO PAULET DE COCHAMARCA - DISTRITO DE VICCO,Contrata,Finalizado,5/10/2013 00:00:00,473356.95,VICCO,PASCO,PASCO
57374,0,0,CONSTRUCCION DE SERVICIO HIGIENICO BARRIO PAMPA VERDE DISTRITO GOYLLARISQUIZGA PROVINCIA DE DANIEL CARRION REGION PASCO,Administración directa,Sin Ejecución,"",37656.66,GOYLLARISQUIZGA,PASCO,PASCO
57371,0,0,CONSTRUCCION DEL COMEDOR TURISTICO DEL CENTRO RECREACIONAL AMERICANO DISTRITO DE GOYLLARISQUIZGA PROVINCIA DE DANIEL CARRION REGION PASCO,Administración directa,Sin Ejecución,"",14920.19,GOYLLARISQUIZGA,PASCO,PASCO
57370,0,0,MEJORAMIENTO Y CONSTRUCCION DEL CERCO PERIMETRICO DEL PARQUE INFANTIL DEL BARRIO PAMPA VERDE DISTRITO DE GOYLLARISQUIZGA PROVINCIA DANIEL CARRION REGION PASCO,Administración directa,Sin Ejecución,"",60216.49,GOYLLARISQUIZGA,PASCO,PASCO
57362,0,0,LIMPIEZA DE CUNETAS Y MEJORAMIENTO DE VÍAS PRINCIPALES Y EDIFICACIONES DEL DISTRITO DE GOYLLARISQUIZGA - DANIEL ALCIDES CARRION - PASCO,Administración directa,En Ejecución,18/01/2016 00:00:00,74303.49,GOYLLARISQUIZGA,DANIEL ALCIDES CARRION,PASCO
57356,0,0,CONSTRUCCIÓN DEL MURO PERIMETRICO DE LA INSTITUCIÓN EDUCATIVA INICIAL NUESTRA SEÑORA INMACULADA CONCEPCIÓN - DISTRITO DE VICCO - PASCO - PASCO,Contrata,Finalizado,2/12/2013 00:00:00,158687.81,VICCO,PASCO,PASCO
57351,0,0,"CONSTRUCCIÓN DE LOSA MULTIDEPORTIVA EN LA INSTITUCIÓN EDUCATIVA PEDRO PAULET DE COCHAMARCA, DISTRITO DE VICCO, REGIÓN PASCO",Contrata,Finalizado,8/02/2013 00:00:00,108533.02,VICCO,PASCO,PASCO
57348,0,0,"MEJORAMIENTO DE LA OFERTA EDUCATIVA DE LA INSTITUCIÓN EDUCATIVA INICIAL NUESTRA SEÑORA INMACULADA CONCEPCIÓN, DISTRITO DE VICCO, PASCO - PASCO",Contrata,Finalizado,3/05/2013 00:00:00,322073.49,VICCO,PASCO,PASCO
57344,0,0,MEJORAMIENTO DE ÁREAS VERDES DEL PARQUE DE LA PLAZA Y PAVIMENTO DEL FRONTIS DE LA MUNICIPALIDAD DEL CENTRO POBLADO DE SHELBY - DISTRITO DE VICCO - PASCO - PASCO,Contrata,Finalizado,8/11/2013 00:00:00,274754.21,VICCO,PASCO,PASCO
57102,0,0,"CONSTRUCCIÓN DEL COLISEO POLIDEPORTIVO DEL DISTRITO HUACHON, PROVINCIA Y REGIÓN PASCO - I ETAPA",Contrata,En Ejecución,1/10/2012 00:00:00,418187.44,HUACHON,PASCO,PASCO
57059,0,0,""" CONSTRUCCION DE MURO DE CONCRETO ARMADO EN LA CALLE ICA DE LA LOCALIDAD DE CHACAYN, PROVINCIA DANIEL ALCIDES CARRION - PASCO",Administración directa,Finalizado,16/06/2015 00:00:00,72797.29,,DANIEL ALCIDES CARRION,PASCO
57039,2197848,270971,"MEJORAMIENTO DE LOS SERVICIOS TURÍSTICOS PÚBLICOS DE LA RUTA DEL CAFÉ: CHANCHAMAYO - VILLA RICA, SECTOR VILLA RICA, PROVINCIA DE OXAPAMPA, DEPARTAMENTO DE PASCO",Contrata,Finalizado,11/04/2017 00:00:00,6519058.48,VILLA RICA,OXAPAMPA,PASCO
56988,0,0,"CONSTRUCCIÓN DEL COLISEO DEPORTIVO EN EL CENTRO POBLADO DE QUIPARACRA, DISTRITO DE HUACHON, PROVINCIA Y REGIÓN PASCO - I ETAPA",Contrata,En Ejecución,21/09/2016 00:00:00,419306.24,HUACHON,PASCO,PASCO
56987,2313961,351572,""" REHABILITACION Y MANTENIMIENTO DE TROCHA CARROZABLE A NIVEL DEL DISTRITO DE CHACAYAN",Administración directa,Finalizado,25/03/2016 00:00:00,35012.52,CHACAYAN,DANIEL ALCIDES CARRION,PASCO
56906,0,0,"Construcción del puente carrozable Chincay, Distrito de Huancabamba - Provincia de Oxapampa - Pasco",Administración directa,Finalizado,16/05/2016 00:00:00,219308.28,HUANCABAMBA,OXAPAMPA,PASCO
56802,2223285,227547,""" MEJORAMIENTO DE LOS SERVICIOS DE EDUCACION PRIMARIA DE LA I.E. N° 34131 CHANGO DE LA LOCALIDAD DE CHANGO, DISTRITO DE CHACAYAN - DANIEL ALCIDES CARRION - PASCO""",Contrata,Finalizado,16/03/2015 00:00:00,3004658.76,CHACAYAN,DANIEL ALCIDES CARRION,PASCO
56795,0,0,"CONSTRUCCIÓN DE DOS AULAS DE DOS NIVELES EN LA I.E. N° 34046 - SAN MARTÍN DE PORRAS DE LA LOCALIDAD DE VICCO, DISTRITO DE VICCO - PROVINCIA Y REGIÓN PASCO",Contrata,Finalizado,16/10/2013 00:00:00,451267.45,VICCO,PASCO,PASCO
56779,0,0,"CONSTRUCCIÓN Y EQUIPAMIENTO DEL LABORATORIO DE LA I.E. PEDRO PAULET DEL CENTRO POBLADO DE COCHAMARCA, DISTRITO DE VICCO, PROVINCIA Y REGIÓN DE PASCO",Contrata,Finalizado,21/11/2012 00:00:00,418707.96,VICCO,PASCO,PASCO
56707,2164898,198944,"""MEJORAMIENTO DE LOS SERVICIOS DE EDEUCACION DEL NIVEL SECUNDARIO DE LA I.E AGROPECUARIO N° 86 FELIX ELIAS RAYMUNDO HUANCA DE LA LOCALIDAD DE LA LOCALIDAD DE CHACAYAN DANIEL ALCIDES CARRION - PASCO",Contrata,Finalizado,15/12/2013 00:00:00,3604618.57,CHACAYAN,DANIEL ALCIDES CARRION,PASCO
56697,2164568,208211,EJECUCIÓN DE OBRA: MEJORAMIENTO DE LAS CAPACIDADES RESOLUTIVAS DE LOS ESTABLECIMIENTOS DE SALUD DE LA MICRO RED DE HUARIACA - PASCO - PASCO,Contrata,Finalizado,11/07/2019 00:00:00,5403519.38,HUARIACA,PASCO,PASCO
56589,0,0,"""MANTENIMIENTO DE LA I . E 34025 CON LA CONSTRUCCIÓN DE UN MURO DE CONTENCIÓN EN LA MARGEN DERECHA DE LA CARRETERA YARHUAY DEL DISTRITO DE PAUCARTAMBO - PASCO -PASCO.""",Administración directa,Finalizado,1/08/2016 00:00:00,141962.08,PAUCARTAMBO,PASCO,PASCO
56525,0,0,"FORTALECIMIENTO DE LAS CAPACIDADES EDUCATIVAS EN EL NIVEL INICIAL DEL CENTRO POBLADO DE SANTA ROSA DE HUANAG DEL DISTRITO DE HUARIACA COMPONENTE I (02 Aulas del Taller de Estimulación, Dirección, SSHH)",Contrata,Finalizado,3/04/2012 00:00:00,354813.58,HUARIACA,PASCO,PASCO
56476,2291344,332801,"MEJORAMIENTO Y AMPLIACION DE SISTEMA DE RIEGO EN LA ZONA BAJA DE LA LOCALIDAD DE CHACAYAN DISTRITO DE CHACAYAN, PROVINCIA DANIEL CARRION - PASCO",Administración directa,Finalizado,18/03/2016 00:00:00,91800,CHACAYAN,PASCO,PASCO
56466,0,0,"OBRA ""CREACION DEL CENTRO PERIMÉTRICO DEL JARDÍN DE NIÑOS PAUL HARRIS DE SAN JUAN DE YACAN , DISTRITO DE PAUCAR -DANIEL CARRION -PASCO",Administración directa,Finalizado,3/09/2012 00:00:00,172122,PAUCAR,PASCO,PASCO
56457,0,0,"CRIANZA Y MEJORAMIENTO GENÉTICO DE GANADO OVINO EN LA COMUNIDAD DE HUICHPIN, DISTRITO DE PALLANCHACRA, PROVINCIA DE PASCO, REGIÓN PASCO.",Administración directa,Finalizado,5/02/2016 00:00:00,100000,PALLANCHACRA,PASCO,PASCO
56452,2173513,247119,"EJECUCIÓN DE LA OBRA: MEJORAMIENTO DEL SERVICIO EDUCATIVO INTEGRAL N° 34080 ALBERT EINSTEN DEL CENTRO POBLADO DE JUNIPALCA, DISTRITO DE SAN FRANCISCO DE YARUSYACAN PROVINCIA Y REGION PASCO DE PASCO",Contrata,Finalizado,27/10/2016 00:00:00,2110961.98,,PASCO,PASCO
56401,2164915,233367,"MEJORAMIENTO DE PISTAS Y VEREDAS DE LAS CALLES SANTO TORIBIO-LIBERTAD-ANASQUISQUE-RUPASH HUAY-AYACUCHO-GOYLLAR Y SANTA LUCIA - DEL ANEXO DE MITO, DISTRITO DE CHACAYAN - DANIEL ALCIDES CARRION - PASCO",Contrata,Finalizado,17/02/2014 00:00:00,121944270,CHACAYAN,DANIEL ALCIDES CARRION,PASCO
56398,2164906,227143,"CREACION DE PISTAS Y VEREDAS EN LA CALLES PASCO, CALLE 15 DE AGOSTO, JIRON 9 DE OCTUBRE Y JIRON ALFONSO UGARTE, DE LA LOCALIDAD DE CHANGO, DISTRITO DE CHACAYAN - DANIEL ALCIDES CARRION - PASCO",Contrata,Finalizado,18/09/2013 00:00:00,714767.90,CHACAYAN,DANIEL ALCIDES CARRION,PASCO
56362,0,0,"""MEJORAMIENTO Y AMPLIACIÓN DE LA TROCHA CARROZABLE MALLAN BAJO - VENTANILLA DEL CENTRO POBLADO DE QUIPARACRA, DISTRITO DE HUACHON, PROVINCIA Y REGIÓN PASCO""",Administración directa,Finalizado,1/08/2014 00:00:00,730935.54,HUACHON,PASCO,PASCO
56330,0,0,"""MEJORAMIENTO DEL ESTADIO DEPORTIVO DE HUACHON IV ETAPA, DISTRITO DE HUACHON, PROVINCIA Y REGIÓN PASCO""",Administración directa,Finalizado,3/09/2014 00:00:00,290008.32,HUACHON,PASCO,PASCO
56300,0,0,"FORTALECIMIENTO DE LAS CAPACIDADES EDUCATIVAS EN EL NIVEL INICIAL EN EL CENTRO POBLADO DE SANTA ROSA DE HUANAG,DISTRITO DE HUARIACA, PROVINCIA DE PASCO- PASCO-COMPONENTE III.",Contrata,Finalizado,10/09/2013 00:00:00,329963.59,HUARIACA,PASCO,PASCO
56296,0,0,"REHABILITACIÓN DE RED DE AGUA, DESAGUE Y CONEXIONES DOMICILIARIAS EN PLAYA HERMOSA DEL BARRIO DE COCHATUPE",Contrata,Finalizado,21/03/2012 00:00:00,104780.47,,,PASCO
56230,0,0,"""CONSTRUCCION DEL LOCAL COMUNAL DE USOS MULTIPLES II ETAPA - C.P. QUIPARACRA - DISTRITO DE HUACHON - PROVINCIA Y REGIÓN PASCO""",Administración directa,Finalizado,17/11/2014 00:00:00,194373.78,HUACHON,PASCO,PASCO
56180,0,0,"CONSTRUCCIÓN DE UNA LOSA MULTIDEPORTIVA EN LA I.E. FRANCISCO BOLOGNESI DEL CENTRO POBLADO DE SHELBY, DISTRITO DE VICCO, PROVINCIA Y REGIÓN PASCO.",Contrata,Finalizado,20/11/2012 00:00:00,127918.23,VICCO,PASCO,PASCO
56155,0,0,"""MEJORAMIENTO, REHABILITACIÓN DE VIAS Y CAMINOS DE HERRADURA AÑO 2013 DEL DISTRITO DE HUACHON, PROVINCIA Y REGIÓN PASCO""",Administración directa,Sin Ejecución,"",513968.71,HUACHON,PASCO,PASCO
56078,0,0,"CONSTRUCCIÓN DEL MERCADO MULTIUSO DEL CENTRO POBLADO DE PUAGMARAY DISTRITO DE HUACHON, PROVINCIA Y REGIÓN PASCO - I ETAPA",Contrata,En Ejecución,27/09/2016 00:00:00,242567.24,HUACHON,PASCO,PASCO
56029,2107383,117672,"CONSTRUCCION DEL SISTEMA DE RIEGO EN LA LOCALIDAD DE USPACHACA, DISTRITO DE TAPUC, PROVINCIA DE DANIEL CARRION, REGIÓN PASCO",Contrata,Finalizado,13/01/2012 00:00:00,949709.73,TAPUC,PASCO,PASCO
56020,2107384,109055,CONSTRUCCION DEL SISTEMA DE RIEGO EN LA COMUNIDAD NUEVA ESPERANZA DE CURPACURPA PROVINCIA DANIEL CARRION-REGIÓN PASCO,Administración directa,Finalizado,13/10/2011 00:00:00,306541.14,,PASCO,PASCO
55939,2321039,358059,"CREACION DE MUROS DE REFORZAMIENTO EN EL PUENTE SHALIAGCHACA KM 34 + 120, DISTRITO DE CHACAYAN - DANIEL ALCIDES CARRION - PASCO",Administración directa,Finalizado,1/05/2016 00:00:00,17652.50,CHACAYAN,DANIEL ALCIDES CARRION,PASCO
55922,0,0,"INSTALACIÓN DE 02 AULAS, SERVICIOS HIGIÉNICOS Y CERCO PERIMÉTRICO DE LA I.E. INICIAL AMARILIS SHELBY - DISTRITO DE VICCO -PASCO.",Contrata,Finalizado,17/09/2012 00:00:00,255691.44,VICCO,PASCO,PASCO
55859,0,0,"""MEJORAMIENTO DEL SISTEMA DE ABASTECIMIENTO DE AGUA POTABLE EN EL PUEBLO DE PUAGMARAY DEL CENTRO POBLADO DE QUIPARACRA, DISTRITO DE HUACHON, PROVINCIA Y REGIÓN PASCO""",Contrata,Finalizado,9/08/2013 00:00:00,130000,HUACHON,PASCO,PASCO
55854,0,0,"""CONSTRUCCIÓN DE AULAS Y CERCO PERIMETRICO EN LA I.E. TIERRA PROMETIDA DEL PUEBLO DE PUAGMARAY DEL CENTRO POBLADO DE QUIPARACRA - DISTRITO DE HUACHON - PROVINCIA Y REGION PASCO""",Contrata,Finalizado,16/08/2013 00:00:00,619920.22,HUACHON,PASCO,PASCO
55850,2251006,290939,"Elaboración del Expediente Técnico del proyecto ¿Mejoramiento y mejoramiento de la Carretera de Huarapo ¿ El Tingo y Suiza ¿ San Gotardo, Distrito de Chontabamba ¿ Oxapampa ¿ Pasco",Contrata,Sin Ejecución,"","",CHONTABAMBA,OXAPAMPA,PASCO
55840,0,0,"""APERTURA DE TROCHA CARROZABLE TRAMO GAGANANI - AHUAC DEL CENTRO POBLADO DE QUIPARACRA DEL DISTRITO DE HUACHON, PROVINCIA Y REGIÓN PASCO""",Administración directa,Finalizado,11/06/2013 00:00:00,865435.62,HUACHON,PASCO,PASCO
55834,0,0,"""PAVIMENTACIÓN DE CALLES 28 DE JULIO, JUNIN, GRAU, HUANUCO, BOLOGNESI Y CANAL PUMPURA DEL CENTRO POBLADO DE HUACHON, PROVINCIA Y REGIÓN PASCO""",Contrata,Finalizado,12/07/2012 00:00:00,569469.03,HUACHON,PASCO,PASCO
55829,0,0,"""MEJORAMIENTO Y REHABILITACIÓN DE VÍAS EN EL DISTRITO DE HUACHON, PROVINCIA Y REGIÓN PASCO""",Administración directa,Finalizado,1/05/2012 00:00:00,150000,HUACHON,PASCO,PASCO
55787,2296668,339839,"MEJORAMIENTO Y AMPLIACIÓN DEL SISTEMA DE AGUA POTABLE E INSTALACIÓN DEL SISTEMA DE ALCANTARILLADO EN EL BARRIO ABAJO DEL CENTRO POBLADO DE SANTA ROSA DE CHORA, PROVINCIA DE DANIEL ALCIDES CARRION - PASCO",Contrata,Finalizado,1/10/2016 00:00:00,1538468.57,,DANIEL ALCIDES CARRION,PASCO
55779,2283080,325396,"MEJORAMIENTO Y AMPLIACION DE LOS SS.HH Y LAVANDERIA EN LOS BARRIOS PRIMAVERA Y TUPAC AMARU DEL DISTRITO DE YANAHUANCA, PROVINCIA DE DANIEL ALCIDES CARRION - PASCO",Contrata,Finalizado,26/09/2018 00:00:00,427715.20,YANAHUANCA,DANIEL ALCIDES CARRION,PASCO
55767,0,0,"CONSTRUCCIÓN DEL SISTEMA DE AGUA POTABLE DEL CASERÍO DE ISCAYCOCHA, DISTRITO DE CHACAYAN - PROVINCIA DANIEL CARRION - PASCO",Administración directa,Finalizado,29/08/2011 00:00:00,86212.22,CHACAYAN,PASCO,PASCO
55737,0,0,"""MEJORAMIENTO DE VIA CON PAVIMENTO RIGIDO, CONSTRUCCIÓN DE VEREDAS DEL BARRIO DE LA OROYA DEL C.P. QUIPARACRA, DISTRITO DE HUACHON, PROVINCIA Y REGIÓN PASCO""",Contrata,Finalizado,12/07/2012 00:00:00,379687.97,HUACHON,PASCO,PASCO
55733,0,0,"""CONSTRUCCIÓN DE LOCAL MULTIUSOS EN EL CASERIO DE PUAGMARAY C.P. DE QUIPARACRA, DISTRITO DE HUACHON, PROVINCIA Y REGIÓN PASCO""",Contrata,Finalizado,1/09/2012 00:00:00,259985.08,HUACHON,PASCO,PASCO
55704,2309085,347499,"INSTALACION DEL SERVICIO DE TELEFONIA MOVIL, TELEFONIA FIJA ABONADOS EN LAS LOCALIDADES DE TAMBILLO, CHINCHANCO DEL DISTRITO DE PAUCARTAMBO, PROVINCIA DE PASCO - PASCO",Contrata,Finalizado,13/09/2016 00:00:00,600000,PAUCARTAMBO,PASCO,PASCO
55667,0,0,"CONSTRUCCIÓN DEL SISTEMA DEL AGUA POTABLE DE 20 DE ENERO SUNEC , DISTRITO DE TICLACAYAN - PASCO - PASCO",Contrata,Finalizado,13/11/2013 00:00:00,258217.57,TICLACAYAN,PASCO,PASCO
55663,0,0,"CONSTRUCCIÓN DEL SISTEMA DE ALCANTARILLADO DEL ANEXO DE SUNEC, DISTRITO DE TICLACAYAN - PASCO - PASCO",Contrata,Finalizado,13/11/2013 00:00:00,382788.42,TICLACAYAN,PASCO,PASCO
55657,0,0,"CONSTRUCCIÓN DEL SISTEMA DE AGUA POTABLE AL CASERÍO DE CUCALPUQUIÓN EN EL CENTRO POBLADO DE PUCURHUAY, DISTRITO DE TICLACAYAN, PASCO, PASCO.",Contrata,Finalizado,2/05/2012 00:00:00,181285.28,TICLACAYAN,PASCO,PASCO
55575,0,0,"""CONSTRUCCIÓN Y AMPLIACIÓN DE AULAS EN LA I.E. N° 34441 II ETAPA, CENTRO POBLADO DE LUCMA, DISTRITO DE HUACHON - PROVINCIA Y REGIÓN JUNÍN""",Contrata,Finalizado,12/11/2012 00:00:00,316648,HUACHON,PASCO,PASCO
55510,2120250,141163,"CONSTRUCCION DE LOSA MULTIDEPORTIVA Y EQUIPAMIENTO PARA RECREACION INFANTIL EN LA INSTITUCION EDUCATIVA N 34209 DE LA LOCALIDAD DE CANTARIZU , DISTRITO DE OXAPAMPA, PROVINCIA DE OXAPAMPA - PASCO",Contrata,Finalizado,19/03/2012 00:00:00,123292.78,OXAPAMPA,OXAPAMPA,PASCO
55505,2124023,143702,"CONSTRUCCION Y EQUIPAMIENTO DEL CENTRO DE COMPUTO DE LA I.E. N 34206 INDEPENDENCIA SOGORMO, DISTRITO DE OXAPAMPA, PROVINCIA DE OXAPAMPA - PASCO",Contrata,Finalizado,14/01/2013 00:00:00,286470.64,OXAPAMPA,OXAPAMPA,PASCO
55499,2179579,257528,"CREACION DE CERCO PERIMETRICO DEL CEMENTERIO GENERAL DE LA LOCALIDAD DE PALLANCHACRA, DISTRITO DE PALLANCHACRA - PASCO - PASCO",Administración directa,Finalizado,1/07/2015 00:00:00,296205.88,PALLANCHACRA,PASCO,PASCO
55454,2293081,334368,"CREACION DE LA LOSA MULTIDEPORTIVA EN LA LOCALIDAD DE TUNANCANCHA ,DISTRITO DE YANAHUANCA, PROVINCIA DE DANIEL ALCIDES CARRION - PASCO",Contrata,Finalizado,14/02/2018 00:00:00,167315.68,YANAHUANCA,DANIEL ALCIDES CARRION,PASCO
55453,2286556,328506,"MEJORAMIENTO Y AMPLIACION DEL CEMENTERIO GENERAL DE LA LOCALIDAD DE CUYPAN DISTRITO DE YANAHUANCA, PROVINCIA DE DANIEL ALCIDES CARRION - PASCO PRIMERA ETAPA",Administración directa,Finalizado,19/10/2017 00:00:00,470638.49,YANAHUANCA,DANIEL ALCIDES CARRION,PASCO
55450,0,0,"""CONSTRUCCIÓN DEL CERCO PERIMETRICO DEL ESTADIO DE GORGORIN - DISTRITO DE CHACAYAN PROVINCIA DANIEL CARRION - PASCO""",Administración directa,Finalizado,1/09/2014 00:00:00,107250.29,CHACAYAN,PASCO,PASCO
55420,0,0,"AMPLIACION DELSISTEMA DE AGUA EN EL CASERIO DE RURINCOVHA , DIST. PAUCAR, PROV. DANIEL CARRION-PASCO",Administración directa,Finalizado,1/12/2011 00:00:00,44720.69,PAUCAR,PASCO,PASCO
55410,0,0,"CONSTRUCCIÓN DEL CERCO PERIMÉTRICO DE LA I.E. COPITO DE NIEVE - COCHAMARCA, DISTRITO DE VICCO - DEPARATAMENTO DE PASCO",Contrata,Finalizado,20/09/2012 00:00:00,238911.15,VICCO,PASCO,PASCO
55408,2303068,342113,"MEJORAMIENTO INSTITUCIONAL DE LA GERENCIA DE OBRAS DE LA MUNICIPALIDAD, DISTRITO DE HUAYLLAY - PASCO - PASCO",Administración directa,Sin Ejecución,"","",HUAYLLAY,PASCO,PASCO
55406,2304759,343617,"CREACION DE LA PLANTA DE TRATAMENTO DE LA LAGUNA VERDE COCHA DEL, DISTRITO DE HUAYLLAY - PASCO - PASCO",Contrata,En Ejecución,2/06/2017 00:00:00,573069.20,HUAYLLAY,PASCO,PASCO
55405,2304779,343637,"CREACION DE TROCHA CARROZABLE A NIVEL AFIRMADO DEL CENTRO POBLADO DE PUCARA HACIA JALCOY DEL, DISTRITO DE HUAYLLAY - PASCO - PASCO",Contrata,En Ejecución,1/12/2016 00:00:00,1282238.78,HUAYLLAY,PASCO,PASCO
55404,2312647,349779,"MEJORAMIENTO DE LA TRANSITABILIDAD, AV. MICAELA BASTIDAS, JR. MANCO INCA, AV. GARCILAZO DE LA VEGA, SINCHI ROCA, MANCO CAPAC, CALLE CONDORCANQUI, MATEO PUMACAHUA, MARIANO SANTOS DEL BARRIO 14 DE SETIEMBRE, DISTRITO DE HUAYLLAY - PASCO - PASCO",Contrata,Finalizado,21/01/2020 00:00:00,7392229.49,HUAYLLAY,PASCO,PASCO
55403,2313083,350206,"CREACION DEL ENCAUZAMIENTO Y DEFENSA RIBEREÑA RIBEREÑA DEL PJ. S/N, PJ. UNANUE DEL, DISTRITO DE HUAYLLAY - PASCO - PASCO",Contrata,Sin Ejecución,"","",HUAYLLAY,PASCO,PASCO
55401,2308023,346585,"MEJORAMIENTO DEL ESTADIO COMUNAL DEL, DISTRITO DE HUAYLLAY - PASCO - PASCO",Contrata,En Ejecución,1/12/2016 00:00:00,1889885.74,HUAYLLAY,PASCO,PASCO
55399,2306057,344760,"INSTALACION DEL DESAGÜE PLUVIAL DEL BARRIO SANTA ROSA DE QUIVES - CHAQUICOCHA, DISTRITO DE HUAYLLAY - PASCO - PASCO",Contrata,En Ejecución,2/12/2016 00:00:00,1607140.91,HUAYLLAY,PASCO,PASCO
55395,2307214,345899,"MEJORAMIENTO DEL SERVICIO DE TRANSITABILIDAD DEL JR. JUNÍN, PJ. TACNA, PJ. HUSARES DE JUNÍN, PJ. TIWINZA Y CALLE SAN JUAN, DISTRITO DE HUAYLLAY - PASCO - PASCO",Contrata,Finalizado,2/07/2019 00:00:00,1035571.78,HUAYLLAY,PASCO,PASCO
55378,0,0,CONSTRUCCIÓN DEL CERCO PERIMETRICO DEL ESTADIO DE GORGORIN DISTRITO DE CHACAYAN - DANIEL CARRION - PASCO,Administración directa,Sin Ejecución,"",107250.29,CHACAYAN,PASCO,PASCO
55301,0,0,CONSTRUCCION DEL CENTRO CIVICO - DISTRITO DE GOYLLARISQUIZGA - DANIEL ALCIDES CARRION - PASCO I ETAPA,Contrata,Finalizado,22/01/2018 00:00:00,1833399.26,GOYLLARISQUIZGA,DANIEL ALCIDES CARRION,PASCO
55207,2315214,352771,"CREACION DE PISTAS Y VEREDAS DE LAS PRINCIPALES CALLES DEL ANEXO DE SAN JUAN DEL CENTRO POBLADO DE HUALLAMAYO, DISTRITO DE PAUCARTAMBO - PASCO - PASCO",Contrata,Finalizado,27/01/2020 00:00:00,822998.56,PAUCARTAMBO,PASCO,PASCO
55192,0,0,"""CONSTRUCCIÓN DE LA LOSA DEPORTIVA MULTIFUNCIONAL DE LA I.E. N° 34441 DEL CENTRO POBLADO DE LUCMA, DISTRITO DE HUACHON, PROVINCIA Y REGIÓN PASCO""",Contrata,Finalizado,1/02/2016 00:00:00,387343.16,HUACHON,PASCO,PASCO
55088,2193936,280765,"¿AMPLIACION DEL SERVICIO DE ENERGIA ELECTRICA CONVENCIONAL EN LA URBANIZACION EULOGIO FERNANDINI Y DANIEL A. CARRION, EN EL CENTRO POBLADO DE COLQUIJIRCA, DISTRITO DE TINYAHUARCO ¿ PASCO - PASCO¿ - COMPONENTE 02 RED DE SECUNDARIA 380-220 V",Contrata,Finalizado,22/08/2016 00:00:00,885581.93,TINYAHUARCO,PASCO,PASCO
55075,2295564,338131,"MEJORAMIENTO DE LA CARRETERA DEL CENTRO POBLADO MACHCAN A LULICOCHA DEL , DISTRITO DE SAN FRANCISCO DE ASIS DE YARUSYACAN - PASCO - PASCO",Contrata,Sin Ejecución,"",1089475.34,SAN FRANCISCO DE ASIS DE YARUSYACAN,PASCO,PASCO
55071,0,0,"""CONSTRUCCIÓN DEL LABORATORIO DE CIENCIAS DE LA I.E. MIKAEL LUMBERG DEL CENTRO POBLADO DE POAGMARAY, DISTRITO DE HUACHON, PROVINCIA Y REGIÓN DE PASCO""",Contrata,Finalizado,18/04/2016 00:00:00,174731.58,HUACHON,PASCO,PASCO
55069,2120218,139724,"CONSTRUCCION DE LOSA MULTIDEPORTIVA EN EL CENTRO POBLADO DE CHURUMAZU , OXAPAMPA, PROVINCIA DE OXAPAMPA - PASCO",Contrata,Finalizado,9/04/2012 00:00:00,128072.70,OXAPAMPA,OXAPAMPA,PASCO
54909,2131375,161426,CONSTRUCCION SISTEMA DE RIEGO POR ASPERSION JARRIA . PALLANCHACRA - PASCO,Administración directa,En Ejecución,3/11/2015 00:00:00,466814.88,PALLANCHACRA,PASCO,PASCO
54893,2139129,167755,"CONSTRUCCION E IMPLEMENTACION DE LA CASA DE LA CULTURA DE LA LOCALIDAD DE HUAYLLAY, DISTRITO DE HUAYLLAY - PASCO - PASCO",Contrata,Finalizado,13/02/2012 00:00:00,669675.04,HUAYLLAY,PASCO,PASCO
54891,0,0,MEJORAMIENTO Y REHABILITACIÓN DE LAS CALLES DE LA ZONA URBANA DEL SECTOR NUEVA BERNA-DISTRITO DE CHONTABAMBA-OXAPAMPA-PASCO,Administración directa,Finalizado,30/05/2016 00:00:00,29123.06,CHONTABAMBA,OXAPAMPA,PASCO
54858,0,0,"CONSTRUCCIÓN DE ESTRIBOS DEL PUENTE EL TINGO, EN EL C.P. DE EL TINGO, DISTRITO DE CHONTABAMBA, PROVINCIA DE OXAPAMPA-PASCO",Administración directa,Finalizado,29/02/2016 00:00:00,77151.45,CHONTABAMBA,OXAPAMPA,PASCO
54791,2281471,324572,"MEJORAMIENTO DE LOS SERVICIOS DEL CEMENTERIO GENERAL DE LA LOCALIDAD DE PALLANCHACRA, DISTRITO DE PALLANCHACRA - PASCO - PASCO",Administración directa,Finalizado,3/05/2016 00:00:00,147656.24,PALLANCHACRA,PASCO,PASCO
54716,0,0,"CONSTRUCCIÓN DE ARCO DE INGRESO AL CENTRO POBLADO DE QUIPARACRA DISTRITO DE HUACHON, PROVINCIA Y REGIÓN PASCO",Contrata,En Ejecución,19/09/2016 00:00:00,92000.01,HUACHON,PASCO,PASCO
54711,2295746,338396,"CREACION DE ESPACIOS DEPORTIVOS EN EL CENTRO POBLADO DE JUNIPALCA, DISTRITO DE SAN FRANCISCO DE ASIS DE YARUSYACAN - PASCO - PASCO",Contrata,Sin Ejecución,"","",SAN FRANCISCO DE ASIS DE YARUSYACAN,PASCO,PASCO
54678,2138136,168106,"CONSTRUCCION DE SS HH DEL J. N NIÑO MANUELITO DEL SECTOR LA ESPERANZA, DISTRITO DE OXAPAMPA, PROVINCIA DE OXAPAMPA - PASCO",Contrata,Finalizado,11/10/2012 00:00:00,138882.56,OXAPAMPA,OXAPAMPA,PASCO
54657,0,0,"CONSTRUCCIÓN DEL SISTEMA DE AGUA POTABLE CASERÍO 20 DE MARZO, DISTRITO DE PAUCAR, REGIÓN PASCO",Contrata,Finalizado,12/01/2012 00:00:00,75109.39,PAUCAR,PASCO,PASCO
54612,2061241,74133,REHABILITACIÓN DEL CAMINO VECINAL CANCHACUCHO - LAGUNA JAPURIN - GAYA,Contrata,Sin Ejecución,"","",,,PASCO
54608,2120217,139737,"CONSTRUCCION DE LOSA MULTIDEPORTIVA EN EL CENTRO POBLADO DE ALTO CHURUMAZU , OXAPAMPA, PROVINCIA DE OXAPAMPA - PASCO",Contrata,Finalizado,16/10/2012 00:00:00,140034.80,OXAPAMPA,OXAPAMPA,PASCO
54467,2324073,360922,"MEJORAMIENTO DE VIAS CON VEREDAS Y GRADERIAS EN EL JR. HUAMACHUCO PSJE 27 Y CA. PEDRO CABALLERO Y LIRA PSJE 34, DISTRITO DE CHAUPIMARCA, PROVINCIA DE PASCO - PASCO",Contrata,Finalizado,21/11/2016 00:00:00,206283.18,CHAUPIMARCA,PASCO,PASCO
54310,2064095,37778,ELECTRIFICACION DE LOS CASERIOS RURALES DEL DISTRITO DE NINACACA - PASCO,Administración directa,Finalizado,31/05/2011 00:00:00,2224607.42,NINACACA,PASCO,PASCO
54307,0,0,"CONSTRUCCIÓN DE ARCO DE INGRESO AL DISTRITO DE HUACHON, PROVINCIA Y REGIÓN PASCO",Contrata,Finalizado,15/08/2016 00:00:00,89867.73,HUACHON,PASCO,PASCO
54277,0,0,"CONSTRUCCIÓN DEL SISTEMA DE AGUA DEL CASERIO DE CHIRA, DISTRITO DE PAUCAR PROVINCIA DANIEL CARRION - PASCO",Contrata,Finalizado,3/02/2012 00:00:00,80240.87,PAUCAR,PASCO,PASCO
54250,2303306,342323,"MEJORAMIENTO DEL SERVICIO EDUCATIVO DEL II PABELLON DE LA I.E.I. N 34097 DEL CENTRO POBLADO DE SAN FRANCISCO, DISTRITO DE PAUCARTAMBO - PASCO - PASCO",Contrata,Finalizado,17/08/2016 00:00:00,1291429.33,PAUCARTAMBO,PASCO,PASCO
54170,2303687,342666,"AMPLIACION DEL SISTEMA ELECTRICO DEL CENTRO POBLADO DE SAN RAMON DE YANAPAMPA, DISTRITO DE SAN FRANCISCO DE ASIS DE YARUSYACAN - PASCO - PASCO",Contrata,Sin Ejecución,"",82335.63,SAN FRANCISCO DE ASIS DE YARUSYACAN,PASCO,PASCO
54048,2208508,169237,"INSTALACION DE UN SISTEMA DE RIEGO ENTUBADO EN HUARO HUAGANAN MARCA MARCA QUIPIL CHICO AYAJAMACUNAN - HUAMBRAC , DISTRITO DE PAUCARTAMBO - PASCO - PASCO",Administración directa,Finalizado,3/11/2015 00:00:00,822083.15,PAUCARTAMBO,PASCO,PASCO
54032,2220725,230708,INSTALACION DEL SERVICIO DE AGUA DEL SISTEMA DE RIEGO EN EL ANEXO DE PAMPAMARCA ALTA C P DE SANTA ISABEL DISTRITO DE PAUCARTAMBO PASCO PASCO,Administración directa,Finalizado,3/11/2015 00:00:00,758967.06,PAUCARTAMBO,PASCO,PASCO
53995,2197787,267709,"INSTALACION DEL SISTEMA DE LETRINAS SANITARIAS ECOLOGICAS PARA MANEJO DE EXCRETAS EN LA COMUNIDAD CAMPESINA DE PARIAMARCA, DISTRITO DE YANACANCHA - PASCO - PASCO",Contrata,Finalizado,3/08/2016 00:00:00,356743.83,YANACANCHA,PASCO,PASCO
53992,2175613,228192,"MEJORAMIENTO DE PISTAS Y VEREDAS EN EL JIRON EL PRADO DEL AA.HH. VICTOR ARIAS VICUÑA, DISTRITO DE CHAUPIMARCA, PROVINCIA DE PASCO - PASCO",Contrata,Finalizado,4/08/2016 00:00:00,429971.76,CHAUPIMARCA,PASCO,PASCO
53969,2089911,88052,CONSTRUCCION DEL SISTEMA DE RIEGO DE SHALLA RERGOY -DISTRITO DE PAUCARTAMBO -PASCO,Administración directa,Finalizado,12/11/2012 00:00:00,1085739,PAUCARTAMBO,PASCO,PASCO
53912,2114164,117429,"CONSTRUCCION DEL SISTEMA DE RIEGO EN LA LOCALIDAD DE 08 DE OCTUBRE ,DISTRITO DE SANTA ANA DE TUSI , PROVINCIA DE DANIEL CARRION,DEPARTAMENTO DE PASCO",Contrata,Finalizado,31/08/2012 00:00:00,590942.01,SANTA ANA DE TUSI,PASCO,PASCO
53879,2258100,314792,"INSTALACION DE HUARO EN EL CENTRO POBLADO DE ALTO PUELLAS, DISTRITO DE VILLA RICA, PROVINCIA DE OXAPAMPA, DEPARTAMENTO DE PASCO",Contrata,Finalizado,30/09/2017 00:00:00,247424.31,VILLA RICA,OXAPAMPA,PASCO
53877,2259169,313387,"INSTALACION DE HUARO EN LA ALDEA NATIVA MACHCA BOCAZ, DISTRITO DE VILLA RICA, PROVINCIA DE OXAPAMPA, DEPARTAMENTO DE PASCO",Contrata,Finalizado,29/09/2017 00:00:00,217385.44,VILLA RICA,OXAPAMPA,PASCO
53874,2259160,314774,"INSTALACION DE HUARO EN EL CENTRO POBLADO DE SANTO DOMINGO, DISTRITO DE PALCAZU, PROVINCIA DE OXAPAMPA, DEPARTAMENTO DE PASCO",Contrata,Finalizado,28/09/2017 00:00:00,287175.24,PALCAZU,OXAPAMPA,PASCO
53869,2161962,223242,"INSTALACION DEL SERVICIO DE ENERGIA ELECTRICA MEDIANTE ELSISTEMA CONVENCIONAL EN LOS CASERIOS USPACANCHA, CHONTA, PARAN,CHAPAR Y UCUPALPAN, DISTRITO DE SIMON BOLIVAR - PASCO - PASCO",Contrata,Sin Ejecución,"","",SIMON BOLIVAR,PASCO,PASCO
53841,2251258,298769,"Elaboración del Expediente Técnico del proyecto ¿Mejoramiento De Los Servicios Educativos De La I.E. Integrado Parroquial San Juan Bautista En La Localidad De Izcozacin, Distrito De Palcazu, Provincia De Oxapampa, Departamento Pasco",Contrata,Sin Ejecución,"","",PALCAZU,OXAPAMPA,PASCO
53840,2250046,257653,"Elaboración del Expediente Técnico del proyecto ¿Mejoramiento Del Servicio Educativo De La I. E. N 34641 Werner Fleck Del Anexo De Mapirishari, Distrito Puerto Bermúdez, Provincia Oxapampa, Región Pasco",Contrata,Sin Ejecución,"","",OXAPAMPA,OXAPAMPA,PASCO
53638,2302055,341435,"MEJORAMIENTO DE LOS SERVICIOS COMPLEMENTARIOS DE LAS I.E. DEL NIVEL PRIMARIO N° 34263 PUERTO MAYRO, N° 34550 LAGARTO SECO, Y EN LAS I.E. DEL NIVEL SECUNDARIO SAN PEDRO DE PICHANAZ, AGUARUNA Y SANTA ROSA DE CHUCHURRAS, DISTRITO DE PALCAZU - OXAPAMPA - PASCO",Contrata,Finalizado,2/07/2016 00:00:00,128642.08,PALCAZU,OXAPAMPA,PASCO
53626,2245434,297459,"MEJORAMIENTO Y AMPLIACION DE LA OFERTA DE SERVICIOS EDUCATIVOS DE LA I.E. 7 DE JUNIO DEL CENTRO POBLADO DE VILLA AMERICA, DISTRITO DE PALCAZU - OXAPAMPA - PASCO",Contrata,Finalizado,14/09/2016 00:00:00,9539248.95,PALCAZU,OXAPAMPA,PASCO
53618,2115781,141507,"AMPLIACION Y MEJORAMIENTO DE LA INFRAESTRUCTURA DE LA INSTITUCION EDUCATIVA ANTONIO ALVAREZ DE ARENALES DE LA LOCALIDAD DE HUAYLLAY, DISTRITO DE HUAYLLAY - PASCO - PASCO",Obras por impuestos,Finalizado,12/12/2011 00:00:00,5040703.72,HUAYLLAY,PASCO,PASCO
53602,0,0,"IMPLEMENTACION DE LOS CENTROS EDUCATIVOS DE LOS NIVELES INICIAL, PRIMARIA, SECUNDARIA Y CONSTRUCCIÓN DEL CERCO PERIMETRICO DE LA I. .E. PRIMARIA N° 34078 DEL CENTRO POBLADO DE RANYAC, DISTRITO DE NINACACA, PROVINCIA Y DEPARTAMENTO DE PASCO",Contrata,En Ejecución,5/09/2016 00:00:00,181503.88,NINACACA,PASCO,PASCO
53600,0,0,"INSTALACIÓN DE LETRINAS SANITARIAS EN LOS CASERIOS DE PINCULLUYOC , HUAY HUAY, CHACACANCHA, AGOCHINCHAN, Y PUMAPCHUPAN DEL DISTRITO DE NINACACA, PROVINCIA Y REGIÓN DE PASCO",Contrata,Finalizado,20/10/2017 00:00:00,1216328.31,NINACACA,PASCO,PASCO
53564,2134401,142212,CONSTRUCCION DEL SISTEMA DE RIEGO POR ASPERSION PARTE BAJA ROCCO - YANAHUANCA,Administración directa,Finalizado,6/08/2012 00:00:00,469960.39,YANAHUANCA,DANIEL ALCIDES CARRION,PASCO
53545,2128539,128579,"MEJORAMIENTO Y AMPLIACION DEL SISTEMA DE AGUA POTABLE, ALCANTARILLADO Y TRATAMIENTO DE AGUAS RESIDUALES DE LA LOCALIDAD DE ISCOZACIN DISTRITO DE PALCAZU, PROVINCIA DE OXAPAMPA - PASCO",Administración directa,Finalizado,18/03/2016 00:00:00,965564,PALCAZU,OXAPAMPA,PASCO
53514,2234723,253160,"CONSTRUCCION DEL PLAN DE CONTINGENCIA DEL PROYECTO: ""MEJORAMIENTO DEL SERVICIO EDUCATIVO EN EL COLEGIO NACIONAL AGROPECUARIO INTEGRADO N 53 SAN FRANCISCO DE ASIS DEL DISTRITO DE OXAPAMPA - OXAPAMPA - PASCO""",Administración directa,Finalizado,14/02/2020 00:00:00,781815.09,OXAPAMPA,OXAPAMPA,PASCO
53513,2189876,270001,"MEJORAMIENTO DE LOS SERVICIOS EDUCATIVOS DE LA I.E. INTEGRADO N 34205 ANA MOGAS EN EL C.P.QUILLAZÚ, DISTRITO DE OXAPAMPA, PROVINCIA DE OXAPAMPA - PASCO",Administración directa,Sin Ejecución,"",10937846.18,OXAPAMPA,OXAPAMPA,PASCO
53512,2251101,293733,"MEJORAMIENTO DE LOS SERVICIOS EDUCATIVOS EN LA I.E. INICIAL LOS JAZMINES, DISTRITO DE OXAPAMPA, PROVINCIA DE OXAPAMPA, REGION PASCO.",Administración directa,Sin Ejecución,"",1366099.07,OXAPAMPA,OXAPAMPA,PASCO
53496,0,0,"AMPLIACIÓN DE ELECTRIFICACIÓN DEL SUB SISTEMA DE DISTRIBUCIÓN PRIMARIA Y SECUNDARIA , ALUMBRADO PUBLICO Y CONEXIONES DOMICILIARIAS DEL BARRIO PAMPA HERMOSA Y RACRAYTINGO, DEL DISTRITO DE TICLACAYAN PASCO - PASCO.",Contrata,Finalizado,11/11/2012 00:00:00,118083.97,TICLACAYAN,PASCO,PASCO
53459,0,0,"Creación de letrinas, mejoramiento y ampliación del sistema de agua potable de la localidad de Punchao, Distrito de Huancabamba-Provincia de Oxapampa -Pasco.",Contrata,Finalizado,27/06/2016 00:00:00,184435.27,HUANCABAMBA,OXAPAMPA,PASCO
53456,2294278,336132,"CONSTRUCCION DE TROCHA CARROZABLE HUANCHAL - HUACHIN, DISTRITO DE TICLACAYAN - PASCO - PASCO",Administración directa,Finalizado,14/03/2016 00:00:00,302388.24,TICLACAYAN,PASCO,PASCO
53454,0,0,"Creación de letrinas , mejoramiento del sistema de agua potable de la localidad de carolina, Distrito de Huancabamba-Provincia de Oxapampa -Pasco.",Contrata,Finalizado,6/07/2016 00:00:00,246085.04,HUANCABAMBA,OXAPAMPA,PASCO
53427,2250872,285436,"MEJORAMIENTO DE LAS CALLES DEL CENTRO POBLADO DE SAN JUAN DE MILPO , DISTRITO DE SAN FRANCISCO DE ASIS DE YARUSYACAN - PASCO - PASCO",Obras por impuestos,Sin Ejecución,"","",SAN FRANCISCO DE ASIS DE YARUSYACAN,PASCO,PASCO
53425,2286698,328621,"CREACION DE TROCHA CARROZABLE LULICOCHA - HUANCAMACHAY, DISTRITO DE SAN FRANCISCO DE ASIS DE YARUSYACAN - PASCO - PASCO",Obras por impuestos,Sin Ejecución,"",2036854.41,SAN FRANCISCO DE ASIS DE YARUSYACAN,PASCO,PASCO
53366,2152563,200347,"MEJORAMIENTO URBANISTICO DEL JR ARENALES CUADRA 1 EN EL BARRIO CENTRO DE LA LOCALIDAD DE HUAYLLAY, DISTRITO DE HUAYLLAY - PASCO - PASCO",Contrata,Finalizado,26/11/2012 00:00:00,436408.07,HUAYLLAY,PASCO,PASCO
53300,2222481,234782,"MEJORAMIENTO DE LA LOSA MULTIDEPORTIVA DE LA COMUNIDAD CAMPESINA DE QUICHAS DEL CENTRO POBLADO LA QUINUA, DISTRITO DE YANACANCHA - PASCO - PASCO",Contrata,Finalizado,22/07/2016 00:00:00,197430.99,YANACANCHA,PASCO,PASCO
53281,2200152,252135,"EJECUCIÓN DE LA OBRA INSTALACIÓN DEL LOCAL DE USOS MÚLTIPLES DEL CENTRO POBLADO VILLA CORAZÓN DE JESÚS DEL DISTRITO DE SANTA ANA DE TUSI, PROVINCIA DANIEL CARRION, DEPARTAMENTO DE PASCO.",Contrata,En Ejecución,25/07/2016 00:00:00,1215244.18,SANTA ANA DE TUSI,PASCO,PASCO
53265,2156467,199811,"MEJORAMIENTO DEL CAMINO DE HERRADURA DEL CENTRO POBLADO LOS ANDES DE PUCARA - LANCARI, DISTRITO DE HUAYLLAY - PASCO - PASCO",Contrata,Finalizado,27/03/2013 00:00:00,687281.57,HUAYLLAY,PASCO,PASCO
53213,2092398,106374,"CONSTRUCCION DE UN SISTEMA DE RIEGO ENTUBADO EN ACO - YARUCPATAC, DISTRITO DE PAUCARTAMBO - PASCO - PASCO",Contrata,Finalizado,7/01/2013 00:00:00,542738.70,PAUCARTAMBO,PASCO,PASCO
53211,2134791,118454,"CONSTRUCCIÓN SISTEMA DE RIEGO EN LA COMUNIDAD DE SAN ANTONIO DE HUAYCHAOMARCA , PROVINCIA DANIEL CARRION - REGIÓN PASCO",Administración directa,Finalizado,4/09/2012 00:00:00,460388.20,,PASCO,PASCO
53205,0,0,PAVIMENTACIÓN DE LA CALLE PRINCIPAL DEL ANEXO DE SAN GREGORIO DE HUAMANMARCA ¿ DISTRITO DE TICLACAYAN - PASCO - PASCO,Contrata,Finalizado,12/10/2013 00:00:00,645846.39,TICLACAYAN,PASCO,PASCO
53078,2134867,142329,CONSTRUCCIÓN DEL SISTEMA DE RIEGO POR ASPERSIÓN VISTA ALEGRE- YANAHUANCA,Contrata,Finalizado,20/07/2012 00:00:00,453030,YANAHUANCA,DANIEL ALCIDES CARRION,PASCO
53057,2250803,283551,"Elaboración del Expediente Técnico del proyecto ¿Mejoramiento del Servicio Educativo en la Institución Educativa Integrada Agro Industrial N° 34270 Manco Capac de San Francisco de Cahuapanas, Distrito de Puertos Bermúdez ¿ Oxapampa ¿ Pasco",Contrata,Sin Ejecución,"","",OXAPAMPA,OXAPAMPA,PASCO
53056,2250078,259228,"Elaboración del Expediente Técnico del proyecto ¿Mejoramiento del Servicio Educativo en la Institución Educativa Ricardo Palma de la Comunidad Nativa Amambay, Distrito de Puertos Bermúdez ¿ Oxapampa ¿ Pasco",Contrata,Sin Ejecución,"","",OXAPAMPA,OXAPAMPA,PASCO
53054,2250529,275523,"Elaboración del Expediente Técnico del proyecto ¿Mejoramiento de los Servicios Educativos del Colegio Nacional de Iscozacin del Distrito de Palcazu, Provincia de Oxapampa, Región Pasco",Contrata,Sin Ejecución,"","",PALCAZU,OXAPAMPA,PASCO
52999,0,0,"CONSTRUCCIÓN DEL CEMENTERIO MUNICIPAL DE TICLACAYAN,DISTRITO DE TICLACAYAN, PROVINCIA Y REGIÓN PASCO.",Contrata,Finalizado,5/11/2012 00:00:00,1029054.98,TICLACAYAN,PASCO,PASCO
52956,2258041,314751,"INSTALACION DE HUARO EN EL CENTRO POBLADO DE PUERTO MAYRO, DISTRITO DE PALCAZU, PROVINCIA DE OXAPAMPA, DEPARTAMENTO DE PASCO",Contrata,Finalizado,18/08/2016 00:00:00,252464.59,PALCAZU,OXAPAMPA,PASCO
52955,2258078,314783,"INSTALACION DE HUARO EN EL CENTRO POBLADO DE NUEVO PARAÍSO, DISTRITO DE PALCAZU, PROVINCIA DE OXAPAMPA, DEPARTAMENTO DE PASCO",Contrata,Finalizado,16/08/2016 00:00:00,333264.66,PALCAZU,OXAPAMPA,PASCO
52954,2258053,314773,"INSTALACION DE HUARO EN EL CENTRO POBLADO DE MAZUHUAZO, DISTRITO DE PALCAZU, PROVINCIA DE OXAPAMPA, DEPARTAMENTO DE PASCO",Contrata,Finalizado,16/08/2016 00:00:00,259748.12,PALCAZU,OXAPAMPA,PASCO
52953,2258073,314780,"INSTALACION DE HUARO EN EL CENTRO POBLADO DE SHIRINGAMAZU SAN LUIS, DISTRITO DE PALCAZU, PROVINCIA DE OXAPAMPA, DEPARTAMENTO DE PASCO",Contrata,Finalizado,16/08/2016 00:00:00,223749.81,PALCAZU,OXAPAMPA,PASCO
52952,2258047,314759,"INSTALACION DE HUARO EN EL CENTRO POBLADO DE BUENOS AIRES, DISTRITO DE PALCAZU, PROVINCIA DE OXAPAMPA, DEPARTAMENTO DE PASCO",Contrata,Finalizado,18/08/2016 00:00:00,262863.84,PALCAZU,OXAPAMPA,PASCO
52951,2258082,314788,"NSTALACION DE HUARO EN EL CENTRO POBLADO DE BELÉN, DISTRITO DE PALCAZU, PROVINCIA DE OXAPAMPA, DEPARTAMENTO DE PASCO",Contrata,Finalizado,16/08/2016 00:00:00,299187.32,PALCAZU,OXAPAMPA,PASCO
52936,2258130,314824,"INSTALACION DE HUARO EN EL CENTRO POBLADO DE SANTA ANITA, DISTRITO DE PUERTO BERMUDEZ, PROVINCIA DE OXAPAMPA, DEPARTAMENTO DE PASCO",Contrata,Finalizado,24/08/2016 00:00:00,290437.71,PUERTO BERMUDEZ,OXAPAMPA,PASCO
52935,2258124,314819,"INSTALACION DE HUARO EN EL CENTRO POBLADO DE PUERTO OCOPA, DISTRITO DE PUERTO BERMUDEZ, PROVINCIA DE OXAPAMPA, DEPARTAMENTO DE PASCO",Contrata,Finalizado,16/08/2016 00:00:00,191387.11,PUERTO BERMUDEZ,OXAPAMPA,PASCO
52934,2258110,314797,"INSTALACION DE HUARO EN EL CENTRO POBLADO DE EDITA NAZARATEGUI, DISTRITO DE PUERTO BERMUDEZ, PROVINCIA DE OXAPAMPA, DEPARTAMENTO DE PASCO",Contrata,Finalizado,25/08/2016 00:00:00,250517.95,PUERTO BERMUDEZ,OXAPAMPA,PASCO
52932,2259156,315148,"INSTALACION DE HUARO EN EL CENTRO POBLADO CIUDAD CONSTITUCION, DISTRITO DE CONSTITUCION, PROVINCIA DE OXAPAMPA, DEPARTAMENTO DE PASCO",Contrata,Finalizado,19/08/2016 00:00:00,300713.16,CONSTITUCION,OXAPAMPA,PASCO
52875,2305918,344636,"MEJORAMIENTO DE LA TRANSITABILIDAD VEHICULAR Y PEATONAL DEL JIRON FREY DEL DISTRITO DE OXAPAMPA, PROVINCIA DE OXAPAMPA - PASCO",Contrata,En Ejecución,4/11/2017 00:00:00,4595284.86,OXAPAMPA,OXAPAMPA,PASCO
52868,2281373,324519,"MEJORAMIENTO DE LOS SERVICIOS EN EL CIRCUITO TURISTICO DEL MANANTIAL DE LA VIRGEN EN EL SECTOR CANTARIZU, DISTRITO DE OXAPAMPA, PROVINCIA DE OXAPAMPA - PASCO",Administración directa,Finalizado,18/07/2016 00:00:00,456270.54,OXAPAMPA,OXAPAMPA,PASCO
52865,2272101,314133,"MEJORAMIENTO Y AMPLIACIÓN DEL SERVICIO EDUCATIVO DE LA I.E. INICIAL VIRGEN DE FATIMA, SECTOR TACORA DEL DISTRITO DE VILLA RICA, PROVINCIA DE OXAPAMPA - PASCO",Contrata,Sin Ejecución,"",1957965.93,VILLA RICA,OXAPAMPA,PASCO
52864,2271731,314144,"AMPLIACION Y MEJORAMIENTO DEL SERVICIO EDUCATIVO DE LA I.E. INICIAL LUZ DE ESPERANZA, PUERTO AMISTAD DEL DISTRITO DE CONSTITUCIÓN, PROVINCIA DE OXAPAMPA - PASCO",Contrata,Sin Ejecución,"",2176142.96,OXAPAMPA,OXAPAMPA,PASCO
52846,2305982,338575,"MEJORAMIENTO DE LA TRANSITABILIDAD VEHICULAR Y PEATONAL DEL JIRON LIMA, DISTRITO DE OXAPAMPA, PROVINCIA DE OXAPAMPA - PASCO",Administración directa,Finalizado,1/06/2016 00:00:00,3646503.80,OXAPAMPA,OXAPAMPA,PASCO
52830,0,0,"CONSTRUCCIÓN DE GRADERÍAS EN LA LOSA DEPORTIVA DEL SECTOR DE CHURUMAZÚ, DISTRITO DE CHONTABAMBA-OXAPAMPA-PASCO",Administración directa,Finalizado,22/02/2016 00:00:00,138772.81,CHONTABAMBA,OXAPAMPA,PASCO
52800,0,0,"CONSTRUCCIÓN DE UNA LOSA MULTIDEPORTIVA EN LA I.E. MARISCAL MILLER, DISTRITO DE VICCO ¿ DEPARTAMENTO DE PASCO.",Contrata,Finalizado,21/11/2012 00:00:00,137739.58,VICCO,PASCO,PASCO
52753,0,0,"MEJORAMIENTO Y CONSTRUCCIÓN DE LA COBERTURA DEL COMPLEJO DEPORTIVO DEL CENTRO POBLADO DE MALAUCHACA DEL DISTRITO DE TICLACAYAN, PROVINCIA DE PASCO ¿ PASCO.",Contrata,Finalizado,2/10/2012 00:00:00,766889.55,TICLACAYAN,PASCO,PASCO
52751,0,0,"MEJORAMIENTO DE LA INSTITUCIÓN EDUCATIVA - SEGUNDO NIVEL - NIVEL SECUNDARIO EN SAN ISIDRO DE YANAPAMPA, DISTRITO DE TICLACAYAN, PASCO - PASCO.",Contrata,Finalizado,18/12/2012 00:00:00,191967.97,TICLACAYAN,PASCO,PASCO
52722,0,0,CULMINACIÓN DEL CERCO PERIMÉTRICO DE LA I.E. N° 34106 DE COCHAMARCA - VICCO - PASCO.,Contrata,Finalizado,17/09/2012 00:00:00,217085.24,VICCO,PASCO,PASCO
52636,2265338,317475,"MEJORAMIENTO DE CAPACIDADES SOCIOCULTURALES Y ECONÓMICAS EN HUAYLLAY, DISTRITO DE HUAYLLAY - PASCO - PASCO - II ETAPA",Administración directa,En Ejecución,1/02/2016 00:00:00,270432.10,HUAYLLAY,PASCO,PASCO
52578,2307470,346116,"CREACION DE PISTAS Y VEREDAS DE AV. PASCO, LAS AMERICAS, HUACHON Y JR. HUANUCO, JUNIN, LA LIBERTAD, BUENOS AIRES, PACHITEA, MARIATEGUI, VISTA ALEGRE DEL CENTRO POBLADO DE CHUPACA, DISTRITO DE PAUCARTAMBO - PASCO - PASCO",Contrata,Finalizado,8/11/2018 00:00:00,3460197.97,PAUCARTAMBO,PASCO,PASCO
52552,2196907,267171,"MEJORAMIENTO DE LA OFERTA DE LOS SERVICIOS EDUCATIVOS EN LAS I.E. DEL NIVEL PRIMARIA N 34263 PUERTO MAYRO; N 34550 LAGARTO SECO; Y EN LAS I.E. DEL NIVEL SECUNDARIA SAN PEDRO DE PICHANAZ, AGUARUNA, JUAN MEDINA ROBLES, SANTA ROSA DE CHUCHURRAS, DISTRITO DE PALCAZU - OXAPAMPA - PASCO",Contrata,Finalizado,10/12/2014 00:00:00,10393089.94,PALCAZU,OXAPAMPA,PASCO
52551,2191359,265255,"MEJORAMIENTO DE LA TRANSITABILIDAD VEHICULAR Y PEATONAL EN LAS VÍAS DE EMPALME DE LA ZONA URBANA DEL DISTRITO DE OXAPAMPA, PROVINCIA DE OXAPAMPA - PASCO - IV ETAPA",Administración directa,Finalizado,24/02/2016 00:00:00,1519104.43,OXAPAMPA,OXAPAMPA,PASCO
52549,2242286,284915,"MEJORAMIENTO DEL SERVICIO DE EDUCACION INICIAL DE LA I. E. MI SEGUNDO HOGAR - NUEVA ALDEA, DISTRITO DE PALCAZU - OXAPAMPA - PASCO",Contrata,Finalizado,3/10/2015 00:00:00,215820.51,PALCAZU,OXAPAMPA,PASCO
52424,2090006,83497,CONSTRUCCION DEL SISTEMA DE RIEGO DE GANISH -RAHUI - DISTRITO DE HUARIACA - PASCO,Administración directa,Finalizado,15/10/2014 00:00:00,973927.35,HUARIACA,PASCO,PASCO
52423,2243500,289476,"MEJORAMIENTO DEL SERVICIO DE EDUCACION PRIMARIA DE LA I.E. Nº 34551, CASERIO BAJO HUIPUS, DISTRITO DE PALCAZU - OXAPAMPA - PASCO",Contrata,Finalizado,14/10/2015 00:00:00,222663.17,PALCAZU,OXAPAMPA,PASCO
52421,2283906,325822,"MEJORAMIENTO DE LOS SERVICIOS PUBLICOS EN EL CENTRO POBLADO 7 DE JUNIO - VILLA AMERICA, DISTRITO DE PALCAZU - OXAPAMPA - PASCO",Contrata,Finalizado,15/04/2016 00:00:00,573862.06,PALCAZU,OXAPAMPA,PASCO
52397,2291692,333133,"MEJORAMIENTO Y AMPLIACION DE LA CAPACIDAD RESOLUTIVA DE LOS SERVICIOS DEL PUESTO DE SALUD DE LA COMUNIDAD CAMPESINA LOS ANDES DISTRITO DE YANAHUANCA, PROVINCIA DE DANIEL ALCIDES CARRION - PASCO",Contrata,Finalizado,2/06/2016 00:00:00,555864.11,YANAHUANCA,DANIEL ALCIDES CARRION,PASCO
52387,2135379,172532,MEJORAMIENTO DE LA OFERTA DE SERVICIOS EDUCATIVOS PARA EL LOGRO DEL APRENDIZAJE BASICO REGULAR EN LOS ESTUDIANTES DE LA INSTITUCION EDUCATIVA EMBLEMATICA DANIEL ALCIDES CARRION - DISTRITO CHAUPIMARCA - PROVINCIA Y REGION PASCO,Contrata,Finalizado,30/12/2012 00:00:00,7679220.98,CHAUPIMARCA,DANIEL ALCIDES CARRION,PASCO
52370,2103250,103360,"MEJORAMIENTO DE LAS VIAS, INSTALACION DE AREAS VERDES, CONSTRUCCION DE GRADERIAS Y VEREDAS DE LAS CALLES HUANUCO, MACHU PICCHU, RICA CERREÑA, MISTI Y PIURA DEL AA. HH. JOSE CARLOS MARIATEGUI SECTOR 2 DISTRITO DE SIMON BOLIVAR -PASCO - PASCO ETAPA III",Contrata,Finalizado,24/02/2020 00:00:00,71188.25,SIMON BOLIVAR,PASCO,PASCO
52367,2284493,326165,"CREACION DE LOSA DE RECREACIÓN MULTIUSOS EN EL CENTRO POBLADO DE PUENTE PAUCARTAMBO, DISTRITO DE VILLA RICA - OXAPAMPA - PASCO",Administración directa,Finalizado,1/04/2016 00:00:00,837469.28,VILLA RICA,OXAPAMPA,PASCO
52305,2305901,344620,"CREACION DE TROCHA CARROZABLE A CENTROS DE PRODUCCION DE CUSHURCOCHA ALTA, RANGRUCAH,JATUNPATA,CHOGOCAJ,LICHKAPATA,PUCACOCHA DEL ANEXO DE CHAUYAR, DE SAN FRANCISCO DE ASIS DE YARUSYACAN,PASCO-PASCO, DISTRITO DE SAN FRANCISCO DE ASIS DE YARUSYACAN - PASCO - PASCO",Contrata,Sin Ejecución,"",4128814.84,SAN FRANCISCO DE ASIS DE YARUSYACAN,PASCO,PASCO
52281,2134871,143805,AMPLIACION DEL SISTEMA ELECTRICO RURAL DE LA JUNTA VECINAL NUEVA ESPERANZA - YANAHUANCA - PASCO,Contrata,Finalizado,21/11/2013 00:00:00,388511.18,YANAHUANCA,PASCO,PASCO
52277,2164333,171317,MEJORAMIENTO Y AMPLIACION DEL SERVICIO DE AGUA PARA RIEGO EN LA LOCALIDAD DE HUARAUTAMBO DISTRITO DE YANAHUANCA - PROVINCIA DANIEL CARRION REGION PASCO,Administración directa,Finalizado,13/12/2014 00:00:00,304842.16,YANAHUANCA,PASCO,PASCO
52264,2165417,227422,"INSTALACION DEL SISTEMA DE AGUA PARA RIEGO EN LOS SECTORES DE OCSHAHUAY, CHICCHIPUNTA, CARRETERA DIVISORIA, GANAMANAY, MASHANPAMPA, SILLAPATA, CUMBRE PUCARA, ANCAHUACHANAN POTRERO Y APASH DISTRITO DE PAUCARTAMBO, PROVINCIA Y REGIÓN PASC",Contrata,Finalizado,8/02/2016 00:00:00,6511967.22,PAUCARTAMBO,PASCO,PASCO
52258,2165221,37944,MEJORAMIENTO DEL SERVICIO DE ENERGIA MEDIANTE EL SISTEMA CONVENCIONAL EN 13 CASERIOS DEL DISTRITO DE VICCO - PROVINCIA DE PASCO - REGION PASCO,Contrata,En Ejecución,12/05/2014 00:00:00,1024843.98,VICCO,PASCO,PASCO
52248,2166650,218831,MEJORAMIENTO Y AMPLIACION DEL SERVICIO DE ENERGIA ELECTRICA CONVENCIONAL EN EL DISTRITO DE HUACHON,Contrata,Finalizado,27/08/2014 00:00:00,4656726,HUACHON,PASCO,PASCO
52235,2114155,129544,"ELECTRIFICACION RURAL CHAUPIHUARANGA V ETAPA, PROVINCIA DANIEL CARRION - REGION PASCO",Administración directa,Finalizado,28/02/2015 00:00:00,3165805,,PASCO,PASCO
52234,2134748,117861,"CONSTRUCCION DEL SISTEMA DE RIEGO EN LA COMUNIDAD DE CHINCHE YANAHUANCA, DISTRITO DE YANAHUANCA - PROVINCIA DANIEL CARRION - REGION PASCO",Contrata,Finalizado,24/09/2012 00:00:00,1336706.08,YANAHUANCA,PASCO,PASCO
52230,2107385,109381,CONSTRUCCION DEL SISTEMA DE RIEGO DE HUACACANCHA-DISTRITO DE PAUCARTAMBO-PASCO,Contrata,Finalizado,14/04/2014 00:00:00,606958.51,PAUCARTAMBO,PASCO,PASCO
52226,2134952,146941,CONSTRUCCIÓN DEL SISTEMA DE RIEGO DE LA ZONA BAJA DE SANTA ANA DE TUSI-PROV. DANIEL CARRION-PASCO,Administración directa,Finalizado,24/09/2012 00:00:00,364241,SANTA ANA DE TUSI,PASCO,PASCO
52218,2129065,159808,"REHABILITACION DE LA CARRETERA RANCAS - QUIULACOCHA, DISTRITO DE SIMON BOLIVAR - PASCO - PASCO",Contrata,Sin Ejecución,"","",SIMON BOLIVAR,PASCO,PASCO
52066,0,0,"CONSTRUCCIÓN DE MURO DE CONTENCIÓN DEL COLEGIO LEONCIO PRADO DEL DISTRITO DE PAUCAR, DANIEL CARRIÓN - PASCO",Contrata,Finalizado,22/12/2015 00:00:00,163913.98,PAUCAR,PASCO,PASCO
52056,2202307,282911,"MEJORAMIENTO Y REHABILITACIÓN DEL CAMINO VECINAL SAN JOSE - CONVENTO L=9+060.47 KM, DISTRITO DE PALCAZU - OXAPAMPA - PASCO",Administración directa,Finalizado,2/09/2015 00:00:00,1617121,PALCAZU,OXAPAMPA,PASCO
52055,2302425,324539,"MEJORAMIENTO DE LA GESTIÓN COMPETITIVA INSTITUCIONAL PARA EL DESARROLLO AGROPECUARIO DE LA, PROVINCIA DE DANIEL ALCIDES CARRION - PASCO",Contrata,Sin Ejecución,"",4619501,,DANIEL ALCIDES CARRION,PASCO
51897,2285995,328019,"MEJORAMIENTO DEL AREA DE SERVICIOS SOCIALES,DEMUNA,OMAPED,CIAM,SISFOH PENSION 65 DE LA GERENCIA DE DESARROLLO SOCIAL DE LA MUNICIPALIDAD DISTRITAL DE SIMON BOLIVAR -SAN ANTONIO DE RANCAS, DISTRITO DE SIMON BOLIVAR - PASCO - PASCO",Administración directa,Sin Ejecución,"","",SIMON BOLIVAR,PASCO,PASCO
51772,0,0,Ampliación y Mejoramiento de Losa Deportiva 30 de Agosto - Ticlacayan - Pasco.,Contrata,Finalizado,19/12/2012 00:00:00,778716.91,TICLACAYAN,PASCO,PASCO
51755,2290645,332169,"MEJORAMIENTO DEL PUENTE PEATONAL DEL ANEXO DE SAN JACINTO DEL CENTRO POBLADO DE SANTA ISABEL, DISTRITO DE PAUCARTAMBO - PASCO - PASCO",Contrata,Finalizado,3/05/2016 00:00:00,131331.64,PAUCARTAMBO,PASCO,PASCO
51739,2305438,344236,"CREACION DE PISTAS Y VEREDAS DE LAS CALLES PRINCIPALES DEL ANEXO DE ACO, DISTRITO DE PAUCARTAMBO - PASCO - PASCO",Contrata,Finalizado,27/03/2017 00:00:00,1980750.84,PAUCARTAMBO,PASCO,PASCO
51731,2238530,268670,"CREACION DEL LOCAL DE USOS MULTIPLES EN EL CENTRO POBLADO DE SAN RAMON DE YANAPAMPA, DISTRITO DE SAN FRANCISCO DE ASIS DE YARUSYACAN - PASCO - PASCO",Contrata,Sin Ejecución,"","",SAN FRANCISCO DE ASIS DE YARUSYACAN,PASCO,PASCO
51662,0,0,"CONTRATACIÓN DE SERVICIOS DE CONSULTORÍA PARA ELABORACIÓN DE EXPEDIENTE TÉCNICO DENOMINADO: ""CONSTRUCCIÓN DEL COLISEO POLIDEPORTIVO EN EL CENTRO POBLADO DE QUIPARACRA DEL DISTRITO DE HUACHON, PROVINCIA Y REGIÓN PASCO""",Contrata,Sin Ejecución,"","",HUACHON,PASCO,PASCO
51626,2300602,340799,"MEJORAMIENTO DE LAS CALLES DEL CENTRO POBLADO DE JUNIPALCA, DISTRITO DE SAN FRANCISCO DE ASIS DE YARUSYACAN - PASCO - PASCO",Contrata,Sin Ejecución,"",6034939.02,SAN FRANCISCO DE ASIS DE YARUSYACAN,PASCO,PASCO
51579,0,0,CONTRATACION DE SERVICIOS DE CONSULTORIA PARA ELABORACION DE EXPEDIENTE TECNICO DENOMINADO CONSTRUCCION DEL COLISEO POLIDEPORTIVO DEL DISTRITO DE HUACHON PROVINCIA Y REGIÓN PASCO,Contrata,Sin Ejecución,"","",HUACHON,PASCO,PASCO
51544,2145592,185453,"AMPLIACION Y MEJORAMIENTO DE LA INFRAESTRUCTURA DEL ESTADIO MUNICIPAL MAXIMO ARELLANO EN LA LOCALIDAD DE TAPUC, DISTRITO DE TAPUC - DANIEL ALCIDES CARRION - PASCO II ETAPA",Contrata,Finalizado,1/02/2013 00:00:00,2367243.13,TAPUC,DANIEL ALCIDES CARRION,PASCO
51506,2040806,8100,AMPLIACION DEL COLEGIO NACIONAL DE CIENCIAS Y HUMANIDADES ALBERTO PUMAYALLA DIAZ DE TAMBOPAMPA,Administración directa,En Ejecución,16/11/2009 00:00:00,577668.46,,,PASCO
51495,2110934,105692,CONSTRUCCION DEL COMPLEJO EDUCATIVO INTEGRAL I.E. Nº 34618 REMIGIO MORALES BERMUDEZ-DISTRITO DE PUERTO BERMUDEZ-OXAPAMPA,Administración directa,En Ejecución,6/08/2010 00:00:00,1434039.19,PUERTO BERMUDEZ,OXAPAMPA,PASCO
51458,2241685,282515,"CREACION DEL LOCAL MUNICIPAL EN EL CENTRO POBLADO DE LORENCILLO I, DISTRITO DE CONSTITUCION - OXAPAMPA - PASCO",Contrata,Finalizado,14/04/2016 00:00:00,315517.40,CONSTITUCION,OXAPAMPA,PASCO
51432,2145592,185453,"AMPLIACION Y MEJORAMIENTO DE LA INFRAESTRUCTURA DEL ESTADIO MUNICIPAL MAXIMO ARELLANO EN LA LOCALIDAD DE TAPUC, DISTRITO DE TAPUC - DANIEL ALCIDES CARRION - PASCO I ETAPA.",Contrata,Finalizado,22/03/2012 00:00:00,2982715.01,TAPUC,DANIEL ALCIDES CARRION,PASCO
51366,2303341,342352,"INSTALACION DE COMPONENTES URBANISTICOS EN VILLA RICA, DISTRITO DE VILLA RICA - OXAPAMPA - PASCO",Administración directa,En Ejecución,1/08/2016 00:00:00,297096.54,VILLA RICA,OXAPAMPA,PASCO
51353,2174432,254363,"INSTALACION DE LOS SERVICIOS DE PROTECCION DE LA INSTITUCION EDUCATIVA SECUNDARIA SAN CRISTOBAL CON CODIGO MODULAR 1160084 DEL CENTRO POBLADO DE SAN CRISTOBAL DE CHAUPIMARCA, DISTRITO DE TAPUC-DANIEL ALCIDES CARRION ¿ PASC",Administración directa,Finalizado,4/11/2014 00:00:00,65642.79,TAPUC,DANIEL ALCIDES CARRION,PASCO
51331,2237304,262289,"MEJORAMIENTO Y AMPLIACION DEL SISTEMA DE AGUA E INSTALACION DE LETRINAS CON ARRASTRE HIDRAULICO EN EL CENTRO POBLADO DE YANACACHI, DISTRITO DE TICLACAYAN - PASCO - PASCO",Contrata,Finalizado,11/04/2016 00:00:00,1182095.17,TICLACAYAN,PASCO,PASCO
51330,2294347,336201,"CREACION DE LOS SERVICIOS DE AGUA POTABLE Y DISPOSICION DE EXCRETAS EN EL CASERIO DE SAN GREGORIO DE CHUPANA, DISTRITO DE TICLACAYAN - PASCO - PASCO",Contrata,Finalizado,15/04/2016 00:00:00,414016.74,TICLACAYAN,PASCO,PASCO
51328,2296481,339526,"CREACION DE PISTAS, VEREDAS Y TRATAMIENTO PAISAJISTICO EN EL CENTRO POBLADO SAN ISIDRO DE YANAPAMPA, DISTRITO DE TICLACAYAN - PASCO - PASCO",Contrata,Finalizado,22/04/2016 00:00:00,1184126.13,TICLACAYAN,PASCO,PASCO
51313,2300226,332732,"MEJORAMIENTO DE LA VIA DE EVITAMIENTO ALTERNO A LA VIA SAN SEBASTIAN, LONGITUD DE 0, 000 A 1, 818.40 EN EL C.P. DE QUIULACOCHA, DISTRITO DE SIMON BOLIVAR - PASCO - PASCO",Contrata,Finalizado,28/12/2017 00:00:00,6236620.09,SIMON BOLIVAR,PASCO,PASCO
51280,0,0,MANTENIMIENTO VIAL RUTINARIO NO PAVIMENTADA TRAMO VILCABAMBA - CRUCE LUTACOCHA (18.00KM) DISTRITO DE VILCABAMBA- DANIEL CARION-PASCO,Contrata,Finalizado,9/07/2015 00:00:00,63270,VILCABAMBA,PASCO,PASCO
51248,2306777,345495,"CREACION DEL CANAL PLUVIAL SECTOR LA ACAMPADA PRUSIA, DISTRITO DE POZUZO - OXAPAMPA - PASCO",Administración directa,Finalizado,17/12/2015 00:00:00,117580,POZUZO,OXAPAMPA,PASCO
51241,2218280,229977,"CREACION DE ALAMEDAS EN LA CALLE 12 DE OCTUBRE Y CALLE 28 DE JULIO, DISTRITO DE TAPUC - DANIEL ALCIDES CARRION - PASCO",Contrata,Finalizado,10/06/2013 00:00:00,522676.10,TAPUC,DANIEL ALCIDES CARRION,PASCO
51178,2294228,336053,"CREACION DE PONTON EN LA CALLE HUASCAR EN LA IV ETAPA, DISTRITO DE CONSTITUCION - OXAPAMPA - PASCO",Contrata,Finalizado,22/06/2016 00:00:00,100490.38,CONSTITUCION,OXAPAMPA,PASCO
51149,2237338,262540,"CREACION DE UNA LOSA MULTIDEPORTIVA EN LA LOCALIDAD DE MACHCAN, DISTRITO DE SAN FRANCISCO DE ASIS DE YARUSYACAN - PASCO - PASCO",Contrata,Finalizado,8/01/2018 00:00:00,1162112.19,SAN FRANCISCO DE ASIS DE YARUSYACAN,PASCO,PASCO
51102,2146283,187392,"MEJORAMIENTO DE LOS SERVICIOS EDUCATIVOS DE LA I. E. SECUNDARIA JOSE CARLOS MARIATEGUI LACHIRA EN EL CASERIO DE MICHIVILCA, DISTRITO DE TAPUC - DANIEL ALCIDES CARRION - PASCO",Contrata,Finalizado,1/12/2011 00:00:00,237999.51,TAPUC,DANIEL ALCIDES CARRION,PASCO
51082,2296013,338814,"CREACION DEL PONTON EN LA CALLE PACHACUTEC EN LA IV ETAPA DE LA LOCALIDAD DE CONSTITUCION, DISTRITO DE CONSTITUCION - OXAPAMPA - PASCO",Contrata,Finalizado,14/04/2016 00:00:00,102879.39,CONSTITUCION,OXAPAMPA,PASCO
51075,2146285,187390,"MEJORAMIENTO DE LOS SERVICIOS EDUCATIVOS DE LA I. E. N 34184 MICAELA BASTIDAS DEL CASERIO DE USPACHACA, DISTRITO DE TAPUC - DANIEL ALCIDES CARRION - PASCO",Contrata,Finalizado,3/10/2011 00:00:00,176814.69,TAPUC,DANIEL ALCIDES CARRION,PASCO
51022,2146284,187391,"MEJORAMIENTO DE LOS SERVICIOS EDUCATIVOS DE LA I. E. N 34142 DEL CASERIO DE MICHIVILCA, DISTRITO DE TAPUC - DANIEL ALCIDES CARRION - PASCO",Contrata,Finalizado,10/10/2011 00:00:00,66207.04,TAPUC,DANIEL ALCIDES CARRION,PASCO
51020,2030472,4742,"CONSTRUCCION Y MEJORAMIENTO DE LA CARRETERA HUACHON HUANCABAMBA TRAMO II - SUB TRAMO B, CONSTRUCCION DE LA CARRETERA TUNEL JANCAPUNTA (18+540 - ARROYO) (KM 32+000) META 13.46 KM",Contrata,Finalizado,28/05/2012 00:00:00,20399049.09,HUANCABAMBA,PASCO,PASCO
51006,2067092,64460,"CONSTRUCCION DEL CAMINO RURAL PAN DE AZUCAR - PLAYA CALIENTE, DISTRITO DE PALCAZU, PROVINCIA DE OXAPAMPA-PASCO",Contrata,En Ejecución,19/11/2010 00:00:00,774665.31,PALCAZU,OXAPAMPA,PASCO
50792,2303468,342452,"CREACION DEL CENTRO DE SERVICIOS ¿TAMBO EN EL CENTRO POBLADO DE JUCLACANCHA, DISTRITO SANTA ANA DE TUSI, PROVINCIA DANIEL ALCIDES CARRION, DEPARTAMENTO PASCO",Por núcleo ejecutor,Finalizado,5/04/2016 00:00:00,1096245.33,SANTA ANA DE TUSI,DANIEL ALCIDES CARRION,PASCO
50714,2046499,8746,REHABILITACION DE LA CARRETERA POZUZO TRAMO II HUANCABAMBA-POZUZO,Contrata,Finalizado,25/04/2013 00:00:00,12320436.94,POZUZO,OXAPAMPA,PASCO
50712,2046499,8746,REHABILITACIÓN DE LA CARRETERA POZUZO TRAMO I OXAPAMPA-HUANCABAMBA,Contrata,Finalizado,25/10/2013 00:00:00,7316816.65,POZUZO,OXAPAMPA,PASCO
50677,0,0,ELECTRIFICACION DEL CASERIO NUEVA AURORA DEL DISTRITO DE TICLACAYAN,Contrata,Finalizado,13/03/2012 00:00:00,366985.29,TICLACAYAN,PASCO,PASCO
50499,2217853,230516,"CONSTRUCCION DE PISTAS Y VEREDAS EN LA CALLE 06 DE AGOSTO DEL CENTRO POBLADO DE COCHACHARAO, DISTRITO DE SAN FRANCISCO DE ASIS DE YARUSYACAN - PASCO - PASCO",Contrata,Finalizado,5/07/2016 00:00:00,1494079,SAN FRANCISCO DE ASIS DE YARUSYACAN,PASCO,PASCO
50320,2150451,163099,"INSTALACION DEL SERVICIO DE PROTECCION EN EL SECTOR JIRON HUALLAGA MARGEN DERECHA DEL RIO CHAUPIHUARANGA DEL CENTRO POBLADO DE VILLO, DISTRITO DE YANAHUANCA, PROVINCIA DANIEL CARRION, REGION PASCO",Contrata,Finalizado,18/12/2012 00:00:00,1087501.56,YANAHUANCA,PASCO,PASCO
50290,2115717,109180,"CONSTRUCCION DE DEFENSA RIBEREÑA DEL RIO CUCHIS EN LA LOCALIDAD DE SAN MIGUEL DE CUCHIS, DISTRITO DE VILCABAMBA, PROVINCIA DANIEL CARRION-REGION DE PASCO",Contrata,Finalizado,8/05/2013 00:00:00,1635881.59,VILCABAMBA,PASCO,PASCO
50247,2099350,105169,"CONSTRUCCION DEL PARQUE CULTURAL, RECREACIONAL LOS YAROS YANAYACUS, DEL DISTRITO DE TICLACAYAN, PROVINCIA DE PASCO-PASCO",Contrata,Finalizado,19/08/2013 00:00:00,1133576.54,TICLACAYAN,PASCO,PASCO
50199,2154293,197317,"INSTALACION DE LOS SERVICIOS DE PROTECCION EN EL SECTOR SAN ANTONIO - SANTA ROSA DEL RIO ENTAZ EN LA LOCALIDAD DEL CC.PP PUENTE PAUCARTAMBO, DISTRITO DE VILLA RICA, PROVINCIA DE OXAPAMPA REGION PASCO",Contrata,Finalizado,6/05/2013 00:00:00,1881420.02,VILLA RICA,OXAPAMPA,PASCO
50198,2154291,195579,"MEJORAMIENTO DEL CAMPO DEPORTIVO LA BOMBONERA TEOFILO RIVERA DEL CENTRO POBLADO SAN ANTONIO DE POMAYAROS, DISTRITO DE YANAHUANCA, PROVINCIA DANIEL A. CARRION, REGION PASCO",Contrata,Finalizado,1/12/2012 00:00:00,1580067.26,YANAHUANCA,PASCO,PASCO
50197,2164567,200070,"INSTALACION DE DEFENSA RIBEREÑA DE LA LOCALIDAD DE COYAS DEL DISTRITO DE YANAHUANCA, PROVINCIA DANIEL A CARRION-PASCO",Contrata,Finalizado,15/06/2013 00:00:00,496090.50,YANAHUANCA,PASCO,PASCO
50196,2128888,121057,MEJORAMIENTO Y REHABILITACION DEL CAMINO VECINAL UCRO - HUAYO - POCOBAMBA - DISTRITO DE SANTA ANA DE TUSI - DANIEL ALCIDES CARRION - PASCO,Contrata,Finalizado,10/04/2013 00:00:00,952713.44,SANTA ANA DE TUSI,DANIEL ALCIDES CARRION,PASCO
50176,2164186,198655,"CONSTRUCCION DEL CAMINO VECINAL CENTRO POBLADO SAN FRANCISCO DE CAHUAPANAS - COMUNIDAD NATIVA PUERTO DAVIS, PUERTO BERMUDEZ, PROVINCIA DE OXAPAMPA , REGION PASCO",Contrata,Finalizado,28/05/2013 00:00:00,11995261.67,PUERTO BERMUDEZ,OXAPAMPA,PASCO
50175,2105357,110432,"REHABILITACION DE LA TROCHA CARROZABLE CRUCE ANDACHACA ¿ NUEVO PROGRESO, DISTRITO DE YANAHUANCA, PROVINCIA DE DANIEL CARRION - PASCO.",Contrata,Finalizado,31/01/2011 00:00:00,788768.29,YANAHUANCA,PASCO,PASCO
50168,2305351,344155,"CREACION DEL PUENTE CARROZABLE SOBRE EL RIO PUCAYACU SECTOR BAJO PUCAYACU, DISTRITO DE POZUZO - OXAPAMPA - PASCO",Administración directa,Finalizado,6/01/2016 00:00:00,237831.80,POZUZO,OXAPAMPA,PASCO
50159,2104825,126899,"MEJORAMIENTO Y ASFALTADO DE LA CARRETERA ACCESO LA AURORA DEL DISTRITO DE TICLACAYAN, PROVINCIA DE PASCO-PASCO",Contrata,Finalizado,21/01/2011 00:00:00,3024648.43,TICLACAYAN,PASCO,PASCO
50153,2281102,322645,"CREACION DE SERVICIOS TECNOLÓGICOS PARA LAS CADENAS PRODUCTIVAS DEL CAFÉ, CACAO Y FRUTAS DEL SECTOR AGROINDUSTRIAL EN LA ZONA DE SANTA LUCÍA, PROVINCIAS DE LEONCIO PRADO Y AMBO EN EL DPTO DE HUANUCO Y EN LA PROVINCIA DE OXAPAMPA EN EL DPTO DE PASCO - SEDE OXAPAMPA",Contrata,Finalizado,10/02/2016 00:00:00,2092912.64,OXAPAMPA,OXAPAMPA,PASCO
50146,2099737,126542,"CONTRUCCION DEL SISTEMA DE EVACUACION DE AGUAS PLUVIALES DEL C.P. DE CHANGO, DISTRITO DE CHACAYAN-DANIEL ALCIDES CARRION-PASCO",Contrata,Finalizado,2/02/2012 00:00:00,1801914.60,CHACAYAN,DANIEL ALCIDES CARRION,PASCO
50144,2149207,75019,FORTALECIMIENTO INSTITUCIONAL DE LA UNIDAD DE GESTION EDUCATIVA LOCAL DE LA PROVINCIA DE OXAPAMPA-PASCO,Contrata,Finalizado,22/12/2012 00:00:00,3939045.50,OXAPAMPA,OXAPAMPA,PASCO
50143,2084859,86747,MEJORAMIENTO Y AMPLIACION DEL ESTABLECIMIENTO DE SALUD DEL DISTRITO DE CHACAYAN- PROVINCIA DE DANIEL CARRION - PASCO,Contrata,Finalizado,1/12/2010 00:00:00,1134734.30,CHACAYAN,PASCO,PASCO
50142,2134995,155424,"MEJORAMIENTO DE LA OFERTA DE SERVICIOS EDUCATIVOS DEL NIVEL INICIAL EN LA INSTITUCION INTEGRADA 34036 SACRAFAMILIA, DISTRITO SIMON BOLIVAR - PASCO - PASCO",Contrata,Finalizado,22/01/2013 00:00:00,463559.27,SIMON BOLIVAR,PASCO,PASCO
50019,2238329,267904,"MEJORAMIENTO DE LA TRANSITABILIDAD EN EL JR. MAYER, TRAMO: JR. BOLOGNESI - JR. MAININGER, DISTRITO DE OXAPAMPA, PROVINCIA DE OXAPAMPA - PASCO - I ETAPA",Administración directa,Finalizado,21/12/2015 00:00:00,506986.87,OXAPAMPA,OXAPAMPA,PASCO
49984,2158358,209492,"COMUNIDAD CAMPESINA DE ANDACHACA, DISTRITO DE YANAHUANCA-PROVINCIA DE DANIEL CARRION-REGION PASCO",Contrata,Finalizado,9/03/2013 00:00:00,787433.87,YANAHUANCA,PASCO,PASCO
49963,2152025,199217,INSTALACION DE PISTAS VEREDAS AREAS VERDES Y OBRAS DE ARTE EN EL JR LAS MALVINAS PASAJE MARADONA CALLE GEORGIAS DEL SUR PROLONGACION CARLOS GARDEL MENDOZA DEL AA HH BUENOS AIRES DISTRITO DE SIMON BOLIVAR PASCO PASCO,Contrata,Finalizado,15/01/2020 00:00:00,437143.95,SIMON BOLIVAR,PASCO,PASCO
49877,2155906,98681,"CENTRO POBLADO DE TACTAYOC DEL DISTRITO DE SANTA ANA DE TUSI, PROVINCIA DANIEL CARRION, DEPARTAMENTO DE PASCO",Contrata,Finalizado,15/03/2013 00:00:00,1211803.03,SANTA ANA DE TUSI,PASCO,PASCO
49858,2142873,177413,"MEJORAMIENTO Y AMPLIACION DE LOS SISTEMAS DE AGUA POTABLE E INSTALACION DEL SISTEMA DE ALCANTARILLADO DE LA LOCALIDAD DE SAN CRISTOBAL DE CHAUPIMARCA, DISTRITO DE TAPUC - DANIEL ALCIDES CARRION - PASCO",Contrata,Finalizado,5/12/2012 00:00:00,3253898.39,TAPUC,DANIEL ALCIDES CARRION,PASCO
49833,2240140,275827,"INSTALACION DE LOS SERVICIOS EDUCATIVOS DE LA I.E.CC.HH.TUPAC AMARU DE LA LOCALIDAD DE TAPUC, DISTRITO DE TAPUC - DANIEL ALCIDES CARRION - PASCO",Contrata,Sin Ejecución,"",10349536.11,TAPUC,DANIEL ALCIDES CARRION,PASCO
49816,0,0,"CONSTRUCCIÓN DEL MURO DE CONTENCIÓN DE LA AVENIDA CERRO DE PASCO, BARRIO SAN PEDRO DE LA LOCALIDAD DE VILCABAMBA, PROVINCIA DANIEL CARRIÓN - PASCO",Administración directa,En Ejecución,14/07/2015 00:00:00,14633,VILCABAMBA,PASCO,PASCO
49801,2097730,104796,"COLEGIO NACIONAL DE CC.HH GENERAL CORDOVA SANTA ANA DE TUSI, DISTRITO DE SANTA ANA DE TUSI, DANIEL CARRION-PASCO",Contrata,Finalizado,4/02/2012 00:00:00,1038605.04,SANTA ANA DE TUSI,PASCO,PASCO
49707,2191359,265255,"MEJORAMIENTO DE LA TRANSITABILIDAD VEHICULAR Y PEATONAL EN LAS VÍAS DE EMPALME DE LA ZONA URBANA DEL DISTRITO DE OXAPAMPA, PROVINCIA DE OXAPAMPA - PASCO - III ETAPA",Administración directa,Finalizado,27/10/2015 00:00:00,676384.39,OXAPAMPA,OXAPAMPA,PASCO
49655,2234340,198959,"MEJORAMIENTO DE LA CARRETERA DEPARTAMENTAL EMP. PA - 102 ANTAPACA, -ANTAGASHA - GOLLARISQUIZGA -CHACAYAN - VILCABAMBA - TAPUC - EMP.PA 102 (YANAHUANCA) DE LA PROVINCIA DANIEL CARRIÓN DEL DEPARTAMENTO DE PASCO",Contrata,Sin Ejecución,"","",VILCABAMBA,PASCO,PASCO
49653,2126992,147973,"CONTRATACIÓN DE SERVICIO DE EJECUCIÓN DE OBRA ¿CONSTRUCCION DEL PUENTE VEHICULAR PRIMAVERA EN LA LOCALIDAD DE YANAHUANCA, PROVINCIA DANIEL CARRION, PASCO¿",Contrata,Finalizado,27/04/2016 00:00:00,8164667.04,YANAHUANCA,PASCO,PASCO
49612,2162487,154995,"CONTRATACIÓN DE SERVICIO DE EJECUCIÓN DE OBRA ¿MEJORAMIENTO DEL SERVICIO EDUCATIVO DE LA I.E. INTEGRADA Nº 34310 EN LA LOCALIDAD DE UNIÓN SIRIA DISTRITO DE PUERTO BERMÚDEZ, PROVINCIA DE OXAPAMPA, REGIÓN PASCO",Contrata,Finalizado,1/04/2016 00:00:00,3601231.61,OXAPAMPA,OXAPAMPA,PASCO
49575,2295029,337212,"Mejoramiento, Ampliación de Pistas, Veredas, Recreación Infantil y Tratamiento Paisajístico en el Acceso al Cementerio Municipal en el Barrio de Bellavista, distrito de Ticlacayan - Pasco - Pasco.",Contrata,Finalizado,25/02/2016 00:00:00,608139.97,TICLACAYAN,PASCO,PASCO
49533,2234446,255202,"Contratación por Consultoría de Obras la Elaboración del Expediente Técnico del Proyecto: MEJORAMIENTO DE LA TROCHA CARROZABLE SAN JUAN DE DIOS - PARAISO EL ENCANTO EN EL DISTRITO PUERTO BERMUDEZ, PROVINCIA OXAPAMPA, REGION PASCO¿ Código SNIP 255202¿",Contrata,Sin Ejecución,"","",PUERTO BERMUDEZ,OXAPAMPA,PASCO
49513,2209870,216872,"INSTALACION Y EQUIPAMIENTO DE LOS SERVICIOS DE SALUD DE PRIMER NIVEL DE COMPLEJIDAD I-4 EN LA LOCALIDAD SAN ANTONIO DE RANCAS, DISTRITO DE SIMON BOLIVAR - PASCO - PASCO",Contrata,Finalizado,22/08/2017 00:00:00,6747421.35,SIMON BOLIVAR,PASCO,PASCO
49491,2304448,343333,"CREACION DEL PUENTE PEATONAL SOBRE EL RIO POZUZO, SECTOR SAN PEDRO, DISTRITO DE POZUZO, PROVINCIA OXAPAMPA, REGION PASCO",Administración directa,Finalizado,21/12/2015 00:00:00,71920.87,POZUZO,OXAPAMPA,PASCO
49446,2167636,236811,"MEJORAMIENTO DEL SERVICIO POLICIAL EN EL MARCO DE IMPLEMENTACION DEL NUEVO CODIGO PROCESAL PENAL DE LAS COMISARIAS DE YANACANCHA Y YANACANCHA MUJERES DE LA REGION POLICIAL PASCO - ""COMISARIA PNP YANACANCHA MUJERES""",Contrata,Finalizado,6/04/2016 00:00:00,1860316.27,YANACANCHA,PASCO,PASCO
49315,0,0,"""MEJORAMIENTO DE LOS SERVICIOS HIGIÉNICOS EN EL MERCADO DEL CENTRO POBLADO DE QUIPARACRA, DISTRITO DE HUACHON, PROVINCIA Y REGIÓN PASCO""",Administración directa,Finalizado,7/04/2015 00:00:00,33593.94,HUACHON,PASCO,PASCO
49284,0,0,"""MEJORAMIENTO DE LOS SERVICIOS HIGIÉNICOS DE LA PLAZA PRINCIPAL DEL DISTRITO DE HUACHON, PROVINCIA Y REGIÓN PASCO""",Administración directa,Finalizado,7/04/2015 00:00:00,38618.91,HUACHON,PASCO,PASCO
49043,2218373,226760,"CREACION DE ESCALERAS, OBRAS DE ARTE Y AREAS VERDES EN EL PASAJE MASACRE DE HUAYLLACANCHA EN LA COMUNIDAD CAMPESINA SAN ANTONIO DE RANCAS, DISTRITO DE SIMON BOLIVAR - PASCO - PASCO",Contrata,Finalizado,28/03/2016 00:00:00,640356.35,SIMON BOLIVAR,PASCO,PASCO
49042,2188092,279759,"INSTALACION DEL PARQUE ECOLÓGICO DE LA COMUNIDAD SAN PEDRO DE RACCO, DISTRITO DE SIMON BOLIVAR - PASCO - PASCO",Contrata,Finalizado,28/03/2016 00:00:00,655156.07,SIMON BOLIVAR,PASCO,PASCO
49041,2162627,231805,"CREACION DEL PARQUE ECOLOGICO EN LA COMUNIDAD CAMPESINA DE SANTA ANA DE PACOYAN, DISTRITO DE SIMON BOLIVAR - PASCO - PASCO",Contrata,En Ejecución,11/03/2016 00:00:00,574181.43,SIMON BOLIVAR,PASCO,PASCO
48972,2133205,14536,RECONSTRUCCION DE LA INFRAESTRUCTURA DE SANEAMIENTO DE VILLA RICA - OXAPAMPA-PASCO,Contrata,En Ejecución,28/10/2015 00:00:00,54830856.76,VILLA RICA,OXAPAMPA,PASCO
48936,2235786,267152,"AMPLIACION Y MEJORAMIENTO DEL SERVICIO DE AGUA POTABLE Y DESAGUE EN EL CENTRO POBLADO DE QUIPARACRA, DISTRITO HUACHON, PROVINCIA PASCO, REGION PASCO",Contrata,Finalizado,13/07/2016 00:00:00,4851992.71,HUACHON,PASCO,PASCO
48798,2238819,2238819,LIMPIEZA DE CUNETAS Y MEJORAMIENTO DE VIAS PRINCIPALES Y EDIFICACIONES DEL DISTRITO DE GOYLLARISQUIZGA - DANIEL ALCIDES CARRION - PASCO,Administración directa,Sin Ejecución,"",97741.82,GOYLLARISQUIZGA,DANIEL ALCIDES CARRION,PASCO
48795,0,0,IMPLEMENTACION DE COMEDORES ESCOLARES EN LOS TRES NIVELES DE EDUCACIÓN BÁSICA PARA EL AÑO 2015,Administración directa,Sin Ejecución,"",163008.05,,,PASCO
48721,2090546,107881,"FORTALECIMIENTO DE CAPACIDADES EN LOS PRODUCTORES DE GANADO VACUNO DE LECHE EN EL CENTRO POBLADO DE SANTIAGO PAMPA DEL DISTRITO DE YANAHUANCA, PROVINCIA DE DANIEL ALCIDES CARRION - PASCO",Administración directa,Finalizado,23/05/2009 00:00:00,90000,YANAHUANCA,DANIEL ALCIDES CARRION,PASCO
48686,0,0,CONSTRUCCION DE 02 MICRO RELLENOS SANITARIOS EN EL CENTRO DE SALUD DE PUERTO BERMUDEZ,Administración directa,Finalizado,15/07/2015 00:00:00,41918.83,PUERTO BERMUDEZ,OXAPAMPA,PASCO
48685,0,0,"MANTENIMIENTO DE LA TROCHA CARROZABLE DE LA CC.NN. ALBARIÑO A LA CC.NN. PUERTO YESUPE ¿ DISTRITO DE PUERTO BERMUDEZ, PROVINCIA DE OXAPAMPA, REGION PASCO",Administración directa,Finalizado,5/10/2015 00:00:00,44396.86,PUERTO BERMUDEZ,OXAPAMPA,PASCO
48684,2294787,336829,"MEJORAMIENTO Y FORTALECIMIENTO DE CAPACIDADES, EN LA PRESTACIÓN DE SERVICIOS EDUCATIVOS PARA LOS DOCENTES DE LOS DIFERENTES NIVELES DE LAS INSTITUCIONES EDUCATIVAS ESTATALES DEL, DISTRITO DE PUERTO BERMUDEZ - OXAPAMPA ¿ PASCO",Administración directa,Finalizado,22/10/2015 00:00:00,655880.57,PUERTO BERMUDEZ,OXAPAMPA,PASCO
48682,2180181,257738,"INSTALACION DE ESPECIES NATIVAS PARA LA REFORESTACION DE LA CUENCA DEL ANACAYALI (COMUNIDADES NATIVAS DE SHIRARINE, EL SOLITARIO, TÚPAC AMARU, BUENAVENTURA, SAN JORGE DE ANACAYALI, SAN FAUSTO, FLOR DE UN DIA, JORDÁN, LA FLORIDA DE ANACAYALI, SAN ALEJANDRO, MADRE DE DIOS, BETANIA Y AMPINI), DISTRITO DE PUERTO BERMUDEZ - OXAPAMPA - PASCO",Administración directa,Finalizado,13/08/2015 00:00:00,3827326.25,PUERTO BERMUDEZ,OXAPAMPA,PASCO
48681,2303898,342825,"CREACION DE MURO DE CONTENCION EN EL SECTOR GSTIR Y EN LA AV. REVERENDO PADRE JOSE EGG, TRAMO LOZA DEPORTIVA LA COLONIA, DISTRITO DE POZUZO, OXAPAMPA, PASCO",Administración directa,Finalizado,9/11/2015 00:00:00,49474.13,POZUZO,OXAPAMPA,PASCO
48678,0,0,"MEJORAMIENTO DEL ESTADIO MUNICIPAL DE PUERTO BERMÙDEZ, DISTRITO DE PUERTO BERMÙDEZ- OXAPAMPA- PASCO",Administración directa,Finalizado,28/09/2015 00:00:00,97229.77,OXAPAMPA,OXAPAMPA,PASCO
48634,0,0,"Proyecto: Forestación con fines de Recuperación de Protección de Suelos Degradados en diez localidades pertenecientes a cuatro Distritos de la Provincia Daniel Carrión, Región Pasco",Administración directa,Sin Ejecución,"","",,PASCO,PASCO
48591,0,0,"Obra: Mejoramiento de la Oferta de Servicios Educativos para el Aprendizaje en el CNTI Nº 35005 Rvdo. Bardo Bayerle, Distrito y Provincia Oxapampa, Región Pasco",Contrata,Sin Ejecución,"","",OXAPAMPA,OXAPAMPA,PASCO
48496,0,0,"CONSTRUCCION DE AULAS PARA TALLERES EDUCATIVAS EN LA INSTITUCION EDUCATIVA N 34052 ""JOSE ANTONIO ENCINAS FRANCO""",Contrata,Finalizado,29/09/2007 00:00:00,408218.46,,,PASCO
48494,2269380,319046,"MEJORAMIENTO Y APERTURA DE LAS CALLES EN LOS 16 BARRIOS DEL CASCO URBANO DE PUERTO BERMUDEZ, DISTRITO DE PUERTO BERMUDEZ- OXAPAMPA- PASCO (I ETAPA)",Administración directa,Finalizado,12/09/2015 00:00:00,300000,PUERTO BERMUDEZ,OXAPAMPA,PASCO
48461,2240569,277949,"MEJORAMIENTO DE LAS CALLES, LA LINEA, JORGE CHAVEZ, UNO DE LA LOCALIDAD DE YURAJHUANCA, DISTRITO DE SIMON BOLIVAR - PASCO - PASCO",Contrata,Sin Ejecución,"","",SIMON BOLIVAR,PASCO,PASCO
48434,2260651,315525,"AMPLIACIÓN Y MEJORAMIENTO DEL SISTEMA DE CONEXIÓN DE AGUA POTABLE EN LA LOCALIDAD DE SAN ANTONIO DE QUECHCA, DISTRITO DE VILCABAMBA, PROVINCIA DANIEL ALCIDES CARRIÓN - PASCO",Contrata,En Ejecución,26/06/2015 00:00:00,239840.49,VILCABAMBA,PASCO,PASCO
48404,0,0,"Obra: Mejoramiento del Servicio en la I. E. Mariano Melgar de Huariaca, Distrito Huariaca, Provincia y Región Pasco",Administración directa,En Ejecución,26/10/2015 00:00:00,4067460.30,HUARIACA,PASCO,PASCO
48076,2173371,247779,"MEJORAMIENTO DE LA TROCHA CARROZABLE HUAYLAMAYO - SANTA ISABEL - ANANA E INSTALACIÓN DE UN PUENTE CARROZABLE SOBRE EL RIO HUAYLAMAYO EN EL DISTRITO DE HUANCABAMBA, PROVINCIA OXAPAMPA - REGIÓN PASCO",Contrata,Finalizado,6/08/2016 00:00:00,3761983.13,HUANCABAMBA,OXAPAMPA,PASCO
48052,2234362,195467,"MEJORAMIENTO DE LA CARRETERA TRAMO CERRO DE PASCO - LA QUINUA , DISTRITO DE YANACANCHA - PASCO - PASCO",Contrata,Sin Ejecución,"","",YANACANCHA,PASCO,PASCO
48032,2086576,102166,"MEJORAMIENTO GENETICO DEL GANADO OVINO EN EL CASERIO DE SANTA ROSA DE CHONTA DE LA COMUNIDAD CAMPESINA DE SAN JUAN BAÑOS DE RABI - DISTRITO YANAHUANCA, PROVINCIA DE DANIEL ALCIDES CARRION - PASCO",Administración directa,Finalizado,6/11/2008 00:00:00,43813.91,YANAHUANCA,DANIEL ALCIDES CARRION,PASCO
48024,2050483,50939,"CONSTRUCCION E IMPLEMENTACION DE LA I.E. INICIAL SANTIAGO PAMPA DEL CENTRO POBLADO DE SANTIAGO PAMPA, PROVINCIA DE DANIEL ALCIDES CARRION - PASCO",Contrata,Finalizado,18/02/2008 00:00:00,151000,,DANIEL ALCIDES CARRION,PASCO
47997,2086555,101716,"AMPLIACION DE INFRAESTRUCTURA E IMPLEMENTACION DE LA I.E. ALBERTO BENAVIDES DE LA QUINTANA DE LA LOCALIDAD DE ANDACHACA - DISTRITO YANAHUANCA, PROVINCIA DE DANIEL ALCIDES CARRION - PASCO",Contrata,Finalizado,10/03/2009 00:00:00,256374.55,YANAHUANCA,DANIEL ALCIDES CARRION,PASCO
47989,2086746,101156,"CONSTRUCCION DEL SISTEMA DE RIEGO EN LA LOCALIDAD DE LUCMAPAMPA - ZONA BAJA, DISTRITO YANAHUANCA, PROVINCIA DE DANIEL ALCIDES CARRION - PASCO",Contrata,Finalizado,26/06/2009 00:00:00,149800.73,YANAHUANCA,DANIEL ALCIDES CARRION,PASCO
47958,2286461,328415,"INSTALACION DEL PUENTE PEATONAL USPACHACA, DISTRITO DE TAPUC - DANIEL ALCIDES CARRION - PASCO",Contrata,Finalizado,1/03/2016 00:00:00,400000.01,TAPUC,DANIEL ALCIDES CARRION,PASCO
47937,2227829,236356,"CONSTRUCCIÓN DE LA CARRETERA TRAMO SAN PEDRO - PUERTO MAYRO, DISTRITO DE CONSTITUCIÓN - OXAPAMPA - PASCO.",Administración directa,Finalizado,1/10/2019 00:00:00,1141024,OXAPAMPA,OXAPAMPA,PASCO
47932,2296310,339262,"MEJORAMIENTO DE LA CAPACIDAD OPERATIVA DE LA UNIDAD DE EQUIPO MECANICO Y MAESTRANZA DE LA MUNICIPALIDAD DISTRITAL DE POZUZO, DISTRITO DE POZUZO - OXAPAMPA - PASCO",Administración directa,Finalizado,2/12/2015 00:00:00,846550.41,POZUZO,OXAPAMPA,PASCO
47931,2302456,341622,"CREACION DE LA TROCHA CARROZABLE TRAMO DE LA LOCALIDAD DE BUENA VISTA-VISTA ALEGRE, DISTRITO DE POZUZO - PROVINCIA DE OXAPAMPA - REGION PASCO",Administración directa,Finalizado,14/12/2015 00:00:00,398888.25,POZUZO,OXAPAMPA,PASCO
47870,2068029,67679,"CONSTRUCCION DEL TERMINAL TERRESTRE DE YANAHUANCA, PROVINCIA DE DANIEL ALCIDES CARRION - PASCO",Contrata,Finalizado,23/12/2008 00:00:00,2537904,YANAHUANCA,DANIEL ALCIDES CARRION,PASCO
47837,2238307,267791,"INSTALACION DE LOSA MULTIDEPORTIVA EN EL CENTRO POBLADO DE SANTIAGO PAMPA, DISTRITO DE YANAHUANCA, PROVINCIA DE DANIEL ALCIDES CARRION - PASCO",Contrata,Finalizado,1/07/2018 00:00:00,114518.17,YANAHUANCA,DANIEL ALCIDES CARRION,PASCO
47643,0,0,"EJECUCION DE ACTIVIDAD ""MANTENIMIENTO DE CAMINOS VECINALES EN EL ÁMBITO DEL DISTRITO DE PUERTO BERMÚDEZ - OXAPAMPA - PASCO - TRAMOS: CC.NN. PUERTO PASCUALA - CC.NN. SAN PEDRO, CC.NN. SAN PEDRO - CC.NN. CAPELO, CC.NN. SAN PEDRO - CC.NN. CENTRO UNIÓN, CC.NN. CENTRO UNIÓN - CC.NN. MANICHARI, CC.NN. CENTRO UNIÓN - CC.NN. PRIMAVERA, CC.NN. CENTRO UNIÓN - CC.NN. SAN JUAN DE DIOS, CC.NN. SAN JUAN DE DIOS - CC.NN. SARDIS Y CC.NN. SARDIS - CC.NN. CARHUAZ",Administración directa,En Ejecución,1/09/2015 00:00:00,728182,OXAPAMPA,OXAPAMPA,PASCO
47613,2247965,306528,"INSTALACION DE LOSAS DEPORTIVAS CON GRASS SINTETICO EN LOS CENTROS POBLADOS DE PARAGSHA, SACRA FAMILIA Y COMUNIDAD CAMPESINA DE PACOYAN, DISTRITO DE SIMON BOLIVAR - PASCO - PASCO",Contrata,Sin Ejecución,"","",SIMON BOLIVAR,PASCO,PASCO
47523,2300875,338656,"AMPLIACION Y MEJORAMIENTO DE LOS SERVICIOS DE EDUCACION PRIMARIA DE LA I.E. N 34138 EN LA COMUNIDAD NATIVA DE CAHUAPANAS, DISTRITO DE CONSTITUCION - OXAPAMPA - PASCO",Contrata,Sin Ejecución,"",3356422.34,CONSTITUCION,OXAPAMPA,PASCO
47452,2104728,117625,"MEJORAMIENTO Y AMPLIACION DEL SISTEMA DE AGUA POTABLE E INSTALACION DE LETRINAS EN LA LOCALIDAD DE PAMPANIA DISTRITO DE SANTA ANA DE TUSI, PROVINCIA DE DANIEL CARRION - PASCO",Contrata,Sin Ejecución,"",440097.75,SANTA ANA DE TUSI,PASCO,PASCO
47450,2150453,126402,MEJORAMIENTO DE LA OFERTA DE SERVICIOS DEL COLEGIO NACIONAL INTEGRADO TECNICO INDUSTRIAL Nº 34232 - PEDRO RUIZ GALLO - DISTRITO DE VILLA RICA - OXAPAMPA - REGION PASCO,Contrata,Finalizado,29/01/2013 00:00:00,7439745.55,VILLA RICA,OXAPAMPA,PASCO
47384,2236634,251892,"INSTALACION DEL SERVICIO DE AGUA POTABLE Y DISPOSICIÓN SANITARIA DE EXCRETAS EN EL CASERIO DE HUARIMARCAN, DISTRITO DE HUAYLLAY - PASCO",Contrata,Finalizado,20/01/2017 00:00:00,408852,HUAYLLAY,PASCO,PASCO
47260,2115774,86727,"MEJORAMIENTO DE LA CAPACIDAD DE LOS SERVICIOS DE ATENCION DE LOS ESTABLECIMIENTOS DE SALUD DE LA MICRORED PALCAZU, RED DE SALUD OXAPAMPA DIRESA PASCO",Contrata,Finalizado,15/05/2012 00:00:00,6891424.14,PALCAZU,OXAPAMPA,PASCO
47243,2294581,336502,"INSTALACION DE LINEA DE CONDUCCION DE AGUA POTABLE DE LACSHAHUANCA A VICCO, DISTRITO DE VICCO - PASCO - PASCO",Administración directa,Finalizado,26/10/2015 00:00:00,208395.67,VICCO,PASCO,PASCO
47087,2290857,332366,"CONSTRUCCION DEL CAMINO VECINAL JUMASHA-REPRESA TRAMO L0.00 A 1,576 EN LA COMUNIDAD CAMPESINA DE JUMASHA, DISTRITO DE TINYAHUARCO - PASCO - PASCO",Contrata,Finalizado,5/01/2016 00:00:00,777683.04,TINYAHUARCO,PASCO,PASCO
47083,2277781,322738,"MEJORAMIENTO DE LA CALLE JIRON ROBLES LOCALIDAD DE HUARAUCACA, DISTRITO DE TINYAHUARCO - PASCO - PASCO",Contrata,Finalizado,16/02/2016 00:00:00,701692.65,TINYAHUARCO,PASCO,PASCO
47079,0,0,"MANTENIMIENTO DE LA INFRAESTRUCTURA PÚBLICA DEL COLISEO CERRADO DE TICLACAYAN, DISTRITO DE TICLACAYAN - PASCO - PASCO",Administración directa,Finalizado,5/11/2015 00:00:00,160212.97,TICLACAYAN,PASCO,PASCO
46803,2240561,277934,"MEJORAMIENTO Y AMPLIACION DE LOS SERVICIOS DE AGUA POTABLE Y DESAGUE EN EL CENTRO POBLADO SAN PABLO, DISTRITO DE PUERTO BERMUDEZ, PROVINCIA DE OXAPAMPA - PASCO",Contrata,Finalizado,18/12/2015 00:00:00,3597051.69,PUERTO BERMUDEZ,OXAPAMPA,PASCO
46801,2295573,338143,"CONTRATACION DE EJECUCION DE LA OBRA REHABILITACION, MEJORAMIENTO DEL CAMINO VECINAL EN EL CASERIO DE SAN MIGUEL DE CHEPRA, DISTRITO DE SANTA ANA DE TUSI - DANIEL ALCIDES CARRION - PASCO",Contrata,Finalizado,22/12/2015 00:00:00,425862.17,SANTA ANA DE TUSI,DANIEL ALCIDES CARRION,PASCO
46795,2295678,338299,"CONTRATACION DE EJECUCION DE LA OBRA INSTALACION DEL SERVICIO DE AGUA POTABLE EN EL BARRIO DE INOG, CASERIO DE GARGAR, DISTRITO DE SANTA ANA DE TUSI - DANIEL ALCIDES CARRION - PASCO",Contrata,Finalizado,19/12/2015 00:00:00,276068.15,SANTA ANA DE TUSI,DANIEL ALCIDES CARRION,PASCO
46719,2293908,335628,"CREACION DE ESCALINATAS PEATONALES CON BANCO DE DESCANSO EN EL BARRIO ANTENAPATA, ANEXO YARGUAY, ACO,AGOMARCA DE LA LOCALIDAD DE PAUCARTAMBO, DISTRITO DE PAUCARTAMBO - PASCO - PASCO",Contrata,Finalizado,29/10/2016 00:00:00,1030776.18,PAUCARTAMBO,PASCO,PASCO
46717,2295503,338041,"CREACION DE PISTAS Y VEREDAS EN EL PSJE INCA DEL BARRIO ARRIBA DEL, DISTRITO DE PAUCARTAMBO - PASCO - PASCO",Contrata,Finalizado,16/05/2016 00:00:00,222525.34,PAUCARTAMBO,PASCO,PASCO
46691,2291115,332603,"CREACION DE LOS SERVICIOS DE TRANSITABILIDAD VEHICULAR Y PEATONAL EN EL JR. CHAUPICALLE - AVENIDA PRINCIPAL SAN FRANCISCO DE PUCURHUAY, DISTRITO DE TICLACAYAN - PASCO - PASCO",Contrata,Finalizado,18/12/2015 00:00:00,1493092.91,TICLACAYAN,PASCO,PASCO
46623,2238800,269865,"CONTRATACION PARA LA EJECUCION DE LA MEJORAMIENTO DE LA CAPACIDAD RESOLUTIVA DEL PUESTO DE SALUD CUYAGHUAYIN, DISTRITO DE SANTA ANA DE TUSI - DANIEL ALCIDES CARRION - PASCO",Contrata,En Ejecución,2/01/2016 00:00:00,792915.23,SANTA ANA DE TUSI,DANIEL ALCIDES CARRION,PASCO
46598,0,0,"Proyecto: Instalación y Mejoramiento del Servicio de Energía Eléctrica mediante Línea de Distribución Primaria 22.9 Kv de la Comunidad Campesina de San Pedro de Racco ¿ Ucrucancha, Distrito Simón Bolívar, Provincia y Región Pasco",Contrata,Sin Ejecución,"","",,PASCO,PASCO
46574,2150452,143693,"MARGEN DERECHA E IZQUIERDA EN LAS 10 LOCALIDADES DE LOS DISTRITOS DE TICLACAYAN, SAN FRANCISCO DE ASIS DE YARUSYACAN, YANACANCHA, HUARIACA Y PALLANCHACRA DE LA PROVINCIA DE PASCO",Contrata,Finalizado,31/01/2013 00:00:00,7215678.06,YANACANCHA,PASCO,PASCO
46563,2194686,269835,"CONTRATACION PARA LA EJECUCION DE LA OBRA MEJORAMIENTO DE LA CAPACIDAD RESOLUTIVA DEL PUESTO DE SALUD TACTAYOC, DISTRITO DE SANTA ANA DE TUSI - DANIEL ALCIDES CARRION - PASCO",Contrata,En Ejecución,4/01/2016 00:00:00,882248.70,SANTA ANA DE TUSI,DANIEL ALCIDES CARRION,PASCO
46486,2201960,280174,"INSTALACION DE COMPLEJO DEPORTIVO CERRADO EN EL CENTRO POBLADO DE ACOPALCA, DISTRITO DE PAUCARTAMBO - PASCO - PASCO",Contrata,Finalizado,27/01/2016 00:00:00,623805.34,PAUCARTAMBO,PASCO,PASCO
46479,2091495,114259,"CONSTRUCCION DE 03 AULAS E IMPLEMENTACION DE LA INSTITUCION EDUCATIVA RABI DE LA LOCALIDAD DE SAN JUAN BAÑOS DE RABI DISTRITO YANAHUANCA, PROVINCIA DE DANIEL ALCIDES CARRION - PASCO",Contrata,Finalizado,31/08/2009 00:00:00,222692.84,YANAHUANCA,DANIEL ALCIDES CARRION,PASCO
46469,2086731,101229,"CONSTRUCCION E IMPLEMENTACION DE LA INSTITUCION EDUCATIVA DANIEL ALCIDES CARRION DEL CENTRO POBLADO DE CHIPIPATA DEL DISTRITO DE YANAHUANCA, PROVINCIA DE DANIEL ALCIDES CARRION - PASCO",Contrata,Finalizado,21/01/2009 00:00:00,145781.36,YANAHUANCA,DANIEL ALCIDES CARRION,PASCO
46461,2066135,61561,"AMPLIACION DE INFRAESTRUCTURA EDUCATIVA Y EQUIPAMIENTO DE LA INSTITUCION EDUCATIVA TECNICO INDUSTRIAL SEÑOR DE LOS MILAGROS DEL DISTRITO DE YANAHUANCA, PROVINCIA DE DANIEL ALCIDES CARRION - PASCO",Contrata,Finalizado,1/10/2009 00:00:00,235810,YANAHUANCA,DANIEL ALCIDES CARRION,PASCO
46457,2288649,330303,"CONSTRUCCION DE PISTAS Y VEREDAS, DE LOS PASAJES PARACAS Y BOLOGNESI, DEL CENTRO POBLADO DE ACOBAMBA, DISTRITO DE HUARIACA - PASCO - PASCO",Contrata,Finalizado,21/01/2016 00:00:00,416416.02,HUARIACA,PASCO,PASCO
46452,2288561,330186,"CONSTRUCCION DEL PONTON CARROZABLE LOS ANGELES DEL BARRIO 03 DE OCTUBRE, DISTRITO DE HUARIACA - PASCO - PASCO",Contrata,Finalizado,1/02/2016 00:00:00,221572.59,HUARIACA,PASCO,PASCO
46451,2236280,238851,"MEJORAMIENTO SERVICIO EDUCATIVO DEL JARDIN DE NIÑOS INMACULADA CONCEPCION DEL CENTRO POBLADO DE BELLAVISTA, DISTRITO DE PAUCARTAMBO - PASCO - PASCO",Contrata,Finalizado,15/12/2015 00:00:00,766682.48,PAUCARTAMBO,PASCO,PASCO
46445,2153491,181070,"MEJORAMIENTO Y AMPLIACIÓN DEL ESTADIO PATARCOCHA, DISTRITO DE CHAUPIMARCA, PROVINCIA DE PASCO - PASCO. COMPONENTE: SKATE PARK",Contrata,Finalizado,31/12/2015 00:00:00,1481468.06,CHAUPIMARCA,PASCO,PASCO
46429,2086557,101140,"AMPLIACION E IMPLEMENTACION DE LA INSTITUCION EDUCATIVA VICTOR RAUL ESPINOZA SOTO DE LA LOCALIDAD DE PALCA DEL DISTRITO DE YANAHUANCA, PROVINCIA DE DANIEL ALCIDES CARRION - PASCO",Contrata,Finalizado,16/04/2008 00:00:00,224328.59,YANAHUANCA,DANIEL ALCIDES CARRION,PASCO
46424,2068394,68750,"INSTALACION DEL SISTEMA DE AGUA Y DISPOSICIÓN DE EXCRETAS DE LA LOCALIDAD DE CHAQUICOCHA, DISTRITO DE YANAHUANCA , PROVINCIA DE DANIEL ALCIDES CARRION - PASCO",Contrata,Finalizado,11/02/2008 00:00:00,68209,YANAHUANCA,DANIEL ALCIDES CARRION,PASCO
46423,2283982,325884,"MEJORAMIENTO DE VIAS CON PAVIMENTO,VEREDAS Y MUROS DE CONTENCION EN LA AV. JOSE OLAYA DEL AA.HH. COLUMNA PASCO, DISTRITO DE YANACANCHA - PASCO - PASCO",Contrata,Finalizado,6/06/2019 00:00:00,1570905.89,YANACANCHA,PASCO,PASCO
46418,2054071,51006,"MEJORAMIENTO PRODUCTIVO DEL GANADO PORCINO EN VILCABAMBA, PROVINCIA DE DANIEL ALCIDES CARRION - PASCO",Administración directa,Finalizado,7/01/2008 00:00:00,60957.56,VILCABAMBA,DANIEL ALCIDES CARRION,PASCO
46414,2069803,72746,"CONSTRUCCION DE PILETA, LAVANDERIA Y SERVICIO HIGIENICO PUBLICO EN LA LOCALIDAD DE TUSICANCHA DEL DISTRITO DE SANTA ANA DE TUSI, PROVINCIA DE DANIEL ALCIDES CARRION - PASCO",Contrata,Finalizado,26/04/2008 00:00:00,41895.25,SANTA ANA DE TUSI,DANIEL ALCIDES CARRION,PASCO
46395,2075990,89671,"AMPLIACION DE INFRAESTRUCTURA Y EQUIPAMIENTO DE LA INSTITUCION EDUCATIVA SAN JUAN DE YANACOCHA DEL DISTRITO DE YANAHUANCA, PROVINCIA DE DANIEL ALCIDES CARRION - PASCO",Contrata,Finalizado,2/10/2009 00:00:00,242377.80,YANAHUANCA,DANIEL ALCIDES CARRION,PASCO
46375,0,0,"Obra: Instalación del Sistema de Riego en los Sectores de Ocshahuay, Chicchipunta, Carretera Divisoria Ganamanay, Mashanpampa, Sillapata, Cumbre Pucará, Ancahuachanan, Potrero y Apash, Distrito Paucartambo, Provincia y Región Pasco",Contrata,Sin Ejecución,"","",PAUCARTAMBO,PASCO,PASCO
46362,2090547,105398,"AMPLIACION Y MEJORAMIENTO DEL SISTEMA DE RIEGO EN LA COMUNIDAD DE COYAS DISTRITO DE YANAHUANCA , PROVINCIA DE DANIEL ALCIDES CARRION - PASCO",Contrata,Finalizado,5/09/2009 00:00:00,256374.55,YANAHUANCA,DANIEL ALCIDES CARRION,PASCO
46347,2097383,100562,"CONSTRUCCION DE LOSA DEPORTIVA DE LA INSTITUCIÓN EDUCATIVA Nº 34116 EULOGIO VENTO SANTAMARIA DE LA LOCALIDAD DE YANACOCHA DEL DISTRITO DE YANAHUANCA, PROVINCIA DE DANIEL ALCIDES CARRION - PASCO",Contrata,Finalizado,25/10/2008 00:00:00,73869.79,YANAHUANCA,DANIEL ALCIDES CARRION,PASCO
46301,2088968,100023,"CONSTRUCCION E IMPLEMENTACION DEL PUESTO DE SALUD DE LA LOCALIDAD DE LLICLLAO DEL DISTRITO YANAHUANCA, PROVINCIA DE DANIEL ALCIDES CARRION - PASCO",Contrata,Finalizado,21/05/2009 00:00:00,179910.16,YANAHUANCA,DANIEL ALCIDES CARRION,PASCO
46278,2167950,252341,AMPLIACIÓN Y MEJORAMIENTO DE LOS SERVICIOS DE EDUCACIÓN SECUNDARIA DE LA I.E. HORACIO ZEVALLOS GAMEZ DEL CENTRO POBLADO DE PARAGSHA DISTRITO DE SIMÓN BOLÍVAR PASCO PASCO.,Contrata,Finalizado,24/12/2015 00:00:00,651825.04,,PASCO,PASCO
46276,2274096,320815,"MEJORAMIENTO DE LA PRESTACIÓN DE SERVICIO EDUCATIVO EN EL NIVEL INICIAL Y PRIMARIO EN LA I.E. 34033 PROGRESO EN EL CENTRO POBLADO DE PARAGSHA, DISTRITO DE SIMON BOLÍVAR PASCO PASCO",Contrata,Finalizado,20/10/2017 00:00:00,9531966.18,,PASCO,PASCO
46271,0,0,"RECUPERACIÓN MONUMENTAL DENTRO DEL ÁREA URBANA I ETAPA- EN EL DISTRITO DE VICCO, PASCO- PASCO",Administración directa,Paralizada,16/10/2015 00:00:00,846239.44,VICCO,PASCO,PASCO
46243,2221199,236999,"INSTALACION DEL SISTEMA DE DESAGUE EN EL CASERIO DE CHINCHE RABI CATAO, DISTRITO DE YANAHUANCA, PROVINCIA DE DANIEL ALCIDES CARRION - PASCO",Contrata,Finalizado,14/12/2015 00:00:00,230634.32,YANAHUANCA,DANIEL ALCIDES CARRION,PASCO
46221,2279282,323612,"SISTEMA DE UTILIZACION EN MEDIA TENSION 22,9 KV PARA LA INSTITUCION EDUCATIVA VICTOR RAUL ESPINOZA SOTO DEL CENTRO POBLADO LA MERCED DE JARRIA, DISTRITO DE PALLANCHACRA - PASCO - PASCO",Contrata,Finalizado,1/12/2015 00:00:00,68187.16,PALLANCHACRA,PASCO,PASCO
46187,2283697,325734,"CREACION DEL PUENTE CARROZABLE EN LA COMUNIDAD CAMPESINA DE CUCHIHUAIN DEL ANEXO SANTA ROSA DE CHUNCANA, DISTRITO DE YANACANCHA - PASCO - PASCO",Administración directa,Finalizado,30/10/2015 00:00:00,152156.64,YANACANCHA,PASCO,PASCO
46110,2228070,243677,Contratación del Servicio de Consultoría de Obras para la elaboración del Expediente Técnico del Proyecto: ¿CONSTRUCCIÓN DEL CAMINO VECINAL SUNEC ¿ CANANCHACRA EN LOS DISTRITOS DE TICLACAYAN ¿ PASCO ¿ PASCO,Contrata,Sin Ejecución,"","",TICLACAYAN,PASCO,PASCO
46109,2251230,297750,"Contratación por Consultoría de Obras la Elaboración del Expediente Técnico del Proyecto: Mejoramiento del Servicio Educativo de la Red Educativa Mallapampa conformado por I.E. 34010 Daniel A. Carrión, I.E. Inicial Ángel del Hogar, 311 Ananá, I.E. Primaria 34060,Santa Rosa 34697, San Pedro 34450 Ananá, C.P. Mallapampa ¿ Huancabamba ¿ Oxapampa ¿Pasco",Contrata,Sin Ejecución,"","",HUANCABAMBA,OXAPAMPA,PASCO
46103,2232425,224313,"MEJORAMIENTO Y REHABILITACION DEL CAMINO VECINAL TRAMO LA CC.NN CHINCHIHUAQUI-PLATANILLO-SHIMAQUI, DISTRITO DE PUERTO BERMUDEZ-PROVINCIA OXAPAMPA, DEPARTAMENTO DE PASCO",Contrata,Finalizado,29/01/2014 00:00:00,5629942.36,PUERTO BERMUDEZ,OXAPAMPA,PASCO
46102,2234343,256115,"CONTRATACION DE CONSULTORIA PARA LA ELABORACION DE EXPEDIENTE TECNICO DEL PROYECTO ¿MEJORAMIENTO DE LA CARRETERA DEPARTAMENTAL EMP. PE 5N A (ABRA CANTARIZU) EMP. PE 5N (ENTAS) PROVINCIA ¿ OXAPAMPA, REGION PASCO",Contrata,Sin Ejecución,"","",OXAPAMPA,OXAPAMPA,PASCO
46085,2296057,338869,"CREACION DEL ESTADIO DEPORTIVO EN EL CENTRO POBLADO DE CHUPACA, DISTRITO DE PAUCARTAMBO - PASCO - PASCO",Contrata,Finalizado,18/06/2016 00:00:00,706691.69,PAUCARTAMBO,PASCO,PASCO
46058,2066963,64007,"CONSTRUCCION DE INFRAESTRUCTURA EDUCATIVA E IMPLEMENTACION DE LA I..E. INICIAL VIRGEN DE FATIMA - DISTRITO YANAHUANCA, PROVINCIA DE DANIEL ALCIDES CARRION - PASCO",Contrata,Finalizado,9/06/2010 00:00:00,90000,YANAHUANCA,DANIEL ALCIDES CARRION,PASCO
45977,2198319,268625,"MEJORAMIENTO DE LA COBERTURA DE LOS SERVICIOS DE SALUD DEL HOSPITAL ERNESTO GERMAN GUZMAN GONZALES PROVINCIA DE OXAPAMPA,DEPARTAMENTO DE PASCO, REGION PASCO",Contrata,Sin Ejecución,"","",OXAPAMPA,OXAPAMPA,PASCO
45975,2294089,335884,"CREACION DE PISTAS Y VEREDAS EN EL BARRIO DE HUAGAYCHAN, JR IQUITOS Y AV. COMERCIO ACCESO AL ESTADIO SOCIAL, DISTRITO DE PAUCARTAMBO - PASCO - PASCO",Contrata,Finalizado,13/06/2016 00:00:00,541944.38,PAUCARTAMBO,PASCO,PASCO
45872,2051275,54329,"CONSTRUCCION Y AMPLIACION DE PISTAS Y VEREDAS DE LAS CALLES DE JR. LAS FLORES, JR. LOS CLAVELES, JR. LOS GUINDALES Y AV. MALECON DE LA LOCALIDAD DE YANAHUANCA, PROVINCIA DE DANIEL ALCIDES CARRION - PASCO",Contrata,Finalizado,7/01/2009 00:00:00,369203.15,YANAHUANCA,DANIEL ALCIDES CARRION,PASCO
45852,2130363,151334,"MEJORAMIENTO Y AMPLIACION DE LA TROCHA CARROZABLE YANAHUANCA - NUEVA ESPERANZA - TINYACO, DISTRITO DE YANAHUANCA, PROVINCIA DE DANIEL ALCIDES CARRION - PASCO",Contrata,Sin Ejecución,"",295095.62,YANAHUANCA,DANIEL ALCIDES CARRION,PASCO
45850,2072388,79702,"CONSTRUCCION DE LOSA DEPORTIVA EN LA LOCALIDAD DE CALLHUAN DEL DISTRITO DE SANTA ANA DE TUSI, PROVINCIA DE DANIEL ALCIDES CARRION - PASCO",Contrata,Finalizado,10/06/2008 00:00:00,49061.16,SANTA ANA DE TUSI,DANIEL ALCIDES CARRION,PASCO
45843,2070316,74069,"CONSTRUCCION DEL SISTEMA DE RIEGO EN LA ZONA DE UTUTO DE LA COMUNIDAD CAMPESINA SAN PEDRO DE YANAHUANCA - DISTRITO YANAHUANCA, PROVINCIA DE DANIEL ALCIDES CARRION - PASC",Contrata,Finalizado,23/04/2009 00:00:00,113136.12,YANAHUANCA,DANIEL ALCIDES CARRION,PASCO
45721,2107765,130055,"MEJORAMIENTO DE LA PRODUCCION PECUARIA EN LA LOCALIDAD DE CHOCOPATA DISTRITO DE YANAHUANCA, PROVINCIA DE DANIEL ALCIDES CARRION - PASCO",Administración directa,Finalizado,2/12/2009 00:00:00,63325.64,YANAHUANCA,DANIEL ALCIDES CARRION,PASCO
45717,2113550,148858,"INSTALACION DE PLANTACIONES FORESTALES EN AREAS DEGRADAS EN LA COMUNIDAD CAMPESINA DE HUARAUTAMBO, DISTRITO DE YANAHUANCA, PROVINCIA DE DANIEL ALCIDES CARRION - PASCO",Administración directa,Finalizado,21/06/2010 00:00:00,118768.07,YANAHUANCA,DANIEL ALCIDES CARRION,PASCO
45670,2208520,201818,"INSTALACION DE UNA LOSA DEPORTIVA EN EL BARRIO ¿SEÑOR DE LOS MILAGROS¿ , DISTRITO DE YANAHUANCA, PROVINCIA DE DANIEL ALCIDES CARRION - PASCO",Contrata,Finalizado,10/02/2016 00:00:00,435312.56,YANAHUANCA,DANIEL ALCIDES CARRION,PASCO
45587,2250262,267599,"ELABORACION DEL EXPEDIENTE TECNICO DEL PROYECTO ""MEJORAMIENTO DE LOS SERVICIOS EDUCATIVOS EN EL NIVEL PRIMARIO DE LA RED EDUCATIVA LUZ ESPERANZA DEL DISTRITO DE VILLA RICA, PROVINCIA OXAPAMPA, REGION PASCO""",Contrata,Sin Ejecución,"","",VILLA RICA,OXAPAMPA,PASCO
45583,2251428,302352,"CONTRATACION DE CONSULTORIA DE OBRA PARA LA ELABORACION DEL EXPEDIENTE TECNICO DEL PROYECTO ""INSTALACION DE LOS SERVICIOS DE EDUCACION SECUNDARIA DE LA I.E. CAÑACHACRA EN EL CENTRO POBLADO CAÑACHACRA, DISTRITO DE POZUZO, PROVINCIA OXAPAMPA, REGION PASCO""",Contrata,Sin Ejecución,"","",POZUZO,OXAPAMPA,PASCO
45429,2096593,122366,CONSTRUCCION DE AULAS Y EQUIPAMIENTO DE LA I.E. GRAN MARISCAL RAMON CASTILLA DE LA LOCALIDAD DE TANGOR DISTRITO DE PAUCAR PROVINCIA DE DANIEL ALCIDES CARRION - PASCO,Contrata,Finalizado,20/11/2009 00:00:00,335164.87,PAUCAR,DANIEL ALCIDES CARRION,PASCO
45380,2054950,54116,"REHABILITACION Y MEJORAMIENTO DEL SISTEMA DEL AGUA, CONSTRUCCION DEL SISTEMA DE DESAGUE DEL CENTRO POBLADO DE HUAYLASJIRCA -YANAHUANCA, PROVINCIA DE DANIEL ALCIDES CARRION - PASCO",Contrata,Finalizado,17/08/2009 00:00:00,1826431.01,YANAHUANCA,DANIEL ALCIDES CARRION,PASCO
45379,2242898,287360,"INSTALACION DEL SISTEMA DE RIEGO TECNIFICADO EN EL SECTOR DE TROJA ANEXO DE CHINCHANCO, CENTRO POBLADO DE HUALLAMAYO, DISTRITO DE PAUCARTAMBO - PASCO - PASCO",Contrata,Finalizado,11/01/2019 00:00:00,479707.38,PAUCARTAMBO,PASCO,PASCO
45356,2103017,115919,MEJORAMIENTO DE LA PRODUCCION LACTEA EN LA COMUNIDAD DE SANTA ANA DE TUSI DISTRITO DE SANTA ANA DE TUSI PROVINCIA DANIEL CARRION - PASCO,Administración directa,Finalizado,1/10/2009 00:00:00,213646.89,SANTA ANA DE TUSI,PASCO,PASCO
45341,2173822,229690,"CONSTRUCCIÓN DEL CAMINO VECINAL TRAMO, TAPUC - USPACHACA, DISTRITO DE TAPUC - DANIEL ALCIDES CARRIÓN PASCO",Contrata,Sin Ejecución,"",740589.84,TAPUC,PASCO,PASCO
45275,2251525,303629,INSTALACION DEL AUDITORIO DE LAS FACULTADES DE CIENCIAS DE LA SALUD Y CIENCIAS AGROPECUARIAS DE LA UNIVERSIDAD NACIONAL DANIEL ALCIDES CARRION DE CERRO DE PASCO - PASCO,Contrata,Finalizado,3/06/2019 00:00:00,1604351.85,,DANIEL ALCIDES CARRION,PASCO
45251,0,0,"CONSTRUCCIÓN DEL CERCO PERIMETRICO DE LA POLICÍA NACIONAL DEL PERU, DISTRITO TICLACAYAN, PROVINCIA PASCO - PASCO",Contrata,Finalizado,9/06/2012 00:00:00,374415.46,TICLACAYAN,PASCO,PASCO
45144,2246917,302902,"MEJORAMIENTO Y AMPLIACIÓN DE LOS SERVICIOS EDUCATIVOS DE LA INSTITUCIÓN EDUCATIVA 20 DE ENERO DEL CENTRO POBLADO DE SUNEC, DISTRITO DE TICLACAYAN - PASCO - PASCO.",Contrata,Finalizado,26/11/2015 00:00:00,407068.88,TICLACAYAN,PASCO,PASCO
45142,2248952,309522,"CONSTRUCCIÓN DEL PUENTE CARROZABLE EN EL CENTRO POBLADO DE PUCURHUAY, DISTRITO DE TICLACAYN - PASCO - PASCO.",Contrata,Finalizado,10/12/2015 00:00:00,277821.52,,PASCO,PASCO
45114,2306478,345236,SANEAMIENTO BASICO EN EL CENTRO POBLADO DE PUAGMARAY EN EL DISTRITO DE HUACHON PROVINCIA Y REGIÓN PASCO,Contrata,Sin Ejecución,"",522399.04,HUACHON,PASCO,PASCO
45087,2306531,345280,CONSTRUCCIÓN DE PISTAS Y VEREDAS DEL CENTRO POBLADO DE HUACHON CAPITAL DEL DISTRITO DE HUACHON PROVINCIA Y REGIÓN PASCO,Contrata,Sin Ejecución,"",12343354.60,HUACHON,PASCO,PASCO
45073,2293363,334832,"MEJORAMIENTO DE TRANSITABILIDAD PEATONAL DE CAMINOS DE HERRADURA EN 20 TRAMOS DEL DISTRITO DE POZUZO, EN EL DISTRITO DE POZUZO -OXAPAMPA - PASCO",Administración directa,Finalizado,3/11/2015 00:00:00,71584,POZUZO,OXAPAMPA,PASCO
45069,2293722,335438,"""MEJORAMIENTO DE LA INFRAESTRUCTURA DE LOS PUESTOS DE SALUD EN LOS CASERIOS DE ASCENCION, SAN SALVADOR Y PLAYA GRANDE, DISTRITO DE POZUZO - OXAPAMPA - PASCO""",Administración directa,Finalizado,6/11/2015 00:00:00,51850.76,POZUZO,OXAPAMPA,PASCO
45062,2293368,334837,"MEJORAMIENTO DE LOS PUENTES CARROZABLES MAL PASO, CHANCARIZO Y SAN ANTONIO EN EL DISTRITO DE POZUZO - OXAPAMPA - PASCO",Administración directa,Finalizado,9/11/2015 00:00:00,144462.36,POZUZO,OXAPAMPA,PASCO
44877,2237896,266107,"EJECUCIÓN DE LA OBRA ¿MEJORAMIENTO Y AMPLIACIÓN DEL SISTEMA DE AGUA POTABLE E INSTALACIÓN DE LETRINAS SANITARIOS EN EL CASERÍO POPOGAY DEL DISTRITO DE SANTA ANA DE TUSI, PROVINCIA DANIEL CARRIÓN, REGIÓN PASCO",Contrata,Finalizado,21/11/2015 00:00:00,355645.12,SANTA ANA DE TUSI,PASCO,PASCO
44847,2114772,134063,"REHABILITACION Y MEJORAMIENTO DE TROCHA CARROZABLE NUNUMYAYOG, DISTRITO DE YANAHUANCA, PROVINCIA DE DANIEL ALCIDES CARRION - PASCO",Administración directa,Finalizado,2/11/2015 00:00:00,231660.56,YANAHUANCA,DANIEL ALCIDES CARRION,PASCO
44839,2293483,334920,"CREACION DEL PUENTE PEATONAL EN LA CUENCA SAN JOSE Y MEJORAMIENTO DE LOS PUENTES PEATONALES PLAYA GRANDE, SERENO, PALMIRA Y CASA GRANDE, DISTRITO DE POZUZO - OZAPAMPA - PASCO",Administración directa,Finalizado,23/11/2015 00:00:00,101890,POZUZO,PASCO,PASCO
44814,2178334,236074,"Elaboración del Expediente Técnico del Proyecto: Construcción del Camino Vecinal Bello Horizonte ¿ Quebrada Encanto (43+000 Km), Distrito Puerto Bermúdez, Provincia Oxapampa, Región Pasco",Contrata,Sin Ejecución,"","",OXAPAMPA,OXAPAMPA,PASCO
44780,2164246,235924,CREACION DE LA CARRETERA TINGO MAL PASO - SAN SALVADOR 5.00 KM EN EL DISTRITO DE POZUZO - OXAPAMPA - PASCO II ETAPA,Administración directa,Finalizado,27/06/2016 00:00:00,1310062.30,POZUZO,OXAPAMPA,PASCO
44771,2291923,333354,CREACION DE 04 COMEDORES ESCOLARES Y 04 MODULOS DE SERVICIOS HIGIENICOS EN 08 INSTITUCIONES DE NIVEL BASICO REGULAR: DISTRITO DE POZUZO - OXAPAMPA - PASCO,Administración directa,Finalizado,2/10/2015 00:00:00,280286,POZUZO,OXAPAMPA,PASCO
44768,2292357,333715,"CREACION DEL SERVICIO DE AGUA POTABLE EN LAS LOCALIDADES DE GUACAMAYO, SILZAMS Y PUEBLO NUEVO, DISTRITO DE POZUZO - OXAPAMPA - PASCO",Administración directa,Finalizado,5/10/2015 00:00:00,900261,POZUZO,OXAPAMPA,PASCO
44737,2286698,328621,"CREACION DE TROCHA CARROZABLE LULICOCHA - HUANCAMACHAY, DISTRITO DE SAN FRANCISCO DE ASIS DE YARUSYACAN - PASCO - PASCO",Contrata,En Ejecución,2/02/2017 00:00:00,2036854.41,SAN FRANCISCO DE ASIS DE YARUSYACAN,PASCO,PASCO
44736,2287468,329287,"CONSTRUCCION Y MEJORAMIENTO DE LA TROCHA CARROZABLE YARUSYACAN - YACUTINCO, DISTRITO DE SAN FRANCISCO DE ASIS DE YARUSYACAN - PASCO - PASCO",Contrata,Sin Ejecución,"",4281899.54,SAN FRANCISCO DE ASIS DE YARUSYACAN,PASCO,PASCO
44701,0,0,CONSTRUCCIÓN DEL LOCAL COMUNAL DE USOS MÚLTIPLES DEL DISTRITO DE HUACHON PROVINCIA Y REGIÓN PASCO II ETAPA,Contrata,Finalizado,25/09/2015 00:00:00,395134.22,HUACHON,PASCO,PASCO
44700,0,0,"CONSTRUCCIÓN DEL PUENTE PEATONAL USHUN EN EL CASERÍO DE HUARANCAYO, CENTRO POBLADO DE LUCMA, DISTRITO DE HUACHON, PROVINCIA Y REGIÓN PASCO.",Administración directa,Finalizado,4/06/2015 00:00:00,126647.42,HUACHON,PASCO,PASCO
44699,0,0,"CONSTRUCCIÓN DEL LOCAL DE LA I.E LOS CONEJITOS DEL ANEXO LA FLORIDA DEL CENTRO POBLADO DE PUAGMARAY, DISTRITO DE HUACHON, PROVINCIA Y REGIÓN PASCO",Contrata,Finalizado,16/11/2015 00:00:00,135845.35,HUACHON,PASCO,PASCO
44597,2217355,185959,"AMPLIACION Y MEJORAMIENTO DE LOS SISTEMAS DE AGUA POTABLE, ALCANTARILLADO Y CONSTRUCCION DE PLANTA DE TRATAMIENTO DE AGUAS RESIDUALES DE LA LOCALIDAD DE DE GRAPANAZU , DISTRITO DE HUANCABAMBA - OXAPAMPA - PASCO",Contrata,Finalizado,18/01/2016 00:00:00,2886476.73,HUANCABAMBA,OXAPAMPA,PASCO
44534,2110929,125172,"AMPLIACION Y MEJORAMIENTO DEL SISTEMA DE AGUA POTABLE Y ALCANTARILLADO DE LA LOCALIDAD DE LANTURACHI , DISTRITO DE HUANCABAMBA, PROVINCIA DE OXAPAMPA - PASCO",Administración directa,En Ejecución,15/11/2010 00:00:00,1382199.06,HUANCABAMBA,OXAPAMPA,PASCO
44533,2081975,77903,"CONSTRUCCION Y MEJORAMIENTO DEL SISTEMA DE AGUA POTABLE Y LETRINAS EN EL CENTRO POBLADO DE PARAISO Y QUILLAZU ,DISTRITO DE OXAPAMPA, PROVINCIA DE OXAPAMPA - PASCO",Administración directa,En Ejecución,12/09/2010 00:00:00,468696.28,OXAPAMPA,OXAPAMPA,PASCO
44532,2110930,102292,"AMPLIACION Y MEJORAMIENTO DEL SISTEMA DE AGUA POTABLE Y ALCANTARILLADO DE LOS ANEXOS ACO-BUENOS AIRES, DISTRITO DE PAUCARTAMBO - PASCO - PASCO",Administración directa,Finalizado,1/06/2010 00:00:00,829278.74,PAUCARTAMBO,PASCO,PASCO
44531,2096597,105675,"CONSTRUCCION DE AULAS Y SERVICIOS COMPLEMENTARIOS DE LA I.E.E SANTA ROSA - POZUZO, PROVINCIA DE OXAPAMPA - PASCO",Administración directa,Sin Ejecución,"",1199675.94,POZUZO,OXAPAMPA,PASCO
44530,2132939,161293,"MEJORAMIENTO, IMPLEMENTACION DE LA GERENCIA SUB REGIONAL DANIEL CARRION",Administración directa,En Ejecución,5/02/2012 00:00:00,418547,,,PASCO
44529,2045066,7533,MEJORAMIENTO E IMPLEMENTACION DEL COLEGIO NACIONAL DE CC.HH TUPAC AMARU DEL DISTRITO DE TAPUC-DANIEL CARRION-PASCO,Administración directa,En Ejecución,6/10/2011 00:00:00,457624.46,TAPUC,PASCO,PASCO
44522,2110933,129160,AMPLIACIÓN Y MEJORAMIENTO DEL SISTEMA DE DESAGUE PLUVIAL DE LOS BARRIOS DE CAYAO Y HUAYLAS DE LA LOCALIDAD DE TAPUC DISTRITO DE TAPUC PROVINCIA DANIEL CARRIÓN - PASCO,Administración directa,En Ejecución,28/08/2010 00:00:00,1925796.08,TAPUC,PASCO,PASCO
44521,2102948,112541,"MEJORAMIENTO DE LA OFERTA DE SERVICIOS EDUCATIVOS PARA EL LOGRO DEL APRENDIZAJE BASICO REGULAR EN LOS ESTUDIANTES DE LA INSTITUCION EDUCATIVA AGROINDUSTRIAL NRO 34024 - PAUCARTAMBO, DISTRITO DE PAUCARTAMBO - PASCO - PASCO",Administración directa,Finalizado,16/07/2010 00:00:00,2159602.30,PAUCARTAMBO,PASCO,PASCO
44520,2104113,104157,"MEJORAMIENTO DEL SERVICIO EDUCATIVO Y AMPLIACION DE LA I.E TUPAC AMARU DISTRITO DE POZUZO, PROVINCIA DE OXAPAMPA - PASCO",Administración directa,Sin Ejecución,"",1296461.90,POZUZO,OXAPAMPA,PASCO
44519,2128929,140087,"RECONSTRUCCION DE AULAS, SS.HH. E IMPLEMENTACION DE LA I.E. 35004 SANTO DOMINGO SAVIO, DEL DISTRITO DE YANAHUANCA, PROVINCIA DE DANIEL ALCIDES CARRION - PASCO",Administración directa,En Ejecución,16/05/2011 00:00:00,1453563,YANAHUANCA,DANIEL ALCIDES CARRION,PASCO
44518,2111692,141884,CONSTRUCCION E IMPLEMENTACION DE AULAS DE INNOVACION PEDAGOGICA EN LA INSTITUCION EDUCATIVA N 39 GERARDO PATIÑO LOPEZ DEL DISTRITO DE CHAUPIMARCA -PASCO-PASCO,Administración directa,En Ejecución,20/06/2011 00:00:00,216861.78,CHAUPIMARCA,PASCO,PASCO
44517,2130544,139382,CONSTRUCCION DE MUROS DE CONTENCION DE LAS PRINCIPALES VIAS DE ACCESO DEL ASENTAMIENTO HUMANO - LOS PRÓCERES- DEL DISTRITO DE YANACANCHA ¿ PASCO.,Administración directa,En Ejecución,18/05/2011 00:00:00,373776.81,YANACANCHA,PASCO,PASCO
44514,2084297,55719,"MEJORAMIENTO DE LOS SERVICIOS EDUCATIVOS DE LA INSTITUCION EDUCATIVA N 34089 ALEXANDER GRAHAM DE DE HUALLAMAYO, DISTRITO DE PAUCARTAMBO - PASCO - PASCO",Administración directa,Finalizado,20/05/2012 00:00:00,853793.55,PAUCARTAMBO,PASCO,PASCO
44513,2146278,184320,"MEJORAMIENTO DEL PUENTE SUAREZ, SOBRE EL RIO CHONTABAMBA, DISTRITO DE CHONTABAMBA, PROVINCIA DE OXAPAMPA , REGION PASCO",Administración directa,En Ejecución,6/03/2012 00:00:00,2444096.48,CHONTABAMBA,OXAPAMPA,PASCO
44512,2118605,101783,"CONSTRUCCION E IMPLEMENTACIÓN DEL CETPRO PAUCARTAMBO, DISTRITO DE PAUCARTAMBO - PASCO - PASCO",Administración directa,Finalizado,1/08/2011 00:00:00,770743.12,PAUCARTAMBO,PASCO,PASCO
44511,2118607,98872,"CONSTRUCCION PUESTO DE SALUD DEL CENTRO POBLADO DE AUQUIMARCA, DISTRITO DE PAUCARTAMBO - PASCO - PASCO",Administración directa,En Ejecución,5/07/2011 00:00:00,387887.88,PAUCARTAMBO,PASCO,PASCO
44510,2115783,141439,REHABILITACION DE LA CARRETERA HUANCA-NUEVA AURORA DEL DISTRITO DE TICLACAYAN PROVINCIA DE PASCO-PASCO,Administración directa,En Ejecución,4/01/2012 00:00:00,390953.09,TICLACAYAN,PASCO,PASCO
44509,2135132,162097,"CONSTRUCCION DEFENSA RIBEREÑA DEL RIO CHAUPIHUARANGA MARGEN IZQUIERDO EN LA COMUNIDAD DE TAMBOCHACA, DISTRITO DE YANAHUANCA, PROVINCIA DANIEL CARRION",Administración directa,En Ejecución,14/05/2013 00:00:00,383905.26,YANAHUANCA,DANIEL ALCIDES CARRION,PASCO
44506,2164526,235286,"MEJORAMIENTO DEL PUENTE YESU, DISTRITO DE VILLA RICA, PROVINCIA DE OXAPAMPA, DEPARTAMENTO DE PASCO",Administración directa,En Ejecución,2/05/2013 00:00:00,440829.34,VILLA RICA,OXAPAMPA,PASCO
44492,2141179,175646,"MEJORAMIENTO DE LA INFRAESTRUCTURA VIAL EN LA CALLE JUAN CRESTO, CENTRO POBLADO DE SAN MIGUEL DE ENEÑAS, DISTRITO DE VILLA RICA, PROVINCIA DE OXAPAMPA - PASCO",Contrata,Finalizado,1/12/2015 00:00:00,1002444.56,VILLA RICA,OXAPAMPA,PASCO
44477,2205523,214992,"CREACION DE LA TROCHA CARROZABLE AHUASCANCHA - CHALLUASH C.P. DE LA VICTORIA, DISTRITO DE PAUCARTAMBO - PASCO - PASCO",Contrata,Finalizado,4/12/2015 00:00:00,1274646.29,PAUCARTAMBO,PASCO,PASCO
44419,2266416,317909,"CREACION DEL ESPACIO DEPORTIVO EN EL PUEBLO SAN PEDRO DE PILLAO, DISTRITO DE SAN PEDRO DE PILLAO, PROVINCIA DE DANIEL ALCIDES CARRION - PASCO",Contrata,Finalizado,18/09/2015 00:00:00,638219.32,SAN PEDRO DE PILLAO,DANIEL ALCIDES CARRION,PASCO
44355,2289359,330959,"REHABILITACION DEL SERVICIO EDUCATIVO DE LA INSTITUCION EDUCATIVA INICIAL SAN MIGUEL DE NUEVO ORIENTE DEL, DISTRITO DE PALLANCHACRA - PASCO - PASCO",Contrata,Finalizado,3/12/2015 00:00:00,58737.91,PALLANCHACRA,PASCO,PASCO
44159,2265338,317475,"MEJORAMIENTO DE CAPACIDADES SOCIOCULTURALES Y ECONÓMICAS EN HUAYLLAY, DISTRITO DE HUAYLLAY - PASCO - PASCO (PRIMERA ETAPA)",Administración directa,Finalizado,21/08/2015 00:00:00,390254,HUAYLLAY,PASCO,PASCO
44122,2165417,2165417,"INSTALACIÓN DEL SISTEMA DE AGUA PARA RIEGO EN LOS SECTORES DE OCSHAHUAY, CHICCHIPUNTA, CARRETERA DIVISORIA, GANAMANAY, MASHANPAMPA, SILLAPATA, CUMBRE PUCARA, ANCAHUACHANAN POTRERO Y APASH DISTRITO DE PAUCARTAMBO, PROVINCIA Y REGIÓN PASCO",Contrata,Sin Ejecución,"","",PAUCARTAMBO,PASCO,PASCO
44108,2185173,270735,"MEJORAMIENTO Y RECUPERACIÓN DEL SERVICIO DE LAS CAPACIDADES PRODUCTIVAS DE LOS PRODUCTORES CAFETALEROS AFECTADOS POR FENÓMENOS BIÓTICOS ADVERSOS ROYA AMARILLA DEL CAFETO, PROVINCIA DE OXAPAMPA-REGIÓN PASCO",Administración directa,Finalizado,15/01/2014 00:00:00,8361734,OXAPAMPA,OXAPAMPA,PASCO
43860,0,0,"Construcción del Camino Vecinal Bello Horizonte ¿ Quebrada Encanto (43+000 Km), Distrito Puerto Bermúdez, Provincia Oxapampa, Región Pasco",Contrata,Sin Ejecución,"","",OXAPAMPA,OXAPAMPA,PASCO
43779,2245476,297681,"MEJORAMIENTO DE LA GESTION INTEGRAL DE LOS RESIDUOS SOLIDOS DE YARUSYACAN, DISTRITO DE SAN FRANCISCO DE ASIS DE YARUSYACAN - PASCO - PASCO",Contrata,Sin Ejecución,"","",SAN FRANCISCO DE ASIS DE YARUSYACAN,PASCO,PASCO
43708,2197788,268520,"INSTALACIÓN DEL SISTEMA DE AGUA POTABLE Y LETRINAS EN EL CASERÍO SEÑOR DE LOS MILAGROS DE YACUCANCHA, DISTRITO DE YANACANCHA - PASCO - PASCO",Contrata,Finalizado,10/04/2018 00:00:00,255040.72,YANACANCHA,PASCO,PASCO
43703,2235772,264026,"MEJORAMIENTO DE LOS SERVICIOS EDUCATIVOS DE LA I.E.JOSE CARLOS MARIATEGUI DEL CENTRO POBLADO DE HUAYO,DISTRITO DE SANTA ANA DE TUSI,PROVINCIA DANIEL A CARRION,REGION PASCO",Contrata,Finalizado,13/01/2016 00:00:00,2335160.95,SANTA ANA DE TUSI,PASCO,PASCO
43702,2228780,224773,"EJECUCION DE OBRA CREACION DEL CAMINO VECINAL ENTRE PAUCAR, 20 DE MARZO Y PUAGHUANCA , DISTRITO DE PAUCAR - DANIEL ALCIDES CARRION - PASCO",Contrata,Finalizado,7/01/2016 00:00:00,9185480.07,PAUCAR,DANIEL ALCIDES CARRION,PASCO
43647,2103616,112961,"MEJORAMIENTO DEL SISTEMA DE AGUA Y CONSTRUCCIÓN DEL SISTEMA DE DESAGÜE EN EL CENTRO POBLADO DE TAMBOPAMPA DISTRITO DE YANAHUANCA, PROVINCIA DE DANIEL ALCIDES CARRION - PASCO",Administración directa,En Ejecución,13/01/2015 00:00:00,1580283.33,YANAHUANCA,DANIEL ALCIDES CARRION,PASCO
43642,2029683,3527,MEJORAMIENTO DE LA CARRETERA CARHUAMAYO - PAUCARTAMBO - EL MILAGRO - LLAUPI - OXAPAMPA TRAMO II KM 37 MAS 00 AL KM 45 MAS 300,Administración directa,En Ejecución,12/02/2012 00:00:00,122089137,OXAPAMPA,OXAPAMPA,PASCO
43635,2186651,261877,"MEJORAMIENTO DE LOS SISTEMAS DE BOMBEO Y REDES DE DESAGÜE DE LOS AA. HH. TECHO PROPIO Y LOS PRÓCERES, DISTRITO YANACANCHA, PROVINCIA PASCO, REGION PASCO",Administración directa,En Ejecución,9/12/2013 00:00:00,307040,YANACANCHA,PASCO,PASCO
43613,2160319,173538,PLAN DE CONTINGENCIA MEJORAMIENTO Y AMPLIACION DE LA CAPACIDAD RESOLUTIVA DE LOS SERVICIOS DE SALUD DEL HOSPITAL REGIONAL DANIEL A CARRION - DISTRITO DE YANACANCHA - PROVINCIA DE PASCO - REGION PASCO,Administración directa,En Ejecución,13/01/2014 00:00:00,4279407,YANACANCHA,PASCO,PASCO
43606,2117808,156769,"AMPLIACION DE INFRAESTRUCTURA Y MEJORA DE LA CAPACIDAD RESOLUTIVA DE LOS SERVICIOS DE SALUD DEL PUESTO DE SALUD DEL CENTRO POBLADO DE HUAYO, DISTRITO DE SANTA ANA DE TUSI - DANIEL ALCIDES CARRION - PASCO",Administración directa,En Ejecución,11/07/2013 00:00:00,757680,SANTA ANA DE TUSI,DANIEL ALCIDES CARRION,PASCO
43599,2162488,206773,MEJORAMIENTO DEL PUENTE CARROZABLE SAN JUAN EN LA CC.NN. CAHUAPANAS DEL DISTRITO DE PUERTO BERMUDEZ-OXAPAMPA-PASCO,Administración directa,En Ejecución,4/08/2013 00:00:00,633703,PUERTO BERMUDEZ,OXAPAMPA,PASCO
43548,0,0,"ejecución de la obra ""Construcción de letrinas y mejoramiento del sistema de abastecimiento de Agua en la Localidad de Salcipuedes, Distrito de Huancabamba-Provincia de Oxapampa- Pasco.",Contrata,Finalizado,19/10/2015 00:00:00,222098.16,HUANCABAMBA,OXAPAMPA,PASCO
43524,2160980,224469,"INSTALACION Y MEJORAMIENTO DE LOS SERVICIOS DE SANEAMIENTO BASICO EN LOS CENTROS POBLADOS DE SAN JUAN DE MILPO Y SAN RAMON DE YANAPAMPA, DISTRITO DE SAN FRANCISCO DE ASIS DE YARUSYACAN - PASCO - PASCO",Contrata,Finalizado,10/05/2016 00:00:00,5588485.69,SAN FRANCISCO DE ASIS DE YARUSYACAN,PASCO,PASCO
43448,2255646,314051,"INSTALACION DE UNA LOSA MULTIDEPORTIVA EN LA INSTITUCIN EDUCATIVA N 34104 DE CASACOTO, DISTRITO DE VICCO , PROVINCIA DE PASCO - PASCO",Administración directa,Finalizado,1/07/2015 00:00:00,120401.58,VICCO,PASCO,PASCO
43447,2256752,314045,"MEJORAMIENTO DEL CERCO PERIMETRICO DEL CEMENTERIO DEL CENTRO POBLADO DE SHELBY DISTRITO DE VICCO, PROVINCIA DE PASCO - PASCO",Administración directa,Finalizado,1/07/2015 00:00:00,316172.92,VICCO,PASCO,PASCO
43368,2250432,2250432,"INSTALACIÓN DEL SISTEMA ELÉCTRICO RURAL PARA EL VALLE DE NAZARATEGUI - I ETAPA DISTRITO DE PUERTO BERMÚDEZ, PROVINCIA DE OXAPAMPA, REGIÓN PASCO",Contrata,En Ejecución,22/09/2016 00:00:00,3689454.64,OXAPAMPA,OXAPAMPA,PASCO
43311,2200959,198268,"""INSTALACION DE LA DEFENSA RIBEREÑA EN EL RIO PAUCARTAMBO CENTRO POBLADO HUALLAMAYO, DISTRITO DE PAUCARTAMBO - PASCO - PASCO"" SEGUNDA ETAPA: COMPONENTE A: TRAMO I: CONSTRUCCION DE MURO DE CONCRETO CICLOPEO - ETAPA (230.00 ML.) 2015",Administración directa,Finalizado,4/09/2015 00:00:00,401220.85,PAUCARTAMBO,PASCO,PASCO
43296,0,0,"""MANTENIMIENTO DE LOS RIOS EN EL DISTRITO DE PAUCARTAMBO, PROVINCIA DE PASCO"" COMPONENTE 01 ""ENCAUSAMIENTO Y DESCOLMATACION DEL RIO PAUCARTAMBO, TRAMO: (I.E. AGROINDUSTRIAL - INTERSECCION CON RIO CHUPACA) Y EL RIO CHUPACA TRAMO (SEDE UNIVERSIDAD UNDAC - INTERSECCION CON RIO PAUCARTAMBO), EN LA LOCALIDAD DE PAUCARTAMBO",Administración directa,Finalizado,1/10/2015 00:00:00,249489.61,PAUCARTAMBO,PASCO,PASCO
43112,2234723,253160,"Contratación de Consultoría de Obras para la Elaboración del Expediente Técnico del Proyecto: ¿MEJORAMIENTO DE LOS SERVICIOS EDUCATIVOS PARA EL APRENDIZAJE DE LOS ALUMNOS DEL NIVEL PRIMARIO EN LA RED EDUCATIVA AVANZADAS JUNTOS DEL DISTRITO DE YANAHUANCA ,PROVINCIA DANIEL CARRION, REGION PÀSCO¿",Contrata,Sin Ejecución,"","",YANAHUANCA,DANIEL ALCIDES CARRION,PASCO
43104,2090532,72068,MODIFICACIÓN EN FASE DE INVERSIÓN DEL PROYECTO AMPLIACIÓN Y MEJORAMIENTO DE LA CAPACIDAD OPERATIVA Y RESOLUTIVA DE LA DIRECCIÓN REGIONAL DE SALUD PASCO (DIRESA),Contrata,Finalizado,7/08/2013 00:00:00,783367.71,,PASCO,PASCO
43098,2163533,227842,"MEJORAMIENTO DEL CAMINO VECINAL DE CRUCE TAMBILLO- SAN MATEO,CENTRO POBLADO DE HUALLAMAYO, DISTRITO DE PAUCARTAMBO - PASCO - PASCO",Contrata,Finalizado,31/10/2015 00:00:00,427782.49,PAUCARTAMBO,PASCO,PASCO
43000,2179840,260700,"CREACION DE PISTAS Y VEREDAS EN LA CALLE LOS LAURELES EN EL BARRIO ABAJO, DISTRITO DE PAUCARTAMBO - PASCO - PASCO",Contrata,Finalizado,7/11/2015 00:00:00,340915.66,PAUCARTAMBO,PASCO,PASCO
42994,2228135,214563,"Contratación de Consultoría para la Elaboración de Expediente Técnico del Proyecto: ¿CONSTRUCCION DEL PUENTE SAN PABLO Y ACCESOS DEL DISTRITO DE PUERTO BERMUDEZ PROVINCIA DE OXAPAMPA,REGION PASCO¿",Contrata,Sin Ejecución,"","",PUERTO BERMUDEZ,OXAPAMPA,PASCO
42992,2173289,250722,"contratacion de consultoria para la elaboracion de expediente tecnico del proyecto INSTALACION DE LA PLANTA DE TRATAMIENTO DE AGUAS RESIDUALES PUCAYACU PARA EL AA.HH. HAYA DE LA TORRE, TECHO PROPIO, COLUMNA PASCO, ASOCIACIONES DE VIVIENDA LOS JARDINES DE PUCAYACU Y LOS PROCERES, DISTRITO DE YANACANCHA, PROVINCIA PASCO Y REGION PASCO",Contrata,Sin Ejecución,"","",YANACANCHA,PASCO,PASCO
42991,2234619,238195,CONTARTACION DE CONSULTORIA PARA LA ELABORACION DE EXPEDIENTE TECNICO DEL PROYECTO MEJORAMIENTO DEL CIRCUITO VIAL DE CHONTABAMBA - DISTRITO DE CHONTABAMBA - OXAPAMPA - PASCO,Contrata,Sin Ejecución,"","",CHONTABAMBA,OXAPAMPA,PASCO
42957,2154292,197558,"Contratación de Consultoría para la Elaboración de Expediente Técnico del Proyecto: ¿INSTALACION DE SISTEMAS DE AGUA POTABLE Y ALCANTARILLADO DE LA CC.NN. DE NUEVO ANTONIO, ALTO LORENCILLO Y NUEVO PORVENIR,DISTRITO DE CONSTITUCION ¿ OXAPAMPA- PASCO¿",Contrata,Sin Ejecución,"","",CONSTITUCION,OXAPAMPA,PASCO
42864,2134397,179085,"CONSTRUCCION Y PAVIMENTACION DE LAS PRINCIPALES CALLES DEL CENTRO POBLADO CHINCHAN - DISTRITO DE HUARIACA, PROVINCIA DE PASCO - PASCO",Contrata,Finalizado,30/12/2015 00:00:00,1491980.79,HUARIACA,PASCO,PASCO
42848,2227865,179032,CONSTRUCCIÓN DE LA TROCHA CARROZABLE ASTOBAMBA CHARQUICANCHA DISTRITO DE YANAHUANCA - DANIEL CARRION - PASCO (L=9+087.97 KM),Contrata,Finalizado,1/12/2013 00:00:00,4362267,YANAHUANCA,PASCO,PASCO
42725,2244781,294985,"MEJORAMIENTO DE LOS ACCESOS PUBLICOS A LAS INSTITUCIONES PÚBLICAS: INSTITUTO VIAL PROV. DANIEL CARRION Y DIRECCION REGIONAL DE AGRICULTURA PASCO , EN EL DISTRITO DE YANAHUANCA, PROVINCIA DE DANIEL ALCIDES CARRION - PASCO",Administración directa,Finalizado,1/07/2015 00:00:00,96188.27,YANAHUANCA,DANIEL ALCIDES CARRION,PASCO
42658,2281473,324573,"MEJORAMIENTO, AMPLIACION DEL SISTEMA DE ALCANTARILLADO DEL BARRIO LA CURVA, DISTRITO DE PALLANCHACRA - PASCO - PASCO",Contrata,Finalizado,1/03/2016 00:00:00,555452.11,PALLANCHACRA,PASCO,PASCO
42533,2137812,179077,"CONSTRUCCION DE PISTAS Y VEREDAS EN EL JR. 28 DE JULIO, JR. EDUCACION Y JR. MIRAFLORES DE LA LOCALIDAD DE CHINCHE YANAHUANCA, DISTRITO DE YANAHUANCA, PROVINCIA DE DANIEL ALCIDES CARRION - PASCO",Contrata,Finalizado,23/11/2015 00:00:00,1131396.59,YANAHUANCA,DANIEL ALCIDES CARRION,PASCO
42531,2208067,204353,"INSTALACION DE LOSA MULTIDEPORTIVA EN LA LOCALIDAD DE UCHUMARCA, DISTRITO DE YANAHUANCA, PROVINCIA DE DANIEL ALCIDES CARRION - PASCO",Contrata,Finalizado,5/10/2015 00:00:00,153184.45,YANAHUANCA,DANIEL ALCIDES CARRION,PASCO
42418,2245630,298256,"MEJORAMIENTO DE LA TROCHA CARROZABLE DE CHIMENEA A NUEVO AMANECER- MANICOTAN DEL C.P. DE SANTA ISABEL, DISTRITO DE PAUCARTAMBO - PASCO - PASCO",Contrata,Finalizado,19/10/2015 00:00:00,436050.50,PAUCARTAMBO,PASCO,PASCO
42282,2030182,2936,MEJORAMIENTO Y AMPLIACIÓN DE LOS SISTEMAS DE ABASTECIMIENTO DE AGUA POTABLE Y ALCANTARILLADO DE OXAPAMPA - OXAPAMPA,Administración directa,Finalizado,21/12/2006 00:00:00,1158365.22,OXAPAMPA,OXAPAMPA,PASCO
42232,2280794,324259,"MEJORAMIENTO DE LOS SERVICIOS Y CAPACIDAD OPERATIVA DE LA HMPP, DISTRITO DE CHAUPIMARCA - PROVINCIA DE PASCO - PASCO. COMPONENTE: MEJORAMIENTO DE LA INFRAESTRUCTURA MUNICIPAL",Contrata,Finalizado,12/10/2015 00:00:00,701383.27,CHAUPIMARCA,PASCO,PASCO
42231,2193241,275267,MEJORAMIENTO DEL SERVICIO ACADÉMICO E INVESTIGACIÓN EN LA FACULTAD DE CIENCIAS DE LA SALUD DE LA UNIVERSIDAD NACIONAL DANIEL ALCIDES CARRION - DISTRITO YANACANCHA - PROVINCIA PASCO - DEPARTAMENTO - PASCO,Contrata,Finalizado,13/01/2018 00:00:00,7626159.50,YANACANCHA,DANIEL ALCIDES CARRION,PASCO
42228,2223712,231405,"MEJORAMIENTO DE PISTAS, VEREDAS Y TRATAMIENTO PAISAJISTICO EN LOS PASAJES C,D,E,F,G,H,I,J,K,L,M,N,O,P,Q, CALLES 2,3,4,5,6,7,8 DEL AA.HH. NORUEGA ALTA Y BAJA - DISTRITO DE CHAUPIMARCA, PROVINCIA DE PASCO - PASCO PRIMERA ETAPA: MEJORAMIENTO DE PISTAS Y VEREDAS EN EL PASAJE J, Y CALLE 5 DEL AA.HH. NORUEGA ALTA Y BAJA ¿ DISTRITO DE CHAUPIMARCA, PROVINCIA DE PASCO ¿ PASCO",Contrata,Finalizado,21/10/2015 00:00:00,373858.59,CHAUPIMARCA,PASCO,PASCO
42225,0,0,MANTENIMIENTO DE LA INFRAESTRUCTURA PÚBLICA. COMPONENTE: PUESTA EN OPERATIVIDAD DE INFRAESTRUCTURA DE LA COMISARIA DE CHAUPIMARCA DEL DISTRITO DE CHAUPIMARCA - PASCO - PASCO,Contrata,Finalizado,20/10/2015 00:00:00,161579.27,CHAUPIMARCA,PASCO,PASCO
42214,2164431,208239,"MEJORAMIENTO DE LA OFERTA DE LOS SERVICIOS EDUCATIVOS DE LA I.E.I. N 34031 13 DE AGOSTO DEL NIVEL INICIAL, PRIMARIA Y SECUNDARIA DE QUIULACOCHA, DISTRITO DE SIMON BOLIVAR, PROVINCIA DE PASCO - PASCO COMPONENTE: CONSTRUCCIÓN DE AULA DEL JARDÍN, CERCO PERIMÉTRICO, MINI LOSA DEPORTIVA PARA EDUCACIÓN INICIAL, LOSA DEPORTIVA Y TRIBUNAS, REPOSICION DE LOSA MULTI DEPORTIVA, REFACCIÓN DE LABORATORIO, CERCO PERIMÉTRICO",Contrata,Finalizado,9/01/2016 00:00:00,1085615.14,SIMON BOLIVAR,PASCO,PASCO
42182,0,0,"MEJORAMIENTO DEL CAMINO VECINAL PUENTE SUAREZ-CHURUMAZÚ, DISTRITO DE CHONTABAMBA, PROVINCIA DE OXAPAMPA, DEPARTAMENTO DE PASCO",Administración directa,Finalizado,22/05/2015 00:00:00,16336.68,CHONTABAMBA,OXAPAMPA,PASCO
42177,0,0,"MEJORAMIENTO DEL CAMINO VECINAL PUENTE VILLAR-AGUA AZUL, DISTRITO DE CHONTABAMBA, PROVINCIA DE OXAPAMPA, DEPARTAMENTO DE PASCO",Administración directa,Finalizado,6/05/2015 00:00:00,15363.74,CHONTABAMBA,OXAPAMPA,PASCO
42175,0,0,"CONSTRUCCIÓN DE LOS SISTEMAS DE AGUA Y DISPOSICIÓN FINAL DE EXCRETAS, EN EL SECTOR DE MACHICURA, ANEXO PUSAPNO, DEL DISTRITO DE CHONTABAMBA, PROVINCIA DE OXAPAMPA, PASCO",Administración directa,Finalizado,1/07/2015 00:00:00,380835.13,CHONTABAMBA,OXAPAMPA,PASCO
41912,2243569,289782,"CONSTRUCCION DE PISTAS Y VEREDAS DEL JR. AYACUCHO Y LA CALLE LIMA EN EL C.P. DE BELLAVISTA, DISTRITO DE PAUCARTAMBO - PASCO - PASCO",Contrata,Finalizado,14/08/2015 00:00:00,723552,PAUCARTAMBO,PASCO,PASCO
41909,2234342,256076,CONTRATACION DE ELABORACION DE EXPEDIENTE TECNICO DE LA CARRETERA DEPARTAMENTAL EMP. PE 18 (DV UCHUMARCA) GOLAC MAJADA - POCCO - UCHUMARCA - GORINA ALTA - HUANGUR - YURAC HUANCA - QUIULACOCHA - CERRO DE PASCO EMP. PE - 3N (DV CERRO DE PASCO) PROVINCIA DANIEL CARRION ¿ PASCO,Contrata,Sin Ejecución,"","",,PASCO,PASCO
41777,2160319,173538,MEJORAMIENTO Y AMPLIACION DE LA CAPACIDAD RESOLUTIVA DE LOS SERVICIOS DE SALUD DEL HOSPITAL REGIONAL DANIEL A CARRION - DISTRITO DE YANACANCHA - PROVINCIA DE PASCO - REGION PASCO,Contrata,Finalizado,5/12/2015 00:00:00,210062445.30,YANACANCHA,PASCO,PASCO
41774,2212080,191099,"MEJORAMIENTO DE LAS CALLES,PAUCARTAMBO,PROGRESO,SANTA ROSA,SANTOS CHOCANO,SAN PEDRO,JORGE CHAVEZ,DANIEL A.CARRION,DAVID ARIAS,LOS PINOS DEL CENTRO POBLADO DE AUQUIMARCA PAUCARTAMBO, DISTRITO DE PAUCARTAMBO - PASCO - PASCO",Contrata,Finalizado,16/11/2015 00:00:00,2621493.73,PAUCARTAMBO,PASCO,PASCO
41745,2203877,193250,"AMPLIACION DE PISTAS Y CUNETAS DE LAS CALLES REAL DE MINAS, HUARICAPCHA, VILLA MINERA, JAVIER RAMOS, SIMON BOLIVAR, LOS LIBERTADORES, MICAELA BASTIDAS, BOLIVAR Y EL MINERO DEL AA.HH. 27 DE NOVIEMBRE, DISTRITO DE YANACANCHA - PASCO - PASCO",Contrata,Finalizado,14/11/2015 00:00:00,2874202.65,YANACANCHA,PASCO,PASCO
41583,0,0,"EJECUCION DE OBRA CONSTRUCCION DE LETRAINAS Y MEJORAMIENTO DEL SISTEMA DE AGUA POTABLE DE LA LOCALIDAD DE PALMAZÚ, DISTRITO DE HUANCABAMBA-PROVINCIA DE OXAPAMPA-REGION PASCO¿.",Contrata,Finalizado,21/09/2015 00:00:00,167434.67,HUANCABAMBA,OXAPAMPA,PASCO
41427,2237855,265918,"MEJORAMIENTO DE LA CARRETERA LUCMAPAMPA - SAN PEDRO DE PILLAO, DISTRITO DE SAN PEDRO DE PILLAO - PROVINCIA DANIEL CARRION - PASCO",Contrata,Finalizado,20/11/2015 00:00:00,13788712.06,SAN PEDRO DE PILLAO,PASCO,PASCO
41377,2201955,268615,"CONSTRUCCION TROCHA CARROZABLE CUTUCHACA - AUQUIWILCA, C.P. DE SAN FRANCISCO, DISTRITO DE PAUCARTAMBO - PASCO - PASCO",Contrata,Finalizado,19/10/2015 00:00:00,1138124.39,PAUCARTAMBO,PASCO,PASCO
41351,2282610,322889,"MEJORAMIENTO DE LA AV. GRAU ENTRE EL TRAMO PASAJE 7 E INTERCAMBIO VIAL - PARQUE ANDRES URBINA ACEVEDO Y CONSTRUCCION DE VEREDAS Y ESCALINATAS AL CONTORNO ESTE DEL AA.HH. ARTURO ROBLES MORALES, DISTRITO DE YANACANCHA - PASCO - PASCO",Contrata,Finalizado,20/09/2016 00:00:00,601461.61,YANACANCHA,PASCO,PASCO
41210,2250958,288837,INSTALACION DE SERVICIOS BASICOS Y URBANISTICOS DE LA UNIVERSIDAD NACIONAL DANIEL ALCIDES CARRION - PUCAYACU - REGION PASCO,Contrata,Finalizado,23/12/2019 00:00:00,11371118.82,,DANIEL ALCIDES CARRION,PASCO
41156,2123677,134793,"CONSTRUCCION PISTAS Y VEREDAS EN LA CALLE SIMON BOLIVAR CUADRAS 1-4 DEL CENTRO POBLADO DE SHELBY, DISTRITO DE VICCO - PASCO - PASCO",Contrata,Finalizado,25/09/2015 00:00:00,1199985.49,VICCO,PASCO,PASCO
41118,2217918,232833,"CONSTRUCCION DE TROCHA CARROZABLE TRAMO I CHACLACUCHO - ALLALLAN, TRAMO II MATARALOMA - SANYAGUCHAN DE LA LOCALIDAD DE PAUCARTAMBO, DISTRITO DE PAUCARTAMBO - PASCO - PASCO",Contrata,Finalizado,10/10/2015 00:00:00,2206867.14,PAUCARTAMBO,PASCO,PASCO
41115,2202306,282243,"CREACION DE TROCHA CARROZABLE MARAPATA - MALLAN DEL CENTRO POBLADO DE SANTA ISABEL, DISTRITO DE PAUCARTAMBO - PASCO - PASCO",Contrata,Finalizado,10/10/2015 00:00:00,2057983.60,PAUCARTAMBO,PASCO,PASCO
41105,2192390,190995,"MEJORAMIENTO DE LA CALIDAD EDUCATIVA DE LA E.F.P. DE INGENIERIA CIVIL DE LA UNDAC, DISTRITO DE YANACANCHA, PROVINCIA Y DEPARTAMENTO DE PASCO",Contrata,Finalizado,8/08/2017 00:00:00,11621259.12,YANACANCHA,PASCO,PASCO
41085,2191049,261282,"INSTALACION DEL SERVICIO DE PROTECCION CONTRA INUNDACION EN LA MARGEN IZQUIERDA Y DERECHA DEL RIO TINGO EN LA LOCALIDAD DE YANATAMBON, DISTRITO DE SAN FRANCISCO DE ASIS DE YARUSYACAN - PASCO - PASCO",Contrata,Finalizado,26/09/2015 00:00:00,1005905.62,SAN FRANCISCO DE ASIS DE YARUSYACAN,PASCO,PASCO
41084,2284974,327219,"CONSTRUCCION DE PISTAS Y VEREDAS EN LA CALLE 28 DE JULIO DEL ANEXO DE PACHACRAHUAY, DISTRITO DE SAN FRANCISCO DE ASIS DE YARUSYACAN - PASCO - PASC",Contrata,Finalizado,14/09/2015 00:00:00,460940.48,SAN FRANCISCO DE ASIS DE YARUSYACAN,PASCO,PASCO
41038,2179474,252396,"CONSTRUCCION DEL CAMINO VECINAL TRAMO NUEVO PORVENIR - RIO PICHIS, DISTRITO DE CONSTITUCION - OXAPAMPA - PASCO",Contrata,Finalizado,1/09/2016 00:00:00,404437.16,CONSTITUCION,OXAPAMPA,PASCO
41017,2121590,137943,"CONSTRUCCION DE REPRESA CHANCHOS, DISTRITO DE PAUCARTAMBO - PASCO - PASCO",Contrata,Paralizada,1/09/2020 00:00:00,21657573.30,PAUCARTAMBO,PASCO,PASCO
40894,2254979,313669,"CREACION DE ESCALINATAS, ACCESO A LA INSTITUCION EDUCATIVA JOSE MARIA ARGUEDAS DE LA LOCALIDAD DE ROCCO, DISTRITO DE YANAHUANCA, PROVINCIA DE DANIEL ALCIDES CARRION - PASCO",Administración directa,Finalizado,1/07/2015 00:00:00,265808.99,YANAHUANCA,DANIEL ALCIDES CARRION,PASCO
40883,2177055,236978,"AMPLIACION DE LA ELECTRIFICACION RURAL DE LA LOCALIDAD DE TRES AGUAS CENTRO - CHURUMAZU, DISTRITO DE OXAPAMPA, PROVINCIA DE OXAPAMPA - PASCO",Contrata,Finalizado,3/10/2015 00:00:00,201895.31,OXAPAMPA,OXAPAMPA,PASCO
40809,2125135,143615,"INSTALACION DEL SISTEMA DE ABASTECIMIENTO DE AGUA Y LETRINAS EN EL CENTRO POBLADO DE PEÑAFLOR, DISTRITO DE OXAPAMPA, PROVINCIA DE OXAPAMPA - PASCO",Contrata,Finalizado,18/04/2012 00:00:00,339337.80,OXAPAMPA,OXAPAMPA,PASCO
40803,2120251,141174,"CONSTRUCCION DE LOSA MULTIDEPORTIVA Y EQUIPAMIENTO PARA RECREACION INFANTIL EN LA INSTITUCION EDUCATIVA N 34314 DE LA LOCALIDAD DE CHACOS , DISTRITO DE OXAPAMPA, PROVINCIA DE OXAPAMPA - PASCO",Contrata,Finalizado,11/10/2012 00:00:00,149238.91,OXAPAMPA,OXAPAMPA,PASCO
40706,2265926,317615,"CREACION DE LOSA DE RECREACIÓN MULTIUSOS EN EL CENTRO POBLADO SAN JUAN DE CACAZU, DISTRITO DE VILLA RICA - OXAPAMPA - PASCO",Contrata,Finalizado,12/11/2015 00:00:00,372291.26,VILLA RICA,OXAPAMPA,PASCO
40703,2265896,317591,"CREACION DE LOSA DE RECREACIÓN MULTIUSOS EN EL CENTRO POBLADO SAN MIGUEL DE ENEÑAS, DISTRITO DE VILLA RICA - OXAPAMPA - PASCO",Contrata,Finalizado,2/12/2015 00:00:00,825526.26,VILLA RICA,OXAPAMPA,PASCO
40657,2167636,236811,"MEJORAMIENTO DEL SERVICIO POLICIAL EN EL MARCO DE IMPLEMENTACION DEL NUEVO CODIGO PROCESAL PENAL DE LAS COMISARIAS DE YANACANCHA Y YANACANCHA MUJERES DE LA REGION POLICIAL PASCO - ""COMISARIA PNP YANACANCHA""",Contrata,Finalizado,26/09/2015 00:00:00,639692.70,YANACANCHA,PASCO,PASCO
40642,2157466,189992,"CREACIÓN DE TROCHA CARROZABLE CHINCHE TINGO-LA PUNTA-TAQUIAMBRA-RANRACANCHA,LA PUNTA-TINGO ALTA-LA PUNTA-SHINCA,TAQUIAMBRA-JUPAYCOCHA-CHACRACOCHA,TAQUIAMBRA-CHONTA,DISTRITO DE YANAHUANCA,PROVINCIA DE DANIEL ALCIDES CARRION-PASCO.",Contrata,Finalizado,18/11/2013 00:00:00,8856363.91,YANAHUANCA,DANIEL ALCIDES CARRION,PASCO
40553,0,0,ADICIONAL DE LA OBRA DE MEJORAMIENTO DE LA TROCHA CARROZABLE EL MILAGRO EN EL TRAMO CARRETERA FERNANDO BELAUNDE DE 07+665 KM CC.NN. EL MILAGRO- DISTRITO DE PUERTO BERMÚDEZ- OXAPAMPA- PASCO,Administración directa,Finalizado,6/02/2015 00:00:00,212132.78,OXAPAMPA,OXAPAMPA,PASCO
40548,0,0,REFACCIÓN DEL ARCHIVO CENTRAL DE LA MUNICIPALIDAD DISTRITAL DE PUERTO BERMÚDEZ,Administración directa,Finalizado,8/07/2015 00:00:00,109810.92,,,PASCO
40530,2176492,250091,"MEJORAMIENTO Y REHABILITACIÓN DEL CAMINO VECINAL USPACHACA CHAUPIMARCA, DISTRITO DE TAPUC - DANIEL ALCIDES CARRION - PASCO",Contrata,Finalizado,24/09/2014 00:00:00,2507963,TAPUC,DANIEL ALCIDES CARRION,PASCO
40450,2278509,323255,"MEJORAMIENTO Y AMPLIACION DEL SISTEMA DE TRATAMIENTO DE AGUAS RESIDUALES DE LA LOCALIDAD DE PRUSIA, DISTRITO DE POZUZO - OXAPAMPA - PASCO",Administración directa,Finalizado,4/08/2015 00:00:00,104068.58,POZUZO,OXAPAMPA,PASCO
40449,2201894,304726,"CREACION DEL PUENTE COLGANTE PEATONAL EN LA LOCALIDAD DE SAN JOSE - SAN MIGUEL, DISTRITO DE POZUZO - OXAPAMPA - PASCO",Administración directa,Finalizado,8/10/2015 00:00:00,140500,POZUZO,OXAPAMPA,PASCO
40448,2217372,244024,"AMPLIACION Y MEJORAMIENTO DEL CEMENTERIO GENERAL DE LA LOCALIDAD DE POZUZO, DISTRITO DE POZUZO - OXAPAMPA - PASCO - I ETAPA",Administración directa,Finalizado,15/06/2015 00:00:00,999049.89,POZUZO,OXAPAMPA,PASCO
40447,2244704,294662,"INSTALACION DEL SERVICIO DE PROTECCION CONTRA INUNDACIONES EN LA QUEBRADA KROLL, LA COLONIA SUR, DISTRITO DE POZUZO - OXAPAMPA - PASCO - II ETAPA",Administración directa,Finalizado,18/02/2015 00:00:00,310223.93,POZUZO,OXAPAMPA,PASCO
40445,2194483,274645,"NSTALACION DEL SERVICIO DE PROTECCION CONTRA INUNDACIONES EN LAS CALLES PEDRO KOHLE, ALFREDO WITTING Y 1RO. DE NOVIEMBRE EN EL SECTOR MONTEFUNER, DISTRITO DE POZUZO - OXAPAMPA - PASCO- II ETAPA",Administración directa,Finalizado,18/02/2015 00:00:00,241070.46,POZUZO,OXAPAMPA,PASCO
40069,2242994,287813,"CONSTRUCCION DE DOS PUENTES PEATONALES EN EL ANEXO LOS ÁNGELES DEL CENTRO POBLADO DE ACOPALCA, DISTRITO DE PAUCARTAMBO - PASCO - PASCO",Contrata,Finalizado,15/09/2015 00:00:00,206782.51,PAUCARTAMBO,PASCO,PASCO
40015,2204254,184082,"""AMPLIACIÓN Y MEJORAMIENTO DEL ESTADIO MUNICIPAL DE YANAHUANCA,PROVINCIA DE DANIEL ALCIDES CARRION-PASCO""",Contrata,Finalizado,21/03/2014 00:00:00,11921473.70,YANAHUANCA,DANIEL ALCIDES CARRION,PASCO
39987,2246999,303214,"CREACION DE MURO DE CONTENCION EN EL MARGEN IZQUIERDO EN LA ALTURA DEL PORTICO DE INGRESO A YARUSYACAN ANEXO DE BATANCHACA, DISTRITO DE SAN FRANCISCO DE ASIS DE YARUSYACAN - PASCO - PASCO",Contrata,Sin Ejecución,"",732809.48,SAN FRANCISCO DE ASIS DE YARUSYACAN,PASCO,PASCO
39950,2162526,220786,AMPLIACION Y MEJORAMIENTO DE LA INFRAESTRUCTURA DE LA I.E. PRIMARIA DE MENORES N° 34013 NUESTRA SEÑORA DE LAS MERCEDES LOCAL N° 02 EN LA LOCALIDAD DE HUAYLLAY DISTRITO DE HUAYLLAY PASCO - PASCO.,Contrata,Finalizado,11/11/2013 00:00:00,3041750.79,HUAYLLAY,PASCO,PASCO
39875,2202028,292773,"MEJORAMIENTO DEL PATIO DE HONOR, SS.HH. Y EQUIPAMIENTO PARA EL TALLER DE MUSICA DE LA I.E. C.N JOSE CARLOS MARIATEGUI EN EL CENTRO POBLADO DE COLQUIJIRCA, DISTRITO DE TINYAHUARCO - PASCO - PASCO",Contrata,Finalizado,14/10/2015 00:00:00,459034.16,TINYAHUARCO,PASCO,PASCO
39798,0,0,"MEJORAMIENTO DE URGENCIA DE LAS CALLES DE PUERTO BERMÚDEZ, DISTRITO DE PUERTO BERMÚDEZ- OXAPAMPA- PASCO",Administración directa,Finalizado,23/02/2015 00:00:00,9597804,OXAPAMPA,OXAPAMPA,PASCO
39634,2273602,320437,"CREACION DE LOS SERVICIOS HIGIÉNICOS EN EL PARQUE DEL CAPITAL DEL, DISTRITO DE SANTA ANA DE TUSI - DANIEL ALCIDES CARRION - PASCO",Administración directa,En Ejecución,10/06/2015 00:00:00,344966.69,SANTA ANA DE TUSI,DANIEL ALCIDES CARRION,PASCO
39577,2165208,163001,"REHABILITACION Y MEJORAMIENTO DEL CAMINO RURAL EMP.PE-5NA SANTA CLARA - ALTO SANTA CLARA, DISTRITO DE OXAPAMPA, PROVINCIA DE OXAPAMPA - PASCO",Administración directa,Finalizado,21/05/2015 00:00:00,387016.64,OXAPAMPA,OXAPAMPA,PASCO
39497,2277783,322739,"CREACION DE ESPACIOS DEPORTIVOS EN EL CENTRO POBLADO DE MISHARAN, DISTRITO DE SAN FRANCISCO DE ASIS DE YARUSYACAN - PASCO - PASCO",Contrata,Finalizado,11/11/2015 00:00:00,1395203.62,SAN FRANCISCO DE ASIS DE YARUSYACAN,PASCO,PASCO
39493,2220563,215988,"INSTALACIÓN DEL CAMPO DEPORTIVO RECREACIONAL EN EL JR. HUANCAYO DE LA ZONA URBANA - DISTRITO DE SAN FRANCISCO DE ASIS DE YARUSYACAN, PROVINCIA DE PASCO - PASCO",Contrata,Sin Ejecución,"","",SAN FRANCISCO DE ASIS DE YARUSYACAN,PASCO,PASCO
39473,2281474,324574,"INSTALACION DE LOS SS.HH. DE LA LOCALIDAD DE PALLANCHACRA, DISTRITO DE PALLANCHACRA - PASCO - PASCO",Contrata,Finalizado,24/08/2015 00:00:00,94226.19,PALLANCHACRA,PASCO,PASCO
39457,2246631,301870,"MEJORAMIENTO DE LOS PRINCIPALES JIRONES DEL SECTOR SAN CARLOS, DISTRITO DE CHONTABAMBA - OXAPAMPA - PASCO",Contrata,Finalizado,26/10/2020 00:00:00,3753370,CHONTABAMBA,OXAPAMPA,PASCO
39369,2179431,249972,"CONSTRUCCION DE UN PUENTE CARROZABLE EN EL ANEXO COCHAMBRA , DISTRITO DE PAUCARTAMBO - PASCO - PASCO",Administración directa,Finalizado,5/08/2015 00:00:00,306916,PAUCARTAMBO,PASCO,PASCO
39332,2278338,323170,creacion del servicio de transitabilidad en la localidad de salcachupan - pallanchacra - pasco -pasco,Contrata,Finalizado,18/08/2015 00:00:00,531072.53,PALLANCHACRA,PASCO,PASCO
39331,2137703,179030,"CONSTRUCCION DE PISTAS Y VEREDAS DE LA AV. INDUSTRIAL EN LA COMUNIDAD CAMPESINA DE VILLA DE PASCO, DISTRITO DE TINYAHUARCO - PASCO - PASCO",Contrata,Finalizado,15/08/2015 00:00:00,1047779.16,TINYAHUARCO,PASCO,PASCO
39315,2255327,272749,"AMPLIACION Y MEJORAMIENTO DEL SISTEMA DE AGUA POTABLE, ALCANTARILLADO Y TRATAMIENTO DE AGUAS RESIDUALES EN EL CENTRO POBLADO SAN AGUSTIN DE HUAYCHAO, DISTRITO DE HUAYLLAY - PASCO - PASCO",Obras por impuestos,Finalizado,1/06/2016 00:00:00,8330962.39,HUAYLLAY,PASCO,PASCO
39271,0,0,CONSTRUCCIÓN DEL PUENTE CARROZABLE RIO ANTARACCRA CAMINO A CHACACANCHA DISTRITO DE NINACAC PROVINCIA DE PASCO Y DEPARTAMENTO PASCO,Administración directa,Finalizado,24/07/2015 00:00:00,123468.18,,PASCO,PASCO
39039,0,0,MEJORAMIENTO Y MANTENIMIENTO DE LA INFRAESTRUCTURA DE SISTEMA DE RECEPCION Y TRANSMISION DE SEÑAL DE RADIO Y TELEVISION DE LA MUNICIPALIDAD DISTRITAL DE GOYLLARISQUIZGA - DANIEL ALCIDES CARRION - PASCO,Contrata,Finalizado,10/08/2015 00:00:00,149080.32,GOYLLARISQUIZGA,DANIEL ALCIDES CARRION,PASCO
38955,2234723,2234723,MEJORAMIENTO DEL SERVICIO EDUCATIVO EN EL COLEGIO NACIONAL AGROPECUARIO INTEGRADO N 53 SAN FRANCISCO DE ASIS DEL DISTRITO DE OXAPAMPA - OXAPAMPA - PASCO,Contrata,En Ejecución,21/10/2020 00:00:00,17603116.87,OXAPAMPA,OXAPAMPA,PASCO
38951,2242034,283940,"MEJORAMIENTO INTEGRAL Y AMPLIACIÓN DEL SISTEMA DE SANEAMIENTO BÁSICO DEL CENTRO POBLADO DE HUACHON, DISTRITO DE HUACHON - PASCO - PASCO",Contrata,Sin Ejecución,"",3931806.31,HUACHON,PASCO,PASCO
38883,2191359,265255,"MEJORAMIENTO DE LA TRANSITABILIDAD VEHICULAR Y PEATONAL EN LAS VÍAS DE EMPALME DE LA ZONA URBANA DEL DISTRITO DE OXAPAMPA, PROVINCIA DE OXAPAMPA - PASCO II ETAPA",Administración directa,Finalizado,1/07/2015 00:00:00,654918,OXAPAMPA,OXAPAMPA,PASCO
38880,2232377,238487,"MEJORAMIENTO Y CONSTRUCCION DEL CAMINO VECINAL DESDE EMPALME PA-722-CC.NN. SAN JUAN-CC.NN. LAGARTO-CC.NN. PTO OCOPA HASTA CC.NN. SARGENTO LORES, DISTRITO PUERTO BERMÚDEZ, PROVINCIA OXAPAMPA, REGIÓN PASCO",Contrata,Finalizado,2/09/2013 00:00:00,5951693.70,OXAPAMPA,OXAPAMPA,PASCO
38839,0,0,CONSTRUCCION DE PISTAS Y VEREDAS DE LA CALLE SAN CRISTOBAL EN EL CENTRO POBLADO DE QUIPARACRA DEL DISTRITO DE HUACHON - PROVINCIA Y REGION PASCO,Contrata,Finalizado,8/09/2015 00:00:00,329799.26,HUACHON,PASCO,PASCO
38766,2257523,314571,"MEJORAMIENTO DE LAS ESCALINATAS DE LA CALLE MANCO INCA ENTRE LA VIA EVITAMIENTO Y ALAMEDA DE HUAYLLAY, DISTRITO DE HUAYLLAY - PASCO - PASCO",Administración directa,Finalizado,1/07/2015 00:00:00,216091.80,HUAYLLAY,PASCO,PASCO
38764,2164339,237491,"INSTALACION Y EQUIPAMIENTO DEL COMEDOR EN LA INSTITUCION EDUCATIVA INTEGRADO 13 DE AGOSTO EN EL CENTRO POBLADO DE QUIULACOCHA, DISTRITO DE SIMON BOLIVAR ¿ PASCO ¿ PASCO",Contrata,Sin Ejecución,"",287557.22,SIMON BOLIVAR,PASCO,PASCO
38760,0,0,"IMPLEMENTACIÓN CON RECURSOS TECNOLÓGICOS E INTERNET EN LA INSTITUCIÓN EDUCATIVA N° 34079 DEL CENTRO POBLADO DE SOCORRO, DISTRITO DE NINACACA, PROVINCIA PASCO, PASCO",Administración directa,Finalizado,23/07/2015 00:00:00,135780.81,NINACACA,PASCO,PASCO
38753,0,0,"MEJORAMIENTO E IMPLEMENTACION DEL SISTEMA DE LIMPIEZA PUBLICA DE RESIDUOS SOLIDOS DE NINACACA Y CENTROS POBLADOS DEL DISTRITO DE NINACACA PROVINCIA DE PASCO, REGION PASCO",Administración directa,Sin Ejecución,"",207463,NINACACA,PASCO,PASCO
38751,2166963,249735,"INSTALACION DE LOSA DEPORTIVA EN EL ANEXO DE CUYPAN PUNTA DE LA COMUNIDAD CAMPESINA DE AYAYOG,DISTRITO DE YANAHUANCA,PROVINCIA DE DANIEL ALCIDES CARRION-PASCO.",Administración directa,Finalizado,3/02/2013 00:00:00,60000,YANAHUANCA,DANIEL ALCIDES CARRION,PASCO
38684,2070029,73317,"MEJORAMIENTO DEL ESTADIO MUNICIPAL DEL DISTRITO DE OXAPAMPA, PROVINCIA DE OXAPAMPA - PASCO II ETAPA",Administración directa,Finalizado,4/05/2015 00:00:00,3864606.52,OXAPAMPA,OXAPAMPA,PASCO
38671,2153501,182333,"MEJORAMIENTO E IMPLEMENTACION DEL PUESTO DE SALUD DE PAUCAR,DISTRITO DE PAUCAR,PROVINCIA DE DANIEL ALCIDES CARRION-PASCO.",Contrata,Finalizado,16/11/2011 00:00:00,395514.50,PAUCAR,DANIEL ALCIDES CARRION,PASCO
38628,0,0,CONSTRUCCION DEL LOCAL DE USOS MULTIPLES DEL BARRIO AGOCHINCHAN DEL CENTRO POBLADO DE QUIPARACRA I ETAPA DEL DISTRITO DE HUACHON PROVINCIA Y REGION PASCO,Contrata,Finalizado,20/08/2015 00:00:00,284338.81,HUACHON,PASCO,PASCO
38482,2207608,217889,"INSTALACIÓN DE INFRAESTRUCTURA DEPORTIVA EN LA INSTITUCIÓN EDUCATIVA EMILIA BARCIA BONIFFATTI,DISTRITO DE YANAHUANCA,PROVINCIA DE DANIEL ALCIDES CARRION -PASCO.",Contrata,Finalizado,30/10/2012 00:00:00,628634.10,YANAHUANCA,DANIEL ALCIDES CARRION,PASCO
38452,2177169,210870,"CONSTRUCCION DEL CAMINO VECINAL TRAMO CONSTITUCION - EL MIRADOR, DISTRITO DE CONSTITUCION - OXAPAMPA - PASCO",Administración directa,Finalizado,7/05/2014 00:00:00,2597459.12,CONSTITUCION,OXAPAMPA,PASCO
38450,2198904,301503,"MEJORAMIENTO DE LA PLAZA CIVICA EN LA LOCALIDAD DE CONSTITUCION, DISTRITO DE CONSTITUCION - OXAPAMPA - PASCO",Administración directa,Finalizado,27/08/2014 00:00:00,365035.87,CONSTITUCION,OXAPAMPA,PASCO
38234,2177178,255634,"MEJORAMIENTO Y AMPLIACIÓN DEL CAMINO VECINAL PAMPACANCHA - JURAGPUCRO, DISTRITO DE SIMÓN BOLÍVAR - PASCO - PASCO",Contrata,Finalizado,15/11/2016 00:00:00,1587080.07,,PASCO,PASCO
38225,2174610,248202,"INSTALACION DEL CAMPO DEPORTIVO EN EL JIRON MANUEL ROJAS DE LA URBANIZACIÓN SAN JUAN, DISTRITO DE YANACANCHA, PROVINCIA DE PASCO - PASCO",Contrata,Finalizado,4/01/2016 00:00:00,1584866.53,YANACANCHA,PASCO,PASCO
38076,2181010,251849,"MEJORAMIENTO, AMPLIACION DEL SISTEMA DE AGUA POTABLE Y ALCANTARILLADO DEL ANEXO TAMBO DEL SOL VIEJO, DISTRITO DE NINACACA - PASCO - PASCO",Contrata,Sin Ejecución,"","",NINACACA,PASCO,PASCO
38075,2238166,267300,"MEJORAMIENTO DE LOS JIRONES JUNIN, 28 DE JULIO, LIBERTAD, SAN PABLO, PORVENIR, DANIEL A. CARRION, MIGUEL GRAU, SAN MARTIN Y CINCO, DISTRITO DE NINACACA - PASCO - PASCO",Contrata,Sin Ejecución,"","",NINACACA,PASCO,PASCO
37983,2239289,272112,"MEJORAMIENTO DE LOS SERVICIOS EDUCATIVOS DE LA I.E. N 34027 DEL CENTRO POBLADO DE LA VICTORIA, DISTRITO DE PAUCARTAMBO - PASCO - PASCO",Contrata,Finalizado,15/09/2015 00:00:00,263601.29,PAUCARTAMBO,PASCO,PASCO
37982,2219843,234784,"INSTALACION DE DEFENSA RIBEREÑA EN EL RIO LOS ANDES DEL C.P. DE ACOPALCA, DISTRITO DE PAUCARTAMBO - PASCO - PASCO",Contrata,Finalizado,8/10/2015 00:00:00,300540.59,PAUCARTAMBO,PASCO,PASCO
37981,2209189,200102,"INSTALACION DEL SISTEMA DE AGUA POTABLE Y ALCANTARILLADO EN EL ANEXO DE CASA BLANCA CENTRO POBLADO DE HUALLAMAYO, DISTRITO DE PAUCARTAMBO - PASCO - PASCO",Contrata,Finalizado,4/08/2015 00:00:00,433760.74,PAUCARTAMBO,PASCO,PASCO
37966,2167674,251393,"INSTALACION DEL SERVICIO DE AGUA POTABLE Y DISPOSICIÓN DE EXCRETAS EN LA COMUNIDAD NATIVA DE ENOC FLOR DE UN DIA, SECTORES DE: SAN LUIS, GOLONDRINA, FLOR DE UN DIA, YAMUSHIMAS, DISTRITO DE CONSTITUCION - OXAPAMPA - PASCO",Contrata,Finalizado,8/09/2014 00:00:00,1199992.18,CONSTITUCION,OXAPAMPA,PASCO
37951,2220358,228229,"INSTALACION DE PISTAS Y VEREDAS EN LAS CALLES LOS GERANIOS, LAS ROSAS LOS GIRASOLES Y EL MALECON DE LA JJ. VV. URB. PRIMAVERA, DISTRITO YANAHUANCA, PROVINCIA DE DANIEL ALCIDES CARRION - PASCO",Contrata,Finalizado,7/10/2015 00:00:00,968030.42,YANAHUANCA,DANIEL ALCIDES CARRION,PASCO
37930,2177168,255748,"CONSTRUCCIÓN DEL CAMINO VECINAL GARACANCHA - CHAMPACRUZ,. DISTRITO DE SIMÓN BOLÍVAR - PASCO - PASCO",Contrata,Sin Ejecución,"",1548986,,PASCO,PASCO
37903,2110706,144731,"CONSTRUCCIÓN DEL PUESTO DE SALUD DE LA LOCALIDAD DE CHOCOPATA,DISTRITO DE YANAHUANCA,PROVINCIA DE DANIEL ALCIDES CARRION-PASCO.",Contrata,Finalizado,12/09/2011 00:00:00,180133.35,YANAHUANCA,DANIEL ALCIDES CARRION,PASCO
37812,2117348,124127,"MEJORAMIENTO Y AMPLIACIÓN DE INFRAESTRUCTURA E IMPLEMENTACION CON MOBILIARIOS EN LA I.E. INICIAL REYNA DE PAZ-CHINCHE TINGO,DISTRITO DE YANAHUANCA PROVINCIA DANIEL CARRION-PASCO.",Contrata,Finalizado,4/01/2011 00:00:00,184821.08,YANAHUANCA,PASCO,PASCO
37790,2280685,323557,"AMPLIACION DEL SISTEMA DE AGUA POTABLE E INSTALACION DE ALCANTARILLADO EN EL CASERIO DE PATARAYOG, DISTRITO DE VILCABAMBA - DANIEL ALCIDES CARRION - PASCO",Contrata,Sin Ejecución,"","",VILCABAMBA,DANIEL ALCIDES CARRION,PASCO
37730,2104651,117703,"MEJORAMIENTO Y AMPLIACIÓN DE LOS SISTEMAS DE AGUA POTABLE E INSTALACIÓN DEL SISTEMA DE ALCANTARILLADO DE LA LOCALIDAD DE VILLO,TAMBOCHACA Y RACRI DISTRITO DE YANAHUANCA,PROVINCIA DE DANIEL ALCIDES CARRION-PASCO.",Contrata,Finalizado,4/08/2010 00:00:00,2932808.72,YANAHUANCA,DANIEL ALCIDES CARRION,PASCO
37710,2256919,314270,"MEJORAMIENTO DEL ACCESO PEATONAL ENTRE LA ZONA CENTRAL Y EL BARRIO CHIPIPATA DEL ANEXO VILLA CORAZÓN DE COCHAC, DISTRITO DE SAN FRANCISCO DE ASIS DE YARUSYACAN-PASCO-PASCO",Administración directa,Finalizado,1/07/2015 00:00:00,425725.75,SAN FRANCISCO DE ASIS DE YARUSYACAN,PASCO,PASCO
37707,2255628,313655,"MEJORAMIENTO DEL PASAJE CHAMPAMARCA, ENTRE LA AV. DOS DE MAYO Y EL BARRIO TACTA DEL CENTRO POBLADO DE COCHACHARAO , DISTRITO DE SAN FRANCISCO DE ASIS DE YARUSYACAN-PASCO-PASCO",Administración directa,Finalizado,1/07/2015 00:00:00,384133.38,SAN FRANCISCO DE ASIS DE YARUSYACAN,PASCO,PASCO
37681,2278928,322767,"ELABORACION DE EXPEDIENTE TECNICO DEL PROYECTO MEJORAMIENTO Y AMPLIACION DEL SISTEMA DE AGUA POTABLE E INSTALACION DE ALCANTARILLADO DEL C. P. SAN MIGUEL DE CUCHIS, DISTRITO DE VILCABAMBA - DANIEL ALCIDES CARRION - PASCO",Contrata,Sin Ejecución,"","",VILCABAMBA,DANIEL ALCIDES CARRION,PASCO
37677,2214862,203196,"MEJORAMIENTO DEL SISTEMA DE AGUA POTABLE Y ALCANTARILLADO DE LA LOCALIDAD DE PAUCALIN, DISTRITO DE PAUCAR - DANIEL ALCIDES CARRION - PASCO",Contrata,Finalizado,27/08/2015 00:00:00,1239014,PAUCAR,DANIEL ALCIDES CARRION,PASCO
37668,2138456,156514,"CONSTRUCCION DEL CAMINO RURAL PUENTE SAN ANTONIO-SAN MIGUEL-OSOMAYO,DISTRITO DE POZUZO,PROVINCIA DE OXAPAMPA-PASCO",Contrata,Finalizado,2/04/2012 00:00:00,4791132.19,POZUZO,OXAPAMPA,PASCO
37664,2231053,236921,MEJORAMIENTO DE LOS SERVICIOS EDUCATIVOS PARA EL APRENDIZAJE EN EL NIVEL PRIMARIO DE LA IE Nº34214 Y LA IE Nº34493 DEL DISTRITO DE OXAPAMPA-PROVINCIA OXAPAMPA-REGION PASCO,Contrata,Finalizado,17/01/2014 00:00:00,2046945.32,OXAPAMPA,OXAPAMPA,PASCO
37658,2164277,223167,"CONSTRUCCIÓN DE MURO DE CONTENCIÓN, PAVIMENTACIÓN DE CALLES ESCALINATAS,VEREDAS EN LAS CALLES Y JIRONES DEL SECTOR 2 DEL AA.HH ULIACHIN,PROVINCIA DE PASCO-PASCO",Contrata,Finalizado,23/10/2013 00:00:00,3722800,,PASCO,PASCO
37656,2231906,224290,"MEJORAMIENTO DEL SISTEMA DE AGUA POTABLE E INSTALACION DEL SISTEMA DE ALCANTARILLADO PARA EL CENTRO POBLADO DE SAN JUAN DE CACAZU,DISTRITO DE VILLA RICA-OXAPAMPA-PASCO",Contrata,Finalizado,3/02/2014 00:00:00,2031523.37,VILLA RICA,OXAPAMPA,PASCO
37653,2151689,193864,MEJORAMIENTO Y AMPLIACION DE LOS SERVICIOS DE AGUA POTABLE Y ALCANTARILLADO EN LA LOCALIDAD DE SAN ANTONIO DE RANCAS DISTRITO DE SIMON BOLIVAR-PASCO-PASCO,Contrata,Finalizado,8/03/2013 00:00:00,6433233,SIMON BOLIVAR,PASCO,PASCO
37652,2277040,322036,"INSTALACION DEL SERVICIO INTEGRAL Y DISPOSICION FINAL DE RESIDUOS SOLIDOS EN VILCABAMBA, DISTRITO DE VILCABAMBA - DANIEL ALCIDES CARRION - PASCO",Contrata,Sin Ejecución,"","",VILCABAMBA,DANIEL ALCIDES CARRION,PASCO
37590,2193936,280765,"AMPLIACION DEL SERVICIO DE ENERGIA ELECTRICA CONVENCIONAL, EN EL CENTRO POBLADO DE COLQUIJIRCA, URBANIZACION EULOGIO FERNANDINI DANIEL A CARRION, DISTRITO DE TINYAHUARCO - PASCO - PASCO",Contrata,Sin Ejecución,"",425234.24,TINYAHUARCO,PASCO,PASCO
37584,2159548,195087,"MEJORAMIENTO Y AMPLIACION DE LOS SISTEMAS DE AGUA POTABLE Y ALCANTARILLADO DE LA LOCALIDAD DE PAUCAR, DISTRITO DE PAUCAR - DANIEL ALCIDES CARRION - PASCO. Codigo SNIP N° 195087",Contrata,Finalizado,22/09/2015 00:00:00,5216587,PAUCAR,DANIEL ALCIDES CARRION,PASCO
37557,2203876,214857,"AMPLIACION DE PISTAS VEREDAS Y CUNETAS DE LAS CALLES LAS AZUCENAS LOS CLAVELES LAS DALIAS LAS ROSAS Y LOS OLIVOS DE LA ASOCIACION PROVIVIENDA DANIEL ALCIDES CARRION, DISTRITO DE YANACANCHA - PASCO - PASCO",Contrata,Finalizado,2/09/2015 00:00:00,545021.36,YANACANCHA,DANIEL ALCIDES CARRION,PASCO
37533,2190596,272636,"MEJORAMIENTO DEL SERVICIO EDUCATIVO EN LA I.E INICIAL SAN JUAN DE MILPO, DISTRITO DE SAN FRANCISCO DE ASIS DE YARUSYACAN PASCO -PASCO",Obras por impuestos,Finalizado,12/05/2015 00:00:00,530265.85,SAN FRANCISCO DE ASIS DE YARUSYACAN,PASCO,PASCO
37490,2110932,110593,"CONSTRUCCION DE LA INFRAESTRUCTURA EDUCATIVA DEL CENTRO DE EDUCACION BASICA ALTERNATIVA EUGENIO JOEL CORDOVA PUENTE, DISTRITO DE PUERTO BERMUDEZ-OXAPAMPA",Contrata,Finalizado,26/06/2013 00:00:00,1950865.49,PUERTO BERMUDEZ,OXAPAMPA,PASCO
37443,2159319,198748,MEJORAMIENTO DE LOS SERVICIOS DE EDUCACIÓN SECUNDARIA DE LA INSTITUCIÓN EDUCATIVA ISCAYCOCHA LOCALIDAD DE ISCAYCOCHA DISTRITO DE CHACAYAN-DANIEL ALCIDES CARRION-PASCO,Contrata,Finalizado,8/01/2013 00:00:00,2154437.89,CHACAYAN,DANIEL ALCIDES CARRION,PASCO
37407,2438373,2438373,"EJECUCIÓN DEL PLAN DE CIERRE DE LOS DEPÓSITOS DE SEDIMENTOS DELTA UPAMAYO Y RIO SAN JUAN, REGIÓN PASCO.",Contrata,Finalizado,14/12/2015 00:00:00,12324606.55,,PASCO,PASCO
37365,2130792,166003,"CONSTRUCCIÓN DE LOCAL MUNICIPAL Y USOS MÚLTIPLES EN EL CENTRO POBLADO SAN CRISTOBAL DE CHAUPIMARCA,DISTRITO DE TAPUC,PROVINCIA DE DANIEL ALCIDES CARRION-PASCO.",Contrata,Finalizado,21/12/2010 00:00:00,135297.10,TAPUC,DANIEL ALCIDES CARRION,PASCO
37325,2212806,203098,"MEJORAMIENTO DE PISTAS Y VEREDAS DE LA LOCALIDAD DE MICHIVILCA DEL DISTRITO DE TAPUC,PROVINCIA DE DANIEL ALCIDES CARRION-PASCO.",Contrata,Finalizado,20/05/2015 00:00:00,1190868.89,TAPUC,DANIEL ALCIDES CARRION,PASCO
37309,2247776,305849,"INSTALACION DEL SISTEMA DE DRENAJE PLUVIAL EN EL BARRIO SAN FRANCISCO DEL CENTRO POBLADO LA QUINUA, DISTRITO DE YANACANCHA - PASCO - PASCO",Administración directa,Finalizado,12/05/2015 00:00:00,310927.91,YANACANCHA,PASCO,PASCO
37300,2253076,312304,"INSTALACION DE UNA LOSA DEPORTIVA EN EL CENTRO POBLADO DE CHINCHE YANAHUANCA,DEL DISTRITO DE YANAHUANCA,PROVINCIA DE DANIEL ALCIDES CARRION-PASCO.",Contrata,Finalizado,25/05/2015 00:00:00,150595.14,YANAHUANCA,DANIEL ALCIDES CARRION,PASCO
37276,2257336,314579,"AMPLIACION DEL SERVICIO DE PROTECCIÓN CONTRA INUNDACIONES EN EL MALECÓN YANACHAGA, MARGEN DERECHA DEL RIO CHOROBAMBA (PROGRESIVA 0+00 ¿ 0+120), EN EL SECTOR 4, DISTRITO DE OXAPAMPA, PROVINCIA DE OXAPAMPA - PASCO",Administración directa,Finalizado,1/07/2015 00:00:00,298975.70,OXAPAMPA,OXAPAMPA,PASCO
37274,2257349,314592,"MEJORAMIENTO DE LOS SERVICIOS TURÍSTICOS DEL RECORRIDO INTERNO DE LA CATARATA RIO TIGRE EN LA LOCALIDAD LA CAÑERA, DISTRITO DE OXAPAMPA, PROVINCIA DE OXAPAMPA - PASCO",Administración directa,Finalizado,3/08/2015 00:00:00,258159.68,OXAPAMPA,OXAPAMPA,PASCO
37272,2270817,319518,"CREACION DE CENTRO COMUNAL COMERCIAL EN EL JR. MAYER Y GRAU DEL DISTRITO DE OXAPAMPA, PROVINCIA DE OXAPAMPA - PASCO",Contrata,Finalizado,10/11/2015 00:00:00,380761.33,OXAPAMPA,OXAPAMPA,PASCO
37270,2270749,319480,"CREACION DE LOSA DE RECREACION MULTIUSOS EN BARRIO EL IDEAL DEL DISTRITO DE OXAPAMPA, PROVINCIA DE OXAPAMPA - PASCO",Contrata,Finalizado,27/10/2015 00:00:00,336031.32,OXAPAMPA,OXAPAMPA,PASCO
37252,2270746,319515,"INSTALACION DEL SERVICIO DE AGUA POTABLE Y SANEAMIENTO EN LOS CASERIOS DE COCAR, QUISHUARCANCHA Y PICHUICANCHA DEL, DISTRITO DE VILCABAMBA - DANIEL ALCIDES CARRION - PASCO",Contrata,Sin Ejecución,"","",VILCABAMBA,DANIEL ALCIDES CARRION,PASCO
37244,0,0,"INSTALACIÓN DE LETRINAS SANITARIAS EN LAS ZONAS DE PRODUCCIÓN GANADERA DE YARGOCHACAN, AGOMACHAY, PAPANA, HUANDO Y PARAISO DEL DISTRITO DE NINACA-PROVINCIA DE PASCO-PASCO",Administración directa,Finalizado,16/11/2015 00:00:00,602855.66,,PASCO,PASCO
37217,0,0,"Ejecucion de obra ""Construccion de letrinas y mejoramiento del sistema de abastecimiento de Agua en el caserio de Palcamayo, Distrito de Huancabamba-Provincia de Oxapampa- Pasco.",Contrata,Finalizado,13/07/2015 00:00:00,219443.16,HUANCABAMBA,OXAPAMPA,PASCO
37215,0,0,Ejecucion de Obra Construccion de letrinas y mejoraqmiento del sistema de abastecimiento de agua en la localidad de san Pedro de Mallampampa Distrito de Huancabamba-Provincia de Oxapampa-Pasco.,Contrata,Finalizado,13/07/2015 00:00:00,245104.53,HUANCABAMBA,OXAPAMPA,PASCO
37208,2117333,124667,"CONSTRUCCIÓN DEL PUENTE PEATONAL CHIPICUTA DEL CENTRO POBLADO DE CHINCHE TINGO,DISTRITO DE YANAHUANCA,PROVINCIA DANIEL CARRION.",Contrata,Finalizado,3/12/2010 00:00:00,166317.13,YANAHUANCA,DANIEL ALCIDES CARRION,PASCO
37152,2049518,54163,"CONSTRUCCIÓN DE TROCHA CARROZABLE UNTUPUQUIO-ZONA HUANCA,DISTRITO DE CHACAYAN,PROVINCIA DE DANIEL ALCIDES CARRION-PASCO",Contrata,Finalizado,5/11/2010 00:00:00,280054,CHACAYAN,DANIEL ALCIDES CARRION,PASCO
37018,2152601,193392,"MEJORAMIENTO Y AMPLIACION DEL SISTEMA DE DISTRIBUCION DE AGUA POTABLE, ALCANTARILLADO Y TRATAMIENTO DE AGUAS RESIDUALES DE LA LOCALIDAD DE HUAYLLAY, DISTRITO DE HUAYLLAY - PASCO - PASCO",Obras por impuestos,Finalizado,11/01/2014 00:00:00,11176406.33,HUAYLLAY,PASCO,PASCO
36990,2260651,315525,"¿AMPLIACIÓN Y MEJORAMIENTO DEL SISTEMA DE CONEXIÓN DE AGUA POTABLE EN LA LOCALIDAD DE QUECHCA, DISTRITO DE VILCABAMBA, PROVINCIA DE DANIEL CARRION ¿ PASCO¿",Contrata,Sin Ejecución,"",239840.49,VILCABAMBA,PASCO,PASCO
36893,2144546,182595,"CONSTRUCCIÓN DEL SISTEMA DE AGUA Y DESAGUE DE LA LOCALIDAD DE COYAS DISTRITO DE YANAHUANCA,PROVINCIA DE DANIEL ALCIDES CARRION -PASCO.",Contrata,Finalizado,19/10/2011 00:00:00,496125.95,YANAHUANCA,DANIEL ALCIDES CARRION,PASCO
36860,2091639,113281,"CONSTRUCCIÓN Y EQUIPAMIENTO DEL CENTRO DE EDUCACIÓN TÉCNICO PRODUCTIVO CETPRO YANAHUANCA,DISTRITO DE YANAHUANCA PROVINCIA DE DANIEL ALCIDES CARRION -PASCO.",Contrata,Finalizado,1/02/2010 00:00:00,421376.36,YANAHUANCA,DANIEL ALCIDES CARRION,PASCO
36762,2159322,191314,"CREACION DE PISTAS Y VEREDAS ESCALINATA Y TRATAMIENTO PAISAJISTICO EN LAS CALLES LA NIÑA, SANTA MARIA Y LA PINTA DEL BARRIO PROLONGACIÓN BOLIVAR DEL DISTRITO YANAHUANCA - PROVINCIA DE DANIEL ALCIDES CARRION - PASCOYANAHUANCA - PROVINCIA DE DANIEL ALCIDES CARRION - PASCO",Contrata,Finalizado,20/10/2012 00:00:00,397082.32,YANAHUANCA,DANIEL ALCIDES CARRION,PASCO
36716,2144169,180057,"AMPLIACIÓN Y MEJORAMIENTO DE TROCHA CARROZABLE HORNAMACHAY-WUISHIRIN DISTRITO DE SAN PEDRO DE PILLAO,PROVINCIA DE DANIEL ALCIDES CARRION-PASCO.",Contrata,Finalizado,21/09/2011 00:00:00,442323.17,SAN PEDRO DE PILLAO,DANIEL ALCIDES CARRION,PASCO
36632,2134399,144185,"""CONSTRUCCIÓN DEL LOCAL DE USOS MÚLTIPLES DEL CENTRO POBLADO DE UCHUMARCA,DISTRITO DE YANAHUANCA,PROVINCIA DE DANIEL CARRION-PASCO""",Contrata,Finalizado,22/08/2011 00:00:00,584960.22,YANAHUANCA,PASCO,PASCO
36577,2050355,54058,"""MEJORAMIENTO Y AMPLIACIÓN DEL SISTEMA DE AGUA POTABLE E INSTALACIÓN DEL SISTEMA DE ALCANTARILLADO Y TRATAMIENTO DE AGUAS RESIDUALES EN LA LOCALIDAD DE ROCCO,DISTRITO DE YANAHUANCA,PROVINCIA DE DANIEL ALCIDES CARRION-PASCO""",Contrata,Finalizado,11/10/2011 00:00:00,3235792.31,YANAHUANCA,DANIEL ALCIDES CARRION,PASCO
36506,2113537,144774,"""CONSTRUCCIÓN DE INFRAESTRUCTURA E IMPLEMENTACION DE LA I.E. PRIMARIA 34330 DE LA LOCALIDAD DE ISHCAYUCRO,DISTRITO DE YANAHUANCA,PROVINCIA DE DANIEL ALCIDES CARRION-PASCO""",Contrata,Finalizado,12/11/2010 00:00:00,247968.87,YANAHUANCA,DANIEL ALCIDES CARRION,PASCO
36466,2246953,303062,"INSTALACION DE LOSA DEPORTIVA EN LA I.E. INICIAL SANTA ROSA DE LIMA DEL AA. HH. BUENOS AIRES, DISTRITO DE SIMON BOLIVAR - PASCO - PASCO",Contrata,Sin Ejecución,"","",SIMON BOLIVAR,PASCO,PASCO
36463,2219210,224127,"CREACION DEL CERCO PERIMETRICO DEL CEMENTERIO DEL AA.HH. JOSE CARLOS MARIATEGUI, SECTOR 3 , DISTRITO DE SIMON BOLIVAR - PASCO - PASCO",Contrata,Sin Ejecución,"","",SIMON BOLIVAR,PASCO,PASCO
36461,2166275,244746,"MEJORAMIENTO DE LA CAPACIDAD RESOLUTIVA DE LOS SERVICIOS DE SALUD DEL PUESTO DE SALUD DE NIVEL I-2 DEL CENTRO POBLADO DE QUIULACOCHA, DISTRITO DE SIMON BOLIVAR - PASCO - PASCO",Contrata,Finalizado,14/07/2015 00:00:00,1843891.63,SIMON BOLIVAR,PASCO,PASCO
36458,2166406,244490,"CREACION DEL PARQUE LA MODERNIDAD DEL AA. HH. JOSE CARLOS MARIATEGUI, SECTOR I EN EL CENTRO POBLADO DE PARAGSHA, DISTRITO DE SIMON BOLIVAR - PASCO - PASCO",Contrata,Sin Ejecución,"","",SIMON BOLIVAR,PASCO,PASCO
36456,2167322,247251,"CREACION Y EQUIPAMIENTO DEL LOCAL DE USOS MULTIPLES EN EL AA.HH. JOSE CARLOS MARIATEGUI, SECTOR 3, DISTRITO DE SIMON BOLIVAR - PASCO - PASCO",Contrata,Sin Ejecución,"","",SIMON BOLIVAR,PASCO,PASCO
36350,2216482,160025,"REHABILITACION , INSTALACION Y EQUIPAMIENTO DE LA INSTITUCION EDUCATIVA INTEGRADA N 34238 SAN MIGUEL DE ENEÑAS, DISTRITO DE VILLA RICA, PROVINCIA DE OXAPAMPA - PASCO",Contrata,Finalizado,7/11/2014 00:00:00,5122445.67,VILLA RICA,OXAPAMPA,PASCO
36323,2217829,227294,"CONSTRUCCION DE PISTAS Y VEREDAS DE LA CALLE PRINCIPAL .A. CALLE .B. Y PASAJES DEL C.P. DE SANTA ISABEL, DISTRITO DE PAUCARTAMBO - PASCO - PASCO",Contrata,Finalizado,21/11/2015 00:00:00,772253.18,PAUCARTAMBO,PASCO,PASCO
36311,2177029,248819,"MEJORAMIENTO DE LA TRANSITABILIDAD VEHICULAR Y PEATONAL EN EL JIRÓN Y PROLONGACIÓN THOMAS SCHAUS, DISTRITO DE OXAPAMPA, PROVINCIA DE OXAPAMPA - PASCO (2DA ETAPA)",Administración directa,Finalizado,19/03/2015 00:00:00,2691899.35,OXAPAMPA,OXAPAMPA,PASCO
36261,2179476,239827,"CONSTRUCCION DEL CAMINO VECINAL TRAMO PUERTO ATAHUALPA - PUERTO PORVENIR, DISTRITO DE CONSTITUCION - OXAPAMPA - PASCO",Contrata,Finalizado,23/08/2017 00:00:00,1241049.80,CONSTITUCION,OXAPAMPA,PASCO
36260,2185624,261820,"CREACION DEL CAMINO VECINAL ENTRE LAS LOCALIDADES DE LORENCILLO I - MOSQUITO PLAYA, DISTRITO DE CONSTITUCION - OXAPAMPA - PASCO",Contrata,Finalizado,10/06/2016 00:00:00,1995618.91,CONSTITUCION,OXAPAMPA,PASCO
36253,2238819,269938,"CONSTRUCCION DE PISTAS, VEREDAS Y GRADERIAS DE LA LOCALIDAD DE GOYLLARISQUIZGA, DISTRITO DE GOYLLARISQUIZGA - DANIEL ALCIDES CARRION - PASCO",Contrata,Sin Ejecución,"","",GOYLLARISQUIZGA,DANIEL ALCIDES CARRION,PASCO
36237,2259869,315385,"CREACION DEL SERVICIO RECREATIVO DEPORTIVO LOSA MULTIUSOS EN LA AVENIDA PRINCIPAL DE LA CC.NN. DE CAHUAPANAS, DISTRITO DE CONSTITUCION - OXAPAMPA - PASCO",Administración directa,Finalizado,11/06/2015 00:00:00,103679.23,CONSTITUCION,OXAPAMPA,PASCO
36087,2181985,257113,"MEJORAMIENTO DEL CAMINO VECINAL ENTRE PUENTE YESU Y EL SECTOR ENTRE RIOS, DISTRITO DE VILLA RICA - OXAPAMPA - PASCO",Administración directa,Finalizado,13/08/2021 00:00:00,242226.44,VILLA RICA,OXAPAMPA,PASCO
36026,2235794,273087,"INSTALACION DEL SERVICIO DE AGUA POTABLE Y DISPOSICION DE EXCRETAS EN EL ANEXO CANAL DE PIEDRA, DISTRITO DE VILLA RICA - OXAPAMPA - PASCO",Contrata,Finalizado,20/01/2017 00:00:00,1368009,VILLA RICA,OXAPAMPA,PASCO
35991,2181986,257226,"MEJORAMIENTO DEL CAMINO VECINAL ENTRE VILLA RICA Y EL ANEXO EL OCONAL, DISTRITO DE VILLA RICA - OXAPAMPA - PASCO",Contrata,Sin Ejecución,"","",VILLA RICA,OXAPAMPA,PASCO
35970,2258217,314663,"MEJORAMIENTO DE ORNATO DE PARQUES, CALLES Y JIRONES: HUAYLLAY, LUIS OROPESA, PROGRESO, SUCRE, LIMA, ALCIDES CARRION, HUARAL, JUNIN, SAN CRISTOBAL E INTERSECCIONES DE HUAYLLAY, DISTRITO DE HUAYLLAY - PASCO - PASCO",Administración directa,Finalizado,30/04/2015 00:00:00,1224128.61,HUAYLLAY,PASCO,PASCO
35948,2202296,263852,"MEJORAMIENTO DE LOS SERVICIOS DE AGUA POTABLE, SISTEMA DE ALCANTARILLADO Y TRATAMIENTO DE AGUAS RESIDAUALES, DEL CENTRO POBLADO DE CHINCHAN, DISTRITO DE HUARIACA - PROVINCIA DE PASCO - PASCO",Contrata,Finalizado,1/04/2016 00:00:00,2918273.41,HUARIACA,PASCO,PASCO
35837,2224347,220051,"MEJORAMIENTO DEL PARQUE INFANTIL LOS PROCERES DE SAN JUAN PAMPA, DISTRITO DE YANACANCHA - PASCO - PASCO",Contrata,Finalizado,20/11/2015 00:00:00,1519451.63,YANACANCHA,PASCO,PASCO
35821,2254686,313665,"CONSTRUCCION DE VEREDAS Y TRATAMIENTO ECOLOGICO VEHICULAR DE LA AV. 1 DE JUNIO DEL C.P SAN JUAN DE CACAZU, DISTRITO DE VILLA RICA - OXAPAMPA - PASCO",Administración directa,En Ejecución,1/09/2015 00:00:00,5122445.67,VILLA RICA,OXAPAMPA,PASCO
35820,2254701,313723,"INSTALACION DE LA DEFENSA RIBEREÑA DE LA QUEBRADA SAN CARLOS DE VILLA RICA, DISTRITO DE VILLA RICA - OXAPAMPA - PASCO",Administración directa,En Ejecución,1/07/2015 00:00:00,287612.86,VILLA RICA,OXAPAMPA,PASCO
35819,2254961,313789,"INSTALACION DE LA DEFENSA RIBEREÑA DE LA QUEBRADA ACOMAYO DE VILLA RICA, DISTRITO DE VILLA RICA - OXAPAMPA - PASCO",Administración directa,En Ejecución,1/07/2015 00:00:00,444228.31,VILLA RICA,OXAPAMPA,PASCO
35818,2236508,249078,"INSTALACION DEL SERVICIO DE AGUA POTABLE Y DISPOSICION DE EXCRETAS DEL ANEXO VILLA OYON, DISTRITO DE VILLA RICA - OXAPAMPA - PASCO",Contrata,Finalizado,20/04/2018 00:00:00,1501211.11,VILLA RICA,OXAPAMPA,PASCO
35781,0,0,"""INSTALACION DE SERVICIOS HIGIENICOS EN LA I.E. 34344 UNION PORVENIR DISTRITO DE NINACACA - PASCO- PASCO",Contrata,Finalizado,1/11/2014 00:00:00,138918.72,NINACACA,PASCO,PASCO
35559,2240958,279498,"CREACION DE ALAMEDA CON PISTAS Y VEREDAS EN LA CALLE 05 DE OCTUBRE DE LA APV UNDAC, DISTRITO DE YANACANCHA - PASCO - PASCO",Contrata,Finalizado,13/10/2015 00:00:00,558999.23,YANACANCHA,PASCO,PASCO
35445,2226564,231362,"RECUPERACION DE LA PLAZUELA CENTRAL EN EL CENTRO POBLADO DE CAJAMARQUILLA ALTA, DISTRITO DE YANACANCHA - PASCO - PASCO",Contrata,Finalizado,11/07/2015 00:00:00,717164.25,YANACANCHA,PASCO,PASCO
35408,2333270,372562,"CREACION DEL CAMINO VECINAL DEL TRAMO QUEBRADA HUARACMAYO HASTA HUACACHI DEL, DISTRITO DE PALLANCHACRA - PASCO - PASCO",Administración directa,Finalizado,4/01/2017 00:00:00,390979.11,PALLANCHACRA,PASCO,PASCO
35152,2184632,259873,"INSTALACIÓN DEL CENTRO HISTÓRICO CULTURAL DE LOS PUEBLOS YANESHAS Y ASHANINKAS EN EL DISTRITO DE OXAPAMPA, PROVINCIA DE OXAPAMPA - PASCO (I ETAPA)",Contrata,Finalizado,30/08/2014 00:00:00,1971643.05,OXAPAMPA,OXAPAMPA,PASCO
35151,2177029,248819,"MEJORAMIENTO DE LA TRANSITABILIDAD VEHICULAR Y PEATONAL EN EL JIRON Y PROLONGACION THOMAS SCHAUS, DISTRITO DE OXAPAMPA, PROVINCIA DE OXAPAMPA - PASCO ( I ETAPA)",Contrata,Finalizado,20/08/2014 00:00:00,2746904.55,OXAPAMPA,OXAPAMPA,PASCO
35149,2247075,303569,"MEJORAMIENTO DE LOS SERVICIOS EDUCATIVOS DE LA I.E. MARIA PARADO DE BELLIDO, DISTRITO DE YANACANCHA - PASCO - PASCO",Contrata,Finalizado,13/12/2010 00:00:00,20373.27,YANACANCHA,PASCO,PASCO
34774,2253071,312174,"INSTALACION DE UNA LOSA DEPORTIVA EN EL CENTRO POBLADO DOCE DE OCTUBRE, DISTRITO DE YANAHUANCA, PROVINCIA DE DANIEL ALCIDES CARRION - PASCO",Contrata,Finalizado,26/06/2015 00:00:00,192577.78,YANAHUANCA,DANIEL ALCIDES CARRION,PASCO
34773,2253074,312305,"INSTALACION DE UNA LOSA DEPORTIVA EN LA INSTITUCIÓN EDUCATIVA N° 34535 DEL CENTRO POBLADO OCHO DE OCTUBRE, DISTRITO DE SANTA ANA DE TUSI, PROVINCIA DE DANIEL ALCIDES CARRION - PASCO",Contrata,Finalizado,23/05/2015 00:00:00,142608.02,SANTA ANA DE TUSI,DANIEL ALCIDES CARRION,PASCO
34772,2253072,312313,"INSTALACION DE UNA LOSA DEPORTIVA EN EL CENTRO POBLADO DE CARAHUAIN, DISTRITO DE YANAHUANCA, PROVINCIA DE DANIEL ALCIDES CARRION - PASCO",Contrata,Finalizado,15/06/2015 00:00:00,158603.50,YANAHUANCA,DANIEL ALCIDES CARRION,PASCO
34610,2212149,194378,MEJORAMIENTO DE LAS CONDICIONES DEL CAMPO DEPORTIVO DEL CENTRO POBLADO DE LA QUINUA-DISTRITO DE YANACANCHA-PASCO-PASCO,Contrata,Finalizado,15/07/2015 00:00:00,520836.61,YANACANCHA,PASCO,PASCO
34478,2191146,267615,"INSTALACION Y EQUIPAMIENTO DEL JARDIN DE NIÑOS EDMAR YNGUNZA MENDOZA DEL CENTRO POBLADO DE VISTA ALEGRE,DEL DISTRITO DE HUARIACA,PROVINCIA PASCO,REGION PASCO",Contrata,Finalizado,30/12/2014 00:00:00,721771.98,HUARIACA,PASCO,PASCO
34229,2244318,293084,"MEJORAMIENTO DE VIAS CON PISTAS, VEREDAS Y ESCALINATAS CALLE YANAHUANCA, JR JUNIN Y LEONCIO PRADO DEL C.P. CHANGO, DISTRITO DE CHACAYAN - DANIEL ALCIDES CARRION - PASCO",Contrata,Sin Ejecución,"",18000,CHACAYAN,DANIEL ALCIDES CARRION,PASCO
34214,2243912,291297,"MEJORAMIENTO DE VIAS CON PISTAS Y VEREDAS DE LOS BARRIOS SAN JUAN Y SAN PEDRO Y DE LAS CALLES ALFONSO UGARTE Y LEONCIO PRADO DEL CENTRO POBLADO DE CHANGO, DISTRITO DE CHACAYAN - DANIEL ALCIDES CARRION - PASCO",Contrata,Sin Ejecución,"",22000,CHACAYAN,DANIEL ALCIDES CARRION,PASCO
34206,2238650,269159,"MEJORAMIENTO Y REHABILITACIÓN DE CAMINO VECINAL HUERTAPAMPA (PUENTE ESCONDIDO) - PUENTE BEMIS L= 8+956 KM, DISTRITO DE CHACAYAN - DANIEL ALCIDES CARRION - PASCO",Contrata,Sin Ejecución,"",39950,CHACAYAN,DANIEL ALCIDES CARRION,PASCO
34185,2249651,311362,"MEJORAMIENTO DE LA OFERTA DE SERVICIOS EDUCATIVOS CON LA APLICACIÓN DE LAS TECNOLOGÍAS DE INFORMACIÓN Y COMUNICACIÓN EN LA INSTITUCIÓN EDUCATIVA SAN ANTONIO DE PADUA CENTRO POBLADO DE CHANGO, DISTRITO DE CHACAYAN - DANIEL ALCIDES CARRION - PASCO",Contrata,Sin Ejecución,"",35000,CHACAYAN,DANIEL ALCIDES CARRION,PASCO
34184,2249653,311366,"MEJORAMIENTO DE LA OFERTA DE SERVICIOS EDUCATIVOS CON LA APLICACIÓN DE LAS TECNOLOGÍAS DE INFORMACIÓN Y COMUNICACIÓN EN LA INSTITUCIÓN EDUCATIVA PRIMARIA 34129 CHACAYAN, DISTRITO DE CHACAYAN - DANIEL ALCIDES CARRION - PASCO",Contrata,Sin Ejecución,"",30000,CHACAYAN,DANIEL ALCIDES CARRION,PASCO
34172,2186712,277458,"MEJORAMIENTO DE LA LOSA DEPORTIVA CON GRASS SINTETICO EN EL CENTRO POBLADO DE QUIULACOCHA, COMUNIDAD CAMPESINA DE JURAJHUANCA Y LA COMUNIDAD CAMPESINA DE SAN ANTONIO DE RANCAS, DISTRITO DE SIMON BOLIVAR - PASCO - PASCO",Contrata,Sin Ejecución,"",315204,SIMON BOLIVAR,PASCO,PASCO
34095,2176419,239943,"MEJORAMIENTO Y AMPLIACION DEL SISTEMA DE AGUA POTABLE, SISTEMA DE ALCANTARILLADO Y TRATAMIENTO DE AGUAS RESIDUALES EN LA CIUDAD DE SANTA ANA DE TUSI, DISTRITO DE SANTA ANA DE TUSI - DANIEL ALCIDES CARRION - PASCO",Contrata,Finalizado,10/02/2015 00:00:00,7639300.30,SANTA ANA DE TUSI,DANIEL ALCIDES CARRION,PASCO
33935,2243388,289084,"MEJORAMIENTO DE LOS SERVICIOS EDUCATIVOS DE LA I.E. 34032 MARTIRES DE RANCAS DE LA LOCALIDAD DE SAN ANTONIO DE RANCAS, DISTRITO DE SIMON BOLIVAR - PASCO - PASCO",Contrata,Sin Ejecución,"","",SIMON BOLIVAR,PASCO,PASCO
33895,2241684,282514,"CREACION DEL LOCAL MUNICIPAL EN EL CENTRO POBLADO DE UNION SIRIA, DISTRITO DE CONSTITUCION - OXAPAMPA - PASCO",Contrata,Finalizado,7/12/2015 00:00:00,263730.79,CONSTITUCION,OXAPAMPA,PASCO
33735,2250850,284649,"INSTALACION DE LOS SERVICIOS DE PROTECCION DE AREAS AGRICOLAS EN EL RÍO CHOROBAMBA DE LA CC.NN TSACHOPEN Y OTROS, PROVINCIA DE OXAPAMPA, REGION PASCO",Administración directa,Finalizado,7/03/2017 00:00:00,8521920.91,OXAPAMPA,OXAPAMPA,PASCO
33734,2250924,287694,"INSTALACION DE SERVICIOS DE PROTECCIÓN DE ÁREAS AGRÍCOLAS DEL RIO CHONTABAMBA, DISTRITO DE CHONTABAMBA, PROVINCIA DE OXAPAMPA, REGIÓN PASCO",Contrata,En Ejecución,15/09/2017 00:00:00,4436862.47,CHONTABAMBA,OXAPAMPA,PASCO
33516,2110320,3373,"Contratacion del Contratista que Ejecutara la Obra: Rehabilitacion y Mejoramiento de la Carretera Puerto Bermudez - San Alejandro, Tramo: Dv. Puerto Bermudez - Ciudad Constitucion",Contrata,Finalizado,1/03/2016 00:00:00,244770600.23,CONSTITUCION,OXAPAMPA,PASCO
33492,2110320,3373,Contratacion del contratista que ejecutara la obra rehabilitacion y mejoramiento de la carretera puerto bermudez san alejandro tramo ciudad constitucion puerto sungaro,Contrata,Finalizado,1/03/2016 00:00:00,293447744.94,CONSTITUCION,OXAPAMPA,PASCO
33474,2235815,304968,"MEJORAMIENTO DE LOS SERVICIOS EDUCATIVOS EN LA INSTITUCION EDUCATIVA N 307 NIVEL INICIAL DE LA CC.NN. DE GOLONDRINAS, DISTRITO DE CONSTITUCION - OXAPAMPA - PASCO",Contrata,Sin Ejecución,"",349372.03,CONSTITUCION,OXAPAMPA,PASCO
33473,2245939,299185,"MEJORAMIENTO DE LOS SERVICIOS EDUCATIVOS EN LA I.E. INICIAL N° 305 EN EL SECTOR CARTAGENA, DISTRITO DE CONSTITUCION - OXAPAMPA - PASCO",Contrata,Finalizado,25/08/2016 00:00:00,459139.33,CONSTITUCION,OXAPAMPA,PASCO
33472,2198902,277000,"MEJORAMIENTO DEL COMEDOR POPULAR EN LA COMUNIDAD NATIVA NUEVO PORVENIR, DISTRITO DE CONSTITUCION - OXAPAMPA - PASCO",Contrata,Sin Ejecución,"",166413.75,CONSTITUCION,OXAPAMPA,PASCO
33448,2167554,252212,"CONSTRUCCION DEL CAMINO VECINAL TRAMO NUEVO PORVENIR - UNIDAD YANESHA, DISTRITO DE CONSTITUCION - OXAPAMPA - PASCO",Contrata,Finalizado,23/10/2015 00:00:00,1433350.77,CONSTITUCION,OXAPAMPA,PASCO
33447,2115869,122895,"CONSTRUCCION E IMPLEMENTACION DE LOS LABORATORIOS AGROPECUARIOS CON FINES DE INVESTIGACION EN LA UNDAC, SEDE OXAPAMPA",Contrata,Finalizado,12/09/2013 00:00:00,7506289.23,OXAPAMPA,OXAPAMPA,PASCO
33444,2131962,120422,"MEJORAMIENTO DE LA INFRAESTRUCTURA Y EQUIPAMIENTO DE LA FACULTAD DE CIENCIAS ECONOMICAS, CONTABLES Y ADMINISTRATIVAS DE LA UNIVERSIDAD NACIONAL DANIEL ALCIDES CARRION PASCO.",Contrata,Finalizado,6/02/2014 00:00:00,993115.10,,DANIEL ALCIDES CARRION,PASCO
33326,0,0,MANTENIMIENTO Y REFACCION DEL SISTEMA DE AGUA EN LOS BARRIOS SAN FRANCISCO Y SAN ANTONIO EN EL C.P DE LA QUINUA- DISTRITO DE YANACANCHA-PASCO.,Administración directa,Finalizado,5/11/2014 00:00:00,11423.96,YANACANCHA,PASCO,PASCO
33322,0,0,REHABILITACION DE PONTON PEATONAL PROVISIONAL POR EMERGENCIA EN LA COMUNIDAD CAMPESINA LA QUINUA -YANACANCHA-PASCO,Administración directa,Finalizado,15/04/2014 00:00:00,9602.79,YANACANCHA,PASCO,PASCO
33313,2199788,297142,"MEJORAMIENTO DEL SERVICIO DE AGUA POTABLE Y SANEAMIENTO EN LA COMUNIDAD NATIVA DE CAHUAPANAS, DISTRITO DE CONSTITUCION - OXAPAMPA - PASCO",Contrata,Finalizado,6/04/2015 00:00:00,605834.80,CONSTITUCION,OXAPAMPA,PASCO
32480,0,0,"EJECUCION DE LA OBRA: ¿CONSTRUCCION DE PAVIMENTO RIGIDO DEL JR. HUANUCO ENTRE LA CALLE 28 DE JULIO Y JR 07 DE JUNIO, DISTRITO DE PAUCAR, PROVINCIA DANIEL CARRION - PASCO¿",Contrata,Finalizado,17/08/2015 00:00:00,153937.89,PAUCAR,PASCO,PASCO
32426,2137021,162618,"CONSTRUCCION DE LOCAL COMUNAL EN LA COMUNIDAD CAMPESINA DE YARUSYACAN, DISTRITO DE SAN FRANCISCO DE ASIS DE YARUSYACAN - PASCO - PASCO",Administración directa,Finalizado,12/12/2012 00:00:00,659126.33,SAN FRANCISCO DE ASIS DE YARUSYACAN,PASCO,PASCO
32424,2213771,206938,"MEJORAMIENTO DEL LOCAL DE USOS MULTIPLES DE LA COMUNIDAD CAMPESINA DE PACHACRAHUAY, DISTRITO DE SAN FRANCISCO DE ASIS DE YARUSYACAN",Contrata,Sin Ejecución,"",455804.47,SAN FRANCISCO DE ASIS DE YARUSYACAN,PASCO,PASCO
32423,2190595,274627,"CREACION DE CERCO PERIMETRICO Y PABELLONES DEL CEMENTERIO GENERAL EN EL CENTRO POBLADO DE JUNIPALCA, DISTRITO DE SAN FRANCISCO DE ASIS DE YARUSYACAN - PASCO",Contrata,Sin Ejecución,"",627211.43,SAN FRANCISCO DE ASIS DE YARUSYACAN,PASCO,PASCO
32418,2190597,265489,"CREACION DE PISTAS,VEREDAS Y HABILITACION DE AREAS VERDES EN LA LOCALIDAD DE JORAONIYOC, DISTRITO DE SAN FRANCISCO DE ASIS DE YARUSYACAN - PASCO - PASCO",Contrata,En Ejecución,6/09/2014 00:00:00,957947.85,SAN FRANCISCO DE ASIS DE YARUSYACAN,PASCO,PASCO
32416,2157021,206775,"REHABILITACION Y MEJORAMIENTO DEL CAMINO VECINAL WIWIR-HUANCAMACHAY, DISTRITO DE SAN FRANCISCO DE ASIS DE YARUSYACAN - PASCO",Contrata,Sin Ejecución,"",687546.61,SAN FRANCISCO DE ASIS DE YARUSYACAN,PASCO,PASCO
32414,2212314,214513,"MEJORAMIENTO DE LOS SERVICIOS DE AGUA POTABLE E INSTALACION DEL DESAGUE LOS ANGELES, DISTRITO DE SAN FRANCISCO DE ASIS DE YARUSYACAN - PASCO - PASCO",Contrata,Finalizado,3/04/2014 00:00:00,726150.18,SAN FRANCISCO DE ASIS DE YARUSYACAN,PASCO,PASCO
32413,2188551,282504,"CREACION DEL LOCAL CULTURAL DE LA LOCALIDAD DE CHAUYAR, DISTRITO DE SAN FRANCISCO DE ASIS DE YARUSYACAN - PASCO - PASCO",Administración directa,Sin Ejecución,"",495527.79,SAN FRANCISCO DE ASIS DE YARUSYACAN,PASCO,PASCO
32237,2191633,273038,"CREACION DEL MINICOMPLEJO DEPORTIVO EN LA LOCALIDAD DE BATANCHACA - YARUSYACAN, DISTRITO DE SAN FRANCISCO DE ASIS DE YARUSYACAN - PASCO",Contrata,Finalizado,3/02/2014 00:00:00,1793610.51,SAN FRANCISCO DE ASIS DE YARUSYACAN,PASCO,PASCO
32236,2181689,257543,"MEJORAMIENTO DE LOS SERVICIOS DE EDUCACION PRIMARIA Nº 34125 24 DE JUNIO EN LA LOCALIDAD DE CHACRA COLORADA, DISTRITO DE SAN FRANCISCO DE ASIS DE YARUSYACAN - PASCO - PASCO",Contrata,Finalizado,4/02/2014 00:00:00,601842.80,SAN FRANCISCO DE ASIS DE YARUSYACAN,PASCO,PASCO
32235,2180335,262204,"INSTALACION DE LOS SERVICIOS HIGIENICOS EN EL CENTRO POBLADO DE COCHACHARAO, DISTRITO DE SAN FRANCISCO DE ASIS DE YARUSYACAN - PASCO",Contrata,Sin Ejecución,"",113277.60,SAN FRANCISCO DE ASIS DE YARUSYACAN,PASCO,PASCO
32233,2219245,237298,"CREACION DEL COMPLEJO MULTIDEPORTIVO EN LA LOCALIDAD DE MIRAFLORES, CENTRO POBLADO DE JUNIPALCA, DISTRITO DE SAN FRANCISCO DE ASIS DE YARUSYACAN - PASCO - PASCO",Contrata,En Ejecución,25/07/2013 00:00:00,1580619.98,SAN FRANCISCO DE ASIS DE YARUSYACAN,PASCO,PASCO
32231,2206083,218199,CREACION DE PISTAS Y VEREDAS EN LA CALLE DOS DE MAYO EN EL CENTRO POBLADO DE COCHACHARAO DISTRITO DE SAN FRANCISCO DE ASIS DE YARUSYACAN - PASCO - PASCO,Contrata,Sin Ejecución,"",1894087.46,SAN FRANCISCO DE ASIS DE YARUSYACAN,PASCO,PASCO
32230,2164241,184068,"MEJORAMIENTO DE LOS SERVICIOS DE ADMINISTRACION DE JUSTICIA DE LOS ORGANOS JURISDICCIONALES E IMPLEMENTACION DEL NUEVO CODIGO PROCESAL PENAL EN EL DISTRITO DE SAN FRANCISCO DE ASIS DE YARUSYACAN - PROVINCIA, DEPARTAMENTO Y DISTRITO JUDICIAL DE PASCO",Contrata,Finalizado,7/11/2012 00:00:00,814250.65,SAN FRANCISCO DE ASIS DE YARUSYACAN,PASCO,PASCO
32229,2211061,215110,"MEJORAMIENTO DE LA GESTIÓN INTEGRAL DE RESIDUOS SOLIDOS MUNICIPALES EN EL CENTRO POBLADO SAN JUAN DE MILPO, DISTRITO DE SAN FRANCISCO DE ASIS DE YARUSYACAN - PASCO - PASCO",Contrata,Finalizado,21/01/2013 00:00:00,1591724.53,SAN FRANCISCO DE ASIS DE YARUSYACAN,PASCO,PASCO
32228,2203621,215513,"INSTALACION DEL SERVICIO DE AGUA POTABLE Y MEJORAMIENTO DE LA PLANTA PROCESADORA DE AGUAS RESIDUALES DEL CENTRO POBLADO DE COCHACHARAO, DISTRITO DE SAN FRANCISCO DE ASIS DE YARUSYACAN",Contrata,Sin Ejecución,"",1194944.97,SAN FRANCISCO DE ASIS DE YARUSYACAN,PASCO,PASCO
32227,2203619,214147,"INSTALACION DEL PUESTO POLICIAL EN LA LOCALIDAD DE YARUSYACAN , DISTRITO DE SAN FRANCISCO DE ASIS DE YARUSYACAN - PASCO",Contrata,Finalizado,7/01/2013 00:00:00,779826.17,SAN FRANCISCO DE ASIS DE YARUSYACAN,PASCO,PASCO
32225,2208740,215799,"INSTALACION DEL PUENTE DEL CENTRO POBLADO JUNIPALCA, DISTRITO DE SAN FRANCISCO DE ASIS DE YARUSYACAN - PASCO",Contrata,Finalizado,30/11/2012 00:00:00,375886.36,SAN FRANCISCO DE ASIS DE YARUSYACAN,PASCO,PASCO
32223,2157020,193548,"INSTALACION DEL PAVIMENTO PERIMETRICO DE LA PLAZA - PARQUE DEL ANEXO DE SAN RAMÓN DE YANAPAMPA, DISTRITO DE SAN FRANCISCO DE ASIS DE YARUSYACAN - PASCO",Contrata,Sin Ejecución,"",264207.54,SAN FRANCISCO DE ASIS DE YARUSYACAN,PASCO,PASCO
32222,2208633,202927,"INSTALACION DEL COMPLEJO DEPORTIVO DE LA LOCALIDAD DE SAN RAMÓN DE YANAPAMPA, DISTRITO DE SAN FRANCISCO DE ASIS DE YARUSYACAN - PASCO",Contrata,Finalizado,10/01/2013 00:00:00,892497.60,SAN FRANCISCO DE ASIS DE YARUSYACAN,PASCO,PASCO
32221,2208368,219319,"INSTALACION DE SERVICIOS DE PROTECCION EN INGRESO A LA LOCALIDAD DE CHACRA COLORADA, DISTRITO DE SAN FRANCISCO DE ASIS DE YARUSYACAN - PASCO",Contrata,Sin Ejecución,"",389001.75,SAN FRANCISCO DE ASIS DE YARUSYACAN,PASCO,PASCO
32220,2206767,213989,"CREACION DEL MURO DE CONTENCION EN EL MARGEN DERECHO DE INGRESO A LA LOCALIDAD DE YACUTINCO, DISTRITO DE SAN FRANCISCO DE ASIS DE YARUSYACAN",Contrata,Finalizado,20/12/2012 00:00:00,228558.47,SAN FRANCISCO DE ASIS DE YARUSYACAN,PASCO,PASCO
32219,2219354,238909,"CREACION DEL MODERNO PORTICO DE INGRESO A LA LOCALIDAD DE YARUSYACAN, DISTRITO DE SAN FRANCISCO DE ASIS DE YARUSYACAN - PASCO",Contrata,Finalizado,12/12/2012 00:00:00,352936.12,SAN FRANCISCO DE ASIS DE YARUSYACAN,PASCO,PASCO
32218,2149105,189445,CONSTRUCCION DE INFRAESTRUCTURA E IMPLEMETACION DEL C.N.I N° 34058 JOSE FAUSTINO SANCHEZ CARRION DEL CENTRO POBLADO DE MACHCAN DEL DISTRITO DE SAN FRANCISCO DE ASIS DE YARUSYACAN PROVINCIA Y REGION PASCO,Contrata,Sin Ejecución,"",916525.86,SAN FRANCISCO DE ASIS DE YARUSYACAN,PASCO,PASCO
32217,2149744,188084,"INSTALACION DE PISTAS, VEREDAS Y AREAS VERDES EN EL JIRON CARRION Y PASAJE AYACUCHO EN LA LOCALIDAD DE BATANCHACA DEL DISTRITO DE SAN FRANCISCO DE ASIS DE YARUSYACAN PROVINCIA Y REGION DE PASCO",Contrata,Sin Ejecución,"",636327.29,SAN FRANCISCO DE ASIS DE YARUSYACAN,PASCO,PASCO
32215,2113582,140443,"CONSTRUCCION DE MURO DE CONTENCION EN EL ANEXO DE SHAURIN, DISTRITO DE SAN FRANCISCO DE ASIS DE YARUSYACAN - PASCO - PASCO",Contrata,Finalizado,15/07/2013 00:00:00,1013375.51,SAN FRANCISCO DE ASIS DE YARUSYACAN,PASCO,PASCO
32214,2147412,177559,"CONSTRUCCION DE LA INFRAESTRUCTURA Y EQUIPAMIENTO DE LA I.E.I. TERESITA DE JESUS DEL CENTRO POBLADO DE PUMACAYAN, DISTRITO DE SAN FRANCISCO DE ASIS DE YARUSYACAN - PROVINCIA Y REGION DE PASCO",Contrata,Finalizado,20/10/2012 00:00:00,732983.27,SAN FRANCISCO DE ASIS DE YARUSYACAN,PASCO,PASCO
32213,2144242,182935,"CONSTRUCCION DE DEFENSA RIBEREÑA MARGEN IZQUIERDA EN EL CENTRO POBLADO DE VILLA CORAZÓN DE COCHAC, DISTRITO DE SAN FRANCISCO DE ASIS DE YARUSYACAN PROVINCIA Y REGION PASCO",Contrata,Finalizado,26/10/2011 00:00:00,670728.03,SAN FRANCISCO DE ASIS DE YARUSYACAN,PASCO,PASCO
32208,2118465,151770,"AMPLIACION, MEJORAMIENTO DE LA CAPACIDAD RESOLUTIVA DEL PUESTO DE SALUD DEL ANEXO DE HUANCAMACHAY, DISTRITO DE SAN FRANCISCO DE ASIS DE YARUSYACAN - PASCO - PASCO",Contrata,Finalizado,10/01/2014 00:00:00,557815.28,SAN FRANCISCO DE ASIS DE YARUSYACAN,PASCO,PASCO
32207,2203859,217732,INSTALACIÓN DE LOS SERVICIOS DE PROTECCIÓN EN LA LOCALIDAD DE PACHACRAHUAY DISTRITO DE SAN FRANCISCO DE ASÍS DE YARUSYACAN,Contrata,Finalizado,5/11/2012 00:00:00,599717.47,,,PASCO
32206,2147409,187171,"AMPLIACION Y MEJORAMIENTO DE DEFENSA RIBEREÑA DEL CENTRO POBLADO DE JUNIPALCA, DISTRITO DE SAN FRANCISCO DE ASIS DE YARUSYACAN - PASCO - PASCO",Contrata,Finalizado,12/05/2014 00:00:00,1268903.97,SAN FRANCISCO DE ASIS DE YARUSYACAN,PASCO,PASCO
31999,0,0,"AMPLIACIÓN Y MEJORAMIENTO DE AGUA POTABLE EN EL CASERÍO DE QUECHCA DEL DISTRITO DE VILCABAMBA, PROVINCIA DE DANIEL CARRIÓN - REGIÓN PASCO",Contrata,Sin Ejecución,"",208638.11,VILCABAMBA,PASCO,PASCO
31941,2208523,212041,"INSTALACION DE UNA LOSA DEPORTIVA MULTIFUNCIONAL EN LA I.E. 34351 JOSE A ENCINAS FRANCO DEL CASERIO DE CUYAGHUAIN DISTRITO DE SANTA ANA DE TUSI, PROVINCIA DE DANIEL ALCIDES CARRION - PASCO",Contrata,Finalizado,8/04/2014 00:00:00,75160.24,SANTA ANA DE TUSI,DANIEL ALCIDES CARRION,PASCO
31939,2212848,212044,"MEJORAMIENTO DE PISTAS Y VEREDAS DEL PASAJE CARRION, DISTRITO DE YANAHUANCA, PROVINCIA DE DANIEL ALCIDES CARRION - PASCO",Contrata,Finalizado,17/09/2013 00:00:00,84994.49,YANAHUANCA,DANIEL ALCIDES CARRION,PASCO
31937,2209999,203535,"MEJORAMIENTO AMPLIACION DEL ESTADIO DEL CENTRO POBLADO DE CHIPIPATA YANAHUANCA, PROVINCIA DE DANIEL ALCIDES CARRION - PASCO",Contrata,Finalizado,5/05/2014 00:00:00,774161.93,YANAHUANCA,DANIEL ALCIDES CARRION,PASCO
31650,2193936,280765,"AMPLIACIÓN DEL SERVICIO DE ENERGÍA ELECTRICA CONVENCIONAL EN EL CENTRO POBLADO DE COLQUIJIRCA, URBANIZACIÓN EULOGIO FERNANDINI y DANIEL A. CARRlÓN, DISTRITO DE TINYAHUARCO - PASCO - PASCO, COMPONENTE: SUB SISTEMA DE RED DE DISTRlBUCION PRIMARIA",Contrata,Finalizado,13/01/2015 00:00:00,425234.24,TINYAHUARCO,PASCO,PASCO
31573,2184229,253367,"INSTALACION DEL SISTEMA DE AGUA Y LETRINAS SANITARIAS EN EL SECTOR DE CHURUMAZU, DISTRITO DE OXAPAMPA, PROVINCIA DE OXAPAMPA - PASCO",Contrata,En Ejecución,4/05/2015 00:00:00,"",OXAPAMPA,OXAPAMPA,PASCO
31501,2201298,303841,INSTALACION DE LOSA DEPORTIVA MULTIUSOS DE LA URB. NUEVA SMELTER EN LA LOCALIDAD DE SMELTER DISTRITO DE TINYAHUARCO PASCO PASCO,Contrata,Finalizado,16/03/2015 00:00:00,256128.22,TINYAHUARCO,PASCO,PASCO
31442,2190256,268439,"MEJORAMIENTO DEL PUENTE PEATONAL EN EL CENTRO POBLADO DE CAJAMARQUILLA, DISTRITO DE YANACANCHA - PASCO - PASCO",Contrata,Finalizado,22/08/2014 00:00:00,128039.71,YANACANCHA,PASCO,PASCO
31394,0,0,"ASFALTADO DE LA CARRETERA DE 1,250 KM. CASABLANCA-SHELBY, DISTRITO DESOLI VICCO-PASCO-PASCO",Contrata,Finalizado,20/04/2015 00:00:00,1125004.28,VICCO,PASCO,PASCO
31349,2128959,141984,"RECONSTRUCCION DE LA REPRESA EN LA LAGUNA DE YANACOCHA DE LA LOCALIDAD DE VILLA DE PASCO, DISTRITO DE FUNDICION DE TINYAHUARCO, PROVINCIA DE PASCO - PASCO",Contrata,Finalizado,14/12/2012 00:00:00,8783975.31,TINYAHUARCO,PASCO,PASCO
31337,2138123,122079,"CONSTRUCCION DE SISTEMA DE RIEGO EN EL PREDIO PALCA DE LA COMUNIDAD CAMPESINA DE TINGO PALCA, DISTRITO DE YANACANCHA - PASCO - PASCO",Contrata,Finalizado,19/09/2012 00:00:00,635647.12,YANACANCHA,PASCO,PASCO
31332,2140979,103583,"MEJORAMIENTO DE LA CAPACIDAD RESOLUTIVA DEL PUESTO DE SALUD DE ANASQUIZQUE, DISTRITO DE YANACANCHA - PASCO - PASCO",Contrata,Finalizado,14/02/2012 00:00:00,366048.64,YANACANCHA,PASCO,PASCO
31305,0,0,"CONSTRUCCIÓN DE LETRINAS Y MEJORAMIENTO DEL SISTEMA DE ABASTECIMIENTO DE AGUA EN EL CASERIO DE JATUN PATA, DISTRITO DE HUANCABAMBA, PROVINCIA DE OXAPAMPA - PASCO",Contrata,Finalizado,21/01/2015 00:00:00,162938.27,HUANCABAMBA,OXAPAMPA,PASCO
31302,0,0,"CONSTRUCCIÓN DE LETRINAS Y MEJORAMIENTO DEL SISTEMA DE ABASTECIMIENTO DE AGUA EN EL CASERÍO DE PURUMAYO, DISTRITO DE HUANCABAMBA, PROVINCIA DE OXAPAMPA - PASCO",Contrata,Finalizado,19/01/2015 00:00:00,197887.08,HUANCABAMBA,OXAPAMPA,PASCO
31295,0,0,CONSTRUCCIÓN DE LOSA MULTIDEPORTIVA EN EL CENTRO EDUCATIVO 34408 DEL ANEXO DE PAMPA CHICA,Contrata,Finalizado,25/01/2015 00:00:00,138557.37,,,PASCO
31287,2213951,203467,"""MEJORAMIENTO DEL PONTÓN PEATONAL EN LA COMUNIDAD DE TINGO DEL ANEXO DE TINGO PALCA DISTRITO DE YANACANCHA - PASCO - PASCO""",Contrata,Finalizado,18/09/2012 00:00:00,157842.53,YANACANCHA,PASCO,PASCO
31243,2189528,236321,"CONSTRUCCION DE TROCHA CARROZABLE CHICHICORRAL-UTUTUPAMPA EN EL CENTRO POBLADO DE CHUPACA, DISTRITO DE PAUCARTAMBO PASCO-PASCO.",Administración directa,En Ejecución,15/09/2014 00:00:00,294967.08,PAUCARTAMBO,PASCO,PASCO
31192,2127611,142560,MEJORAMIENTO DEL SERVICIO EDUCATIVO DE LA I.E. JARDIN DE NIÑOS SAN MIGUEL DE SANTA ROSA DE PITIC DEL DISTRITO DE YANACANCHA - PASCO - PASCO,Contrata,Finalizado,14/08/2015 00:00:00,192864.97,YANACANCHA,PASCO,PASCO
31117,2191154,267920,"INSTALACION Y EQUIPAMIENTO DEL JARDÍN DE NIÑOS SAN DANIEL DEL CENTRO POBLADO SAN DANIEL, DEL DISTRITO DE HUANCABAMBA, PROVINCIA PASCO, REGION PASCO",Contrata,Finalizado,3/02/2015 00:00:00,995318.42,HUANCABAMBA,PASCO,PASCO
31108,2191155,267927,"INSTALACION Y EQUIPAMIENTO DEL JARDIN DE NIÑOS PAMPA ENCANTADA DEL CENTRO POBLADO PAMPA ENCANTADA, DEL DISTRITO DE VILLA RICA PROVINCIA DE OXAPAMPA REGION PASCO",Contrata,Finalizado,3/02/2015 00:00:00,1030963.14,VILLA RICA,OXAPAMPA,PASCO
31081,2191148,267691,"INSTALACION Y EQUIPAMIENTO DEL JARDIN DE NIÑOS SAN RAMON DE YANAPAMPA DEL CENTRO POBLADO DE SAN RAMON DE YANAPAMPA, DEL DISTRITO DE SAN FRANCISCO DE ASIS DE YARUSYACAN, PROVINCIA PASCO, REGION PASCO",Contrata,Finalizado,30/12/2014 00:00:00,954887.98,SAN FRANCISCO DE ASIS DE YARUSYACAN,PASCO,PASCO
31079,2201851,268212,INSTALACION DE LA LOSA MULTIDEPORTIVA EN EL ANEXO LOS ANGELES DEL CENTRO POBLADO DE CAJAMARQUILLA DEL DISTRITO DE YANACANCHA - PASCO - PASCO,Contrata,Finalizado,17/06/2015 00:00:00,323453.09,YANACANCHA,PASCO,PASCO
31078,2191153,267915,"INSTALACION Y EQUIPAMIENTO DEL JARDÍN DE NIÑOS VIRGEN DE GUADALUPE DEL CENTRO POBLADO DE LANTURACHI, DEL DISTRITO DE HUANCABAMBA, PROVINCIA PASCO, REGION PASCO",Contrata,Finalizado,10/03/2015 00:00:00,1086279.89,HUANCABAMBA,PASCO,PASCO
31074,2233153,228615,REHABILITACION DEL TRAMO SAN PEDRO DE PILLAO-OCHO DE DICIEMBRE-INDEPENDENCIA DE LA CARRETERA EN LOS DISTRITOS DE SAN PEDRO DE PILLAO Y PAUCAR-DANIEL ALCIDES CARRION-PASCO,Contrata,Finalizado,14/11/2014 00:00:00,4832550.61,SAN PEDRO DE PILLAO,DANIEL ALCIDES CARRION,PASCO
30973,2120100,126745,"CONSTRUCCION DE LOSA DEPORTIVA EN EL BARRIO CHOSICA, DE LA COMUNIDAD CAMPESINA LA CANDELARIA, DISTRITO DE YANACANCHA - PASCO - PASCO",Administración directa,Finalizado,16/08/2012 00:00:00,137946,YANACANCHA,PASCO,PASCO
30876,2213952,201912,"MEJORAMIENTO DEL PONTON PEATONAL EN LA ZONA DE MARIACTINGO ANEXO DE PARIAMARCA, DISTRITO DE YANACANCHA - PASCO - PASCO",Contrata,Finalizado,31/07/2014 00:00:00,112548,YANACANCHA,PASCO,PASCO
30864,2190258,263235,"MEJORAMIENTO DEL ESTRADO Y TRIBUNA DE LA PISTA OFICIAL DE DESFILE EN LA AVENIDA DANIEL ALCIDES CARRION, DISTRITO DE YANACANCHA - PASCO - PASCO",Contrata,Finalizado,21/10/2014 00:00:00,686660.63,YANACANCHA,DANIEL ALCIDES CARRION,PASCO
30809,2124569,111740,"FORTALECIMIENTO DE LA PRESTACION DE SERVICIOS DE LA UNIDAD DE SERENAZGO, DISTRITO DE YANACANCHA - PASCO - PASCO",Contrata,Finalizado,6/02/2012 00:00:00,143121.50,YANACANCHA,PASCO,PASCO
30768,2213950,202179,"MEJORAMIENTO DEL PONTON PEATONAL EN EL ANEXO HUAPSACANCHA, DISTRITO DE YANACANCHA - PASCO - PASCO",Contrata,Finalizado,13/11/2012 00:00:00,99520.96,YANACANCHA,PASCO,PASCO
30740,2150940,192814,"MEJORAMIENTO DEL SERVICIO DE SEGURIDAD CIUDADANA EN LA ZONA URBANA MARGINAL DEL, DISTRITO DE YANACANCHA - PASCO - PASCO",Contrata,Finalizado,5/09/2012 00:00:00,1455020,YANACANCHA,PASCO,PASCO
30689,2135450,162287,"CONSTRUCCION DE LOSA DEPORTIVA EN EL SECTOR 5 ASENTAMIENTO HUMANO COLUMNA PASCO , DISTRITO DE YANACANCHA - PASCO - PASCO",Contrata,Finalizado,28/06/2011 00:00:00,89875,YANACANCHA,PASCO,PASCO
30678,2160168,182164,"AMPLIACIÓN Y MEJORAMIENTO DEL SISTEMA DE AGUA POTABLE Y CONSTRUCCIÓN DEL SISTEMA DE ALCANTARILLADO Y PLANTA DE TRATAMIENTO DE AGUAS RESIDUALES DE LA LOCALIDAD DE SOCORRO, DISTRITO DE NINACACA - PASCO - PASCO",Contrata,Finalizado,15/08/2015 00:00:00,2383084.20,NINACACA,PASCO,PASCO
30646,2144444,183902,"CONSTRUCCION DE SS.HH. ASOCIACION DE VIVIENDA NUEVA CAJAMARQUILLA C.P. CAJAMARQUILLA, DISTRITO DE YANACANCHA - PASCO - PASCO",Contrata,Finalizado,2/06/2012 00:00:00,101635,YANACANCHA,PASCO,PASCO
30554,2201958,305405,"INSTALACION DE CANAL PLUVIAL EN EL CERRO MESADAPATA, CENTRO POBLADO AUQUIMARCA, DISTRITO DE PAUCARTAMBO - PASCO - PASCO",Contrata,Finalizado,11/05/2015 00:00:00,166782.41,PAUCARTAMBO,PASCO,PASCO
30450,2201535,305623,MEJORAMIENTO DE LOS SERVICIOS EDUCATIVOS DEL NIVEL SECUNDARIO EN LA IE ERNESTO VON MULLEMBRUK DISTRITO DE CHONTABAMBA OXAPAMPA PASCO.,Administración directa,Finalizado,12/11/2014 00:00:00,2177617,CHONTABAMBA,OXAPAMPA,PASCO
30362,2196924,294138,"EJECUCION DE OBRA MEJORAMIENTO DE LOS SERVICIOS EDUCATIVOS DE LA INSTITUCION EDUCATIVA INICIAL LOS SANTOS APOSTOLES DE LA LOCALIDAD DE TAPUC, DISTRITO DE TAPUC - DANIEL ALCIDES CARRION - PASCO",Contrata,Finalizado,2/02/2015 00:00:00,1780900,TAPUC,DANIEL ALCIDES CARRION,PASCO
30327,2152029,192239,"CREACION Y EQUIPAMIENTO DEL CENTRO DE CAPACITACION TECNICA SOCIAL EN PAUCARTAMBO, DISTRITO DE PAUCARTAMBO - PASCO - PASCO",Contrata,Finalizado,8/01/2015 00:00:00,310189.35,PAUCARTAMBO,PASCO,PASCO
30312,2141627,156256,"MEJORAMIENTO DE LOS SERVICIOS EDUCATIVOS DE LA INSTITUCIÓN EDUCATIVA TUPAC AMARU DE PARIAMARCA, DISTRITO DE YANACANCHA - PASCO - PASCO",Contrata,Finalizado,21/11/2011 00:00:00,958267,YANACANCHA,PASCO,PASCO
30307,2199382,299644,"INSTALACION DE LA DEFENSA RIBEREÑA DEL RIO PAUCARTAMBO EN EL ANEXO DE PAMPA HERMOSA, CENTRO POBLADO DE SANTA ISABEL, DISTRITO DE PAUCARTAMBO - PASCO - PASCO",Contrata,Finalizado,7/11/2014 00:00:00,247826.33,PAUCARTAMBO,PASCO,PASCO
30306,2144113,183448,"ACONDICIONAMIENTO Y TRATAMIENTO PAISAJISTICO DE LA ZONA DE PUNCUY, DISTRITO DE YANACANCHA - PASCO - PASCO",Contrata,Finalizado,5/04/2012 00:00:00,167584.50,YANACANCHA,PASCO,PASCO
30299,2126321,115782,"MEJORAMIENTO DE LA OFERTA DE LOS SERVICIOS EDUCATIVOS DE LA INSTITUCION EDUCATIVA LA CANTUTA DEL CENTRO POBLADO DE ANASQUIZQUE, DISTRITO DE YANACANCHA - PASCO - PASCO",Contrata,Finalizado,24/11/2011 00:00:00,488363,YANACANCHA,PASCO,PASCO
30295,2127609,116792,"MEJORAMIENTO DEL SERVICIO EDUCATIVO DE LA I. E. COLUMNA PASCO , DISTRITO DE YANACANCHA - PASCO - PASCO",Contrata,Finalizado,28/11/2011 00:00:00,874636,YANACANCHA,PASCO,PASCO
30284,2199359,280688,"CREACION DEL PALACIO MUNICIPAL DEL CENTRO POBLADO DE SANTA ISABEL, DISTRITO DE PAUCARTAMBO - PASCO - PASCO",Contrata,Finalizado,22/10/2014 00:00:00,330646.76,PAUCARTAMBO,PASCO,PASCO
30278,2199745,284651,"AMPLIACION DEL SISTEMA DE ABASTECIMIENTO DE AGUA POTABLE E INSTALACIÓN DE SISTEMA DE ALCANTARILLADO EN EL BARRIO CHACACHIMPAN, DISTRITO DE PAUCARTAMBO - PASCO - PASCO",Contrata,Finalizado,1/11/2014 00:00:00,303471.45,PAUCARTAMBO,PASCO,PASCO
30249,2123105,150227,"CONSTRUCCION DEL SISTEMA DE DISPOSICION SANITARIA DE EXCRETAS EN LA ZONA RURAL EL OCONAL , DISTRITO DE VILLA RICA, PROVINCIA DE OXAPAMPA - PASCO",Contrata,Finalizado,25/10/2014 00:00:00,518752.80,VILLA RICA,OXAPAMPA,PASCO
30248,2211185,150219,"MEJORAMIENTO DE LA INFRAESTRUCTURA EDUCATIVA DE LA INSTITUCION EDUCATIVA N 34619 LEOPOLDO KRAUSE , DISTRITO DE VILLA RICA, PROVINCIA DE OXAPAMPA - PASCO",Contrata,En Ejecución,20/11/2013 00:00:00,3485694.30,VILLA RICA,OXAPAMPA,PASCO
30211,2197783,269683,"AMPLIACION DEL SERVICIO DE SEGURIDAD CIUDADANA EN LA ZONA URBANA Y MARGINAL, DISTRITO DE YANACANCHA - PASCO - PASCO",Contrata,Finalizado,15/10/2014 00:00:00,1344081.74,YANACANCHA,PASCO,PASCO
30154,0,0,"ACONDICIONAMIENTO DEL DEPOSITO DE LODOS EN EL SECTOR CURVA EN AZALIA GOYLLARISQUIZGA, PASCO",Contrata,Finalizado,8/02/2015 00:00:00,672125.78,GOYLLARISQUIZGA,PASCO,PASCO
30129,2200964,304648,"REHABILITACION Y PROTECCION DE LA LOSA DEPORTIVA EN EL ANEXO DE CUTUCHACA C.P. SAN FRANCISCO, DISTRITO DE PAUCARTAMBO PASCO-PASCO.",Administración directa,Finalizado,3/11/2014 00:00:00,233492.91,PAUCARTAMBO,PASCO,PASCO
30114,0,0,INSTALACION DEL CENTRO CULTURAL Y DEPORTIVO DE LA LOCALIDAD DE CHACAYAN DISTRITO DE CHACAYAN - PROVINCIA DE DANIEL ALCIDES CARRION - REGION PASCO,Contrata,Sin Ejecución,"","",CHACAYAN,DANIEL ALCIDES CARRION,PASCO
30076,2207616,193155,"INSTALACION DE INFRAESTRUCTURA POLIDEPORTIVA EN EL BARRIO LA ESPERANZA DEL CENTRO POBLADO DE CAJAMARQUILLA, DISTRITO DE YANACANCHA PASCO-PASCO",Contrata,Finalizado,21/10/2014 00:00:00,367580.68,YANACANCHA,PASCO,PASCO
30019,2181857,259390,MEJORAMIENTO DE PISTAS Y VEREDAS EN LA CALLE CERRO DE PASCO DEL DISTRITO DE SAN PEDRO DE PILLAO PROVINCIA DE DANIEL ALCIDES CARRION - PASCO,Contrata,Finalizado,8/12/2014 00:00:00,815920.53,SAN PEDRO DE PILLAO,DANIEL ALCIDES CARRION,PASCO
29832,2201956,287307,"MEJORAMIENTO DE LA TROCHA CARROZABLE DE SANTA CRUZ DE TINGO - LA LIBERTAD, CENTRO POBLADO DE BELLAVISTA, DISTRITO DE PAUCARTAMBO - PASCO - PASCO",Contrata,Finalizado,2/12/2014 00:00:00,380910.85,PAUCARTAMBO,PASCO,PASCO
29761,0,0,MEJORAMIENTO DE PRADERAS CON PASTOS CULTIVADOS EN LA ZONA DE PRODUCCIÓN DE JOGOPURHUA,Administración directa,En Ejecución,16/10/2014 00:00:00,138574.68,,,PASCO
29732,2194976,267863,"MEJORAMIENTO DE LOS SERVICIOS EDUCATIVOS DE LA INSTITUCION EDUCATIVA N 34121 DE LUCMAPAMPA, DISTRITO DE YANAHUANCA, PROVINCIA DE DANIEL ALCIDES CARRION - PASCO",Contrata,Finalizado,20/01/2016 00:00:00,487176.31,YANAHUANCA,DANIEL ALCIDES CARRION,PASCO
29661,2190526,275047,"Creacion del Centro de Servicio al Contribuyente en la ciudad de Oxapampa, prvincia de Oxapampa, Region Pasco",Contrata,Finalizado,15/11/2014 00:00:00,584870.09,OXAPAMPA,OXAPAMPA,PASCO
29585,2157020,193548,"INSTALACION DEL PAVIMENTO PERIMETRICO DE LA PLAZA - PARQUE DEL ANEXO DE SAN RAMÓN DE YANAPAMPA, DISTRITO DE SAN FRANCISCO DE ASIS DE YARUSYACAN - PASCO - PASCO",Contrata,Finalizado,20/11/2012 00:00:00,264207.54,SAN FRANCISCO DE ASIS DE YARUSYACAN,PASCO,PASCO
29458,2191359,265255,"MEJORAMIENTO DE LA TRANSITABILIDAD VEHICULAR Y PEATONAL EN LAS VÍAS DE EMPALME DE LA ZONA URBANA DEL DISTRITO DE OXAPAMPA, PROVINCIA DE OXAPAMPA - PASCO",Contrata,En Ejecución,1/06/2026 00:00:00,"",OXAPAMPA,OXAPAMPA,PASCO
29380,2196325,262261,"MEJORAMIENTO DE LOS SERVICIOS EDUCATIVOS DE LA I.E. N 34563 DEL CASERIO DE NUEVA AURORA, DISTRITO DE TICLACAYAN - PASCO - PASCO PRIMERA ETAPA",Contrata,Finalizado,16/08/2014 00:00:00,319839.44,TICLACAYAN,PASCO,PASCO
29379,2199096,277314,"CREACION DEL PUESTO DE SALUD EN LA COMUNIDAD CAMPESINA DE SAN GREGORIO DE HUAMANMARCA, DISTRITO DE TICLACAYAN - PASCO - PASCO",Contrata,Finalizado,6/09/2014 00:00:00,867123.31,TICLACAYAN,PASCO,PASCO
29378,2190587,274855,"MEJORAMIENTO Y CONSTRUCCION DEL PUENTE BELLAVISTA DEL BARRIO HUANCAPUCRO, DISTRITO DE TICLACAYAN - PASCO - PASCO",Contrata,Finalizado,25/09/2014 00:00:00,254876.54,TICLACAYAN,PASCO,PASCO
29377,2201207,262274,"CREACION DEL LOCAL DE USOS MULTIPLES EN EL CENTRO POBLADO SAN GREGORIO DE HUAMANMARCA, DISTRITO DE TICLACAYAN - PASCO - PASCO",Contrata,Finalizado,1/10/2014 00:00:00,617713.58,TICLACAYAN,PASCO,PASCO
29376,2196330,274783,"MEJORAMIENTO DEL SERVICIO EDUCATIVO EN LA I.E. INICIAL SAN ISIDRO DEL CENTRO POBLADO DE YANAPAMPA, DISTRITO DE TICLACAYAN - PASCO - PASCO",Contrata,Finalizado,2/09/2014 00:00:00,302448.57,TICLACAYAN,PASCO,PASCO
29375,2190603,262130,"MEJORAMIENTO DEL SERVICIO EDUCATIVO DE LA INSTITUCION EDUCATIVA N 34048 DEL CASERIO DE TOMACONGA , DISTRITO DE TICLACAYAN - PASCO - PASCO",Contrata,Finalizado,23/07/2014 00:00:00,284373.92,TICLACAYAN,PASCO,PASCO
29374,2192194,269279,"MEJORAMIENTO Y AMPLIACION DE LOS SERVICIOS EDUCATIVOS EN EL JARDIN DE NIÑOS LOS LUCERITOS EN EL CASERIO 30 DE AGOSTO DISTRITO DE TICLACAYAN, PROVINCIA DE PASCO - REGION PASCO",Contrata,Finalizado,15/08/2014 00:00:00,446968.89,TICLACAYAN,PASCO,PASCO
29371,2187149,272496,"AMPLIACION Y MEJORAMIENTO DE LOS SERVICIOS EDUCATIVOS DE LA INSTITUCIÓN EDUCATIVA INICIAL JARDÍN DE NIÑOS CORAZÓN DE JESÚS DE TICLACAYAN, DISTRITO DE TICLACAYAN - PASCO - PASCO",Contrata,Finalizado,14/07/2014 00:00:00,259265.45,TICLACAYAN,PASCO,PASCO
29370,2200045,284446,"MEJORAMIENTO DEL SERVICIO DE EDUCACIÓN PRIMARIA EN LA I.E. ¿ANDRÉS AVELINO CACERES¿ EN EL CENTRO POBLADO SAN FRANCISCO DE PUCURHUAY, DISTRITO DE TICLACAYAN - PASCO - PASCO",Contrata,Finalizado,8/09/2014 00:00:00,663445.86,TICLACAYAN,PASCO,PASCO
29369,2197748,273439,"CONSTRUCCION DE UN PUENTE CARROZABLE EN EL CASERÍO DE CHUPANA, DISTRITO DE TICLACAYAN - PASCO - PASCO",Contrata,Finalizado,3/09/2014 00:00:00,173379.91,TICLACAYAN,PASCO,PASCO
29366,2202353,287753,"INSTALACION Y MEJORAMIENTO DEL SISTEMA DE AGUA POTABLE EN EL CASERIO DE RACRAYTINGO, DISTRITO DE TICLACAYAN - PASCO - PASCO",Contrata,Finalizado,29/09/2014 00:00:00,238510.39,TICLACAYAN,PASCO,PASCO
29365,2200044,282443,"MEJORAMIENTO DE LOS SERVICIOS EDUCATIVOS DEL JARDIN DE NIÑOS BRIGIDA SILVA DE OCHOA DEL CENTRO POBLADO PUCURHUAY, DISTRITO DE TICLACAYAN - PASCO - PASCO",Contrata,Finalizado,5/09/2014 00:00:00,387891.36,TICLACAYAN,PASCO,PASCO
29359,2190601,264558,"INSTALACION DE SERVICIO DE AGUA PARA RIEGO EN LAS LOCALIDADES DE RACRAYTINGO, TOMACONGA, HUAMANMARCA, PAMPA VERDE, 30 DE AGOSTO, DISTRITO TICLACAYAN, PROVINCIA PASCO, REGION PASCO",Contrata,Sin Ejecución,"",65000,TICLACAYAN,PASCO,PASCO
29330,2196325,262261,"MEJORAMIENTO DE LOS SERVICIOS EDUCATIVOS DE LA I.E. N 34563 DEL CASERIO DE NUEVA AURORA, DISTRITO DE TICLACAYAN - PASCO - PASCO II ETAPA",Contrata,Finalizado,18/11/2014 00:00:00,130592.70,TICLACAYAN,PASCO,PASCO
29328,2241634,282301,"INSTALACION DE SERVICIOS DE SANEAMIENTO BASICO INTEGRAL EN LA LOCALIDAD DE PIQUILHUANCA, DISTRITO DE TICLACAYAN - PASCO - PASCO",Contrata,Finalizado,25/11/2014 00:00:00,192107.97,TICLACAYAN,PASCO,PASCO
29244,2197609,270565,"MEJORAMIENTO Y AMPLIACIÓN DEL SISTEMA DE ABASTECIMIENTO DE AGUA POTABLE E INSTALACIÓN DE SISTEMA DE ALCANTARILLADO Y TRATAMIENTO DE AGUAS RESIDUALES EN EL ANEXO DE PUMARAUCA, DISTRITO DE PAUCARTAMBO - PASCO - PASCO",Contrata,Finalizado,28/10/2014 00:00:00,252747.37,PAUCARTAMBO,PASCO,PASCO
29239,2199355,299912,"REHABILITACION DE LA DEFENSA RIBEREÑA EN EL ANEXO DE ACO KM 7+620, DISTRITO DE PAUCARTAMBO, PASCO-PASCO.",Administración directa,Finalizado,1/10/2014 00:00:00,171445.44,PAUCARTAMBO,PASCO,PASCO
29157,2098768,124342,"CONSTRUCCION DE TROCHA CARROZABLE ESCALON - SHALLA CENTRO POBLADO SAN FRANCISCO, DISTRITO DE PAUCARTAMBO - PASCO - PASCO",Administración directa,Finalizado,15/09/2014 00:00:00,244378.82,PAUCARTAMBO,PASCO,PASCO
29142,2528650,2528650,"RENOVACION DE PUENTE; EN EL(LA) TRAMO SHUYCOCHA-COCHAPAMPA DE L8.00 MT; EN LA LOCALIDAD SHUYCOCHA, DISTRITO DE HUANCABAMBA, PROVINCIA OXAPAMPA, DEPARTAMENTO PASCO",Contrata,Sin Ejecución,"",668723.78,HUANCABAMBA,OXAPAMPA,PASCO
29131,2187668,273195,"MEJORAMIENTO DE PISTAS Y VEREDAS EN LA CALLE YANAHUANCA DEL, DISTRITO DE SAN PEDRO DE PILLAO - DANIEL ALCIDES CARRION - PASCO",Contrata,Finalizado,12/11/2014 00:00:00,566200,SAN PEDRO DE PILLAO,DANIEL ALCIDES CARRION,PASCO
29112,2199358,270357,"MEJORAMIENTO DEL SISTEMA DE AGUA POTABLE E INSTALACION DE LETRINAS EN LOS BARRIOS DE PUMAMARCA - MAYCOR, DISTRITO DE PAUCARTAMBO - PASCO - PASCO",Contrata,Finalizado,27/10/2014 00:00:00,233052.40,PAUCARTAMBO,PASCO,PASCO
29104,2218918,235061,"CREACION DE PISTAS Y VEREDAS DEL JR. BOLOGNESI, JR. LA UNION, JR. SAN FRANCISCO C.P. DE SAN FRANCISCO, DISTRITO DE PAUCARTAMBO - PASCO - PASCO",Contrata,Finalizado,3/12/2014 00:00:00,514477.89,PAUCARTAMBO,PASCO,PASCO
29089,2199744,300570,"INSTALACION DE LA LOSA DEPORTIVA EN EL ANEXO DE AGOMARCA, C.P. DE HUALLAMAYO, DISTRITO DE PAUCARTAMBO - PASCO - PASCO",Contrata,Finalizado,1/11/2014 00:00:00,155253.24,PAUCARTAMBO,PASCO,PASCO
29085,2217764,228735,"CONSTRUCCION DE LA TROCHA CARROZABLE SAN JOSE - RANRACANCHA EN EL CENTRO POBLADO DE ACOPALCA, DISTRITO DE PAUCARTAMBO - PASCO - PASCO",Contrata,Finalizado,2/10/2014 00:00:00,619780.64,PAUCARTAMBO,PASCO,PASCO
29015,2201333,302948,"MEJORAMIENTO DEL SERVICIO DE DESARROLLO COMUNAL EN LA COMUNIDAD CAMPESINA VILLA VILCABAMBA, DISTRITO DE VILCABAMBA, PROVINCIA DE DANIEL ALCIDES CARRION - PASCO",Contrata,Finalizado,13/11/2014 00:00:00,130228.35,VILCABAMBA,DANIEL ALCIDES CARRION,PASCO
29004,2196327,295493,"INSTALACION DE UNA LOSA MULTIDEPORTIVA EN EL CENTRO POBLADO DE BELLAVISTA, DISTRITO DE PAUCARTAMBO - PASCO - PASCO",Administración directa,Finalizado,1/09/2014 00:00:00,123235.22,PAUCARTAMBO,PASCO,PASCO
29002,2183923,249100,INSTALACIÓN DEL PABELLÓN Y MEJORAMIENTO DEL SERVICIO DE FORMACIÓN ACADÉMICA DE LA FACULTAD DE DERECHO Y CIENCIAS POLÍTICAS DE LA UNIVERSIDAD NACIONAL DANIEL ALCIDES CARRIÓN DE CERRO DE PASCO - REGION PASCO,Contrata,Finalizado,2/10/2015 00:00:00,8835650,,PASCO,PASCO
28999,2200959,198268,"INSTALACION DE DEFENSA RIBEREÑA EN EL RIO PAUCARTAMBO CENTRO POBLADO DE HUALLAMAYO, DISTRITO DE PAUCARTAMBO PASCO-PASCO-2014",Administración directa,Finalizado,15/10/2014 00:00:00,237263.83,PAUCARTAMBO,PASCO,PASCO
28994,2112988,139953,"CONSTRUCCION, REHABILITACION Y EQUIPAMIENTO DE LOS LABORATORIOS DE LA ESCUELA PROFESIONAL DE INGENIERIA CIVIL - UNDAC",Contrata,Finalizado,13/11/2014 00:00:00,334464.64,,,PASCO
28971,2222478,226776,"MEJORAMIENTO DE LA LOSA DEPORTIVA MULTIUSOS DE LA COMUNIDAD CAMPESINA DE JARAPAMPA, DISTRITO DE YANACANCHA-PASCO-PASCO¿",Contrata,Finalizado,9/03/2015 00:00:00,203060.22,YANACANCHA,PASCO,PASCO
28966,2171453,217462,"MEJORAMIENTO DE LOS AMBIENTES DE LAS ESCUELAS DE EDUCACION INICIAL, PRIMARIA Y SECUNDARIA DE LA FACULTAD DE CIENCIAS DE LA EDUCACION DE LA UNIVERSIDAD NACIONAL DANIEL ALCIDES CARRION DE CERRO DE PASCO - PASCO",Contrata,Finalizado,25/12/2014 00:00:00,4893828.47,,DANIEL ALCIDES CARRION,PASCO
28925,0,0,MANTENIMIENTO RUTINARIO CARRETERA VICCO-PUENTE UPAMAYO Y CARRETERA CRUCE CASACOTO - CONDORCAYAN,Administración directa,Sin Ejecución,"",61539.57,VICCO,PASCO,PASCO
28872,0,0,CONSTRUCCION DE LA PLANTA DE TRATAMIENTO DE AGUAS SERVIDAS DE LA LOCALIDAD DE VICCO - PASCO -PASCO,Contrata,Sin Ejecución,"",676565.25,VICCO,PASCO,PASCO
28783,0,0,"CONSTRUCCION DE DOS ( 02) AULAS, SS.HH. Y CERCO PERIMETRICO DEL JARDIN DE NIÑOS SAGRADO CORAZON DE JESUS ¿ GRAPANAZU¿, Distrito de Huancabamba, Provincia de Oxapampa - Pasco",Contrata,Finalizado,18/09/2014 00:00:00,308083.41,HUANCABAMBA,OXAPAMPA,PASCO
28781,2181009,252715,"MEJORAMIENTO, AMPLIACION DEL SISTEMA DE AGUA POTABLE Y ALCANTARILLADO DE LA LOCALIDAD DE SAN PEDRO DE CARHUAC, DISTRITO DE NINACACA - PASCO - PASCO",Contrata,Finalizado,1/10/2014 00:00:00,1813843.38,NINACACA,PASCO,PASCO
28699,2115976,155644,"CONSTRUCCION DE PISTAS VEREDAS Y ACONDICIONAMIENTO DE AREAS VERDES EN LA PLAZA PRINCIPAL, JR. LEONCIO PRADO Y AV. LOS INCAS LOCALIDAD DE VILLA DE PASCO DISTRITO DE FUNDICION TINYAHUARCO, PROVINCIA DE PASCO - PASCO",Obras por impuestos,Finalizado,4/06/2012 00:00:00,3347764.53,TINYAHUARCO,PASCO,PASCO
28687,2215872,184346,"MEJORAMIENTO Y AMPLIACION DEL SISTEMA DE ALCANTARILLADO Y AGUA POTABLE EN LA LOCALIDAD DE COLQUIJIRCA, DISTRITO DE TINYAHUARCO - PASCO - PASCO",Obras por impuestos,Finalizado,6/11/2013 00:00:00,5288086.09,TINYAHUARCO,PASCO,PASCO
28685,2083455,78861,Infraestructura de Disposición Final para Pozuzo,Contrata,Finalizado,14/12/2016 00:00:00,1749672,POZUZO,OXAPAMPA,PASCO
28684,2081431,84935,Infraestructura de Disposición Final para Oxapampa,Contrata,Finalizado,14/12/2016 00:00:00,2248923,OXAPAMPA,OXAPAMPA,PASCO
28675,2181975,257314,"MEJORAMIENTO DEL CAMINO VECINAL EL ANEXO EL OCONAL - ALTO ENTAZ - RIO LA SAL - PAMPA ENCANTADA Y ACCESO A RIO LA SAL ZONA BAJA, DISTRITO DE VILLA RICA - OXAPAMPA - PASCO",Contrata,Finalizado,22/12/2014 00:00:00,3912285.97,VILLA RICA,OXAPAMPA,PASCO
28641,0,0,"EJECUCION DE LA OBRA CONSTRUCCION DE SERVICIO DE LAVANDERIA PUBLICA Y SERVICIOS HIGIENICOS, EN LA LOCALIDAD DE PAUCAR, DISTRITO DE PAUCAR - DANIEL A. CARRION -PASCO",Contrata,Finalizado,23/12/2014 00:00:00,137119.45,PAUCAR,PASCO,PASCO
28561,2213961,220352,MEJORAMIENTO DEL PUENTE CALICANTO EN LA ZONA QUINTA BESADA DEL CENTRO POBLADO LA QUINUA DEL DISTRITO DE YANACANCHA ¿ PASCO ¿ PASCO,Contrata,Finalizado,15/11/2014 00:00:00,250011.05,YANACANCHA,PASCO,PASCO
28444,2121018,156006,"CONSTRUCCION DE PISTAS VEREDAS Y ACONDICIONAMIENTO DE AREAS VERDES EN PARQUE 5 MANANTIALES Y PARQUE TEOFILO MORALES JANAMPA LOCALIDAD DE HUARAUCACA DISTRITO DE FUNDICION TINYAHUARCO, PROVINCIA DE PASCO - PASCO",Obras por impuestos,Finalizado,1/06/2012 00:00:00,2971377.85,TINYAHUARCO,PASCO,PASCO
28421,2187678,274761,"AMPLIACION Y MEJORAMIENTO DE LOS SERVICIOS EDUCATIVOS DE LA I.E. N° 34098 DEL CENTRO POBLADO DE SUNEC, DISTRITO DE TICLACAYAN-PASCO-PASCO",Contrata,Finalizado,11/11/2014 00:00:00,534504.43,TICLACAYAN,PASCO,PASCO
28400,2115975,156003,"CONSTRUCCION DE PISTAS, VEREDAS Y ACONDICIONAMIENTO DE AREAS VERDES EN AV. J. FERREIRA Y A. UGARTE Y JR. UNION, M. JANAMPA, E. FERNANDINI, J. CHAVEZ, C. VALLEJO Y R. PALMA - COLQUIJIRCA DISTRITO DE FUNDICION TINYAHUARCO, PROVINCIA DE PASCO - PASCO",Obras por impuestos,Finalizado,24/09/2012 00:00:00,3110780.21,TINYAHUARCO,PASCO,PASCO
28361,2148144,190665,"INSTALACION DEL TALLER DE MAESTRANZA DE LA MUNICIPALIDAD DE YARUSYACAN, DISTRITO DE SAN FRANCISCO DE ASIS DE YARUSYACAN - PASCO -PASCO",Administración directa,En Ejecución,"",1679774.24,SAN FRANCISCO DE ASIS DE YARUSYACAN,PASCO,PASCO
28243,2195542,290062,"REHABILITACION DEL CAMINO VECINAL BALLENACOCHA - PICHUICANCHA DE 6+800KM CASERIO DE PICHUICANCHA, DISTRITO DE VILCABAMBA - DANIEL ALCIDES CARRION - PASCO",Contrata,Sin Ejecución,"","",VILCABAMBA,DANIEL ALCIDES CARRION,PASCO
28169,0,0,"Ejecución de la Obra: Mantenimiento del Terminal Terrestre, Distrito Chaupimarca, Provincia y Región Pasco",Contrata,Finalizado,3/12/2014 00:00:00,216054.44,CHAUPIMARCA,PASCO,PASCO
27997,2197433,2197433,"CREACION DE UN LOCAL DE USOS MULTIPLES EN EL CENTRO POBLADO DE MISHARAN, DISTRITO DE SAN FRANCISCO DE ASIS DE YARUSYACAN - PASCO - PASCO",Contrata,Finalizado,18/12/2023 00:00:00,565895.44,SAN FRANCISCO DE ASIS DE YARUSYACAN,PASCO,PASCO
27633,2223285,227547,"MEJORAMIENTO DE LOS SERVICIOS DE EDUCACION PRIMARIA DE LA I.E. N° 34131 CHANGO DE LA LOCALIDAD DE CHANGO, DISTRITO DE CHACAYAN - DANIEL ALCIDES CARRION - PASCO",Contrata,En Ejecución,23/02/2015 00:00:00,3004658.76,CHACAYAN,DANIEL ALCIDES CARRION,PASCO
27594,2198611,282415,"MEJORAMIENTO Y AMPLIACION DEL SISTEMA DE AGUA POTABLE, ALCANTARILLADO Y PLANTA DE TRATAMIENTO EN LA LOCALIDAD DE HUARAUCACA, DISTRITO DE TINYAHUARCO - PASCO - PASCO",Contrata,Finalizado,3/10/2014 00:00:00,71059472,TINYAHUARCO,PASCO,PASCO
27592,2193935,281986,"CREACION DEL PARQUE INFANTIL EN LA ZONA B, ENTRE LAS MZ. D Y E, URB. JULIAN HUAMANI YAULI, LOCALIDAD DE VILLA DE PASCO, DISTRITO DE TINYAHUARCO - PASCO - PASCO",Contrata,Finalizado,7/08/2014 00:00:00,352935.93,TINYAHUARCO,PASCO,PASCO
27444,2148151,180534,"MEJORAMIENTO DE LOS SERVICIOS EDUCATIVOS DE LA INSTITUCIÓN EDUCATIVA INICIAL ÁNGEL DE MARÍA DEL ASENTAMIENTO HUMANO TÚPAC AMARU - DISTRITO DE CHAUPIMARCA, PROVINCIA DE PASCO - PASCO",Contrata,Finalizado,26/11/2014 00:00:00,865251.13,CHAUPIMARCA,PASCO,PASCO
27370,2184632,259873,"INSTALACION DEL CENTRO HISTORICO CULTURAL DE LOS PUEBLOS YANESHAS Y ASHANINKAS EN EL DISTRITO DE OXAPAMPA, PROVINCIA DE OXAPAMPA - PASCO",Contrata,En Ejecución,4/05/2026 00:00:00,"",OXAPAMPA,OXAPAMPA,PASCO
27224,2198787,301435,"CREACION DEL CEMENTERIO GENERAL DEL CENTRO POBLADO DE ACOPALCA, DISTRITO DE PAUCARTAMBO - PASCO - PASCO",Contrata,Finalizado,1/11/2014 00:00:00,379749.93,PAUCARTAMBO,PASCO,PASCO
26985,2220066,228903,"INSTALACION DE LOS SERVICIOS DE EDUCACION INICIAL, EN EL ANEXO DE TAMBILLO C.P. DE HUALLAMAYO, DISTRITO DE PAUCARTAMBO - PASCO - PASCO",Contrata,Finalizado,12/08/2014 00:00:00,575398.60,PAUCARTAMBO,PASCO,PASCO
26954,2220518,224538,"INSTALACION DE UN PUENTE PEATONAL EN EL ANEXO DE SAN JUAN DEL C.P. DE HUALLAMAYO, DISTRITO DE PAUCARTAMBO - PASCO - PASCO",Contrata,Finalizado,1/10/2014 00:00:00,196388.44,PAUCARTAMBO,PASCO,PASCO
26952,2199376,301803,"CONSTRUCCION DEL PUENTE CARROZABLE EN EL TRAMO CONDORHUAIN DEL CENTRO POBLADO DE CHUPACA, DISTRITO DE PAUCARTAMBO, PASCO-PASCO.",Administración directa,Finalizado,25/08/2014 00:00:00,331686.54,PAUCARTAMBO,PASCO,PASCO
26207,2188013,278194,"CREACION DEL LOCAL DE MAESTRANZA MUNICIPAL EN LA LOCALIDAD DE ISCOZACIN, DISTRITO DE PALCAZU - OXAPAMPA - PASCO",Contrata,Finalizado,2/05/2014 00:00:00,849997.92,PALCAZU,OXAPAMPA,PASCO
26171,2115700,57647,CONSTRUCCION PUENTE CARROZABLE CHUCHURRAS Y ACCESOS,Contrata,Finalizado,10/10/2014 00:00:00,11364127.14,,,PASCO
25969,0,0,CONSTRUCCION DE PUENTE CARROZABLE CHACARRAGRA - DISTRITO DE PAUCAR - DANIEL CARRION - PASCO,Administración directa,Finalizado,1/11/2013 00:00:00,302729.30,PAUCAR,PASCO,PASCO
25947,0,0,"Construcción de 03 aulas en la I.E. Gran Mariscal Ramón Castilla, Nivel Secundario del C.P. de Tangor ¿ Distrito de Paucar-Daniel Carrión ¿ Pasco¿",Administración directa,Finalizado,28/10/2013 00:00:00,307611,PAUCAR,PASCO,PASCO
25841,0,0,"REHABILITACION DE PISTAS, VEREDAS Y MEJORAMIENTO DEL SISTEMA DE AGUA POTABLE Y ALCANTARILLADO EN EL JR. PROGRESO (TRAMO PTE. SANTA ROSA - PTE. MOSQUETA) Y JR. GRAU (TRAMO CARRTERA CENTRAL - JR. 28 DE JULIO) DEL DISTRITO DE HUARIACA - PASCO - PASCO",Contrata,Finalizado,17/01/2014 00:00:00,873858.44,HUARIACA,PASCO,PASCO
25834,0,0,IMPLEMENTACION DE LA TRIBUNA PRINCIPAL DEL ESTADIO MUNICIPAL DE HUARIACA - PASCO,Contrata,Finalizado,21/01/2014 00:00:00,153012.30,HUARIACA,PASCO,PASCO
25730,0,0,MEJORAMIENTO Y AMPLIACION DEL SISTEMA DE AGUA DEL ASENTAMIENTO HUMANO SECTOR I DE ACOBAMBA - PARTE ALTA DEL DISTRITO DE HUARIACA - PASCO,Contrata,Finalizado,10/07/2014 00:00:00,318000.13,HUARIACA,PASCO,PASCO
25615,0,0,"CONSTRUCCION Y EQUIPAMIENTO DE LABORATORIO DE FISICA, BIOLOGIA Y QUIMICA EN LA I. E. CORONEL FRANCISCO BOLOGNESI DEL CENTRO POBLADO DE SHELBY, DISTRITO DE VICCO, PASCO - PASCO",Contrata,Finalizado,1/08/2014 00:00:00,287750.97,VICCO,PASCO,PASCO
25529,0,0,"CONSTRUCCIÓN DE LA TROCHA CARROZABLE QUIPARACRA - CENTRO PRODUCTIVO YANAORGO DEL CENTRO POBLADO DE QUIPARACRA, DISTRITO DE HUACHON, PROVINCIA Y REGION PASCO",Administración directa,Finalizado,30/05/2014 00:00:00,180025.50,HUACHON,PASCO,PASCO
25525,0,0,"MEJORAMIENTO DEL ESTADIO DEPORTIVO DEL CENTRO POBLADO DE HUACHON III ETAPA, DISTRITO DE HUACHON, PROVINCIA Y REGIÓN PASCO",Administración directa,Finalizado,7/04/2014 00:00:00,268608.53,HUACHON,PASCO,PASCO
25503,0,0,"CONSTRUCCIÓN DEL LOCAL COMUNAL DE USOS MÚLTIPLES I ETAPA DEL DISTRITO DE HUACHON, PROVINCIA Y REGIÓN PASCO",Contrata,Finalizado,5/05/2014 00:00:00,805717.52,HUACHON,PASCO,PASCO
25474,0,0,"CONSTRUCCIÓN DEL PUENTE CARROZABLE NUEVA ESPERANZA DEL CENTRO POBLADO DE LUCMA, DISTRITO DE HUACHON, PROVINCIA Y REGIÓN PASCO",Contrata,Finalizado,25/01/2014 00:00:00,950741.88,HUACHON,PASCO,PASCO
25456,0,0,CULMINACION DE MEJORAMIENTO Y AMPLIACION DE LOS SISTEMAS DE AGUA POTABLE DE LOS BARRIOS DE CARHUACAYAN COLCA RECUAY DE LA LOCALIDAD DE NINACACA,Contrata,En Ejecución,28/04/2014 00:00:00,214499,NINACACA,PASCO,PASCO
24930,2181835,263983,"MEJORAMIENTO DE PISTAS DEL CASCO URBANO DE LACIUDAD DE PUERTO BERMUDEZ, DISTRITO DE PUERTO BERMUDEZ - OXAPAMPA - PASCO",Administración directa,Finalizado,3/09/2013 00:00:00,451451.66,PUERTO BERMUDEZ,OXAPAMPA,PASCO
24927,0,0,MEJORAMIENTO DE LA TROCHA CARROZABLE EL MILAGRO EN EL TRAMO CARRETERA FERNANDO BELAUNDE EL MILAGRO DE 07 665 KM CC.NN EL MILAGRO DISTRITO DE PUERTO BERMUDEZ OXAPAMPA PASCO,Administración directa,En Ejecución,9/10/2013 00:00:00,651226.82,PUERTO BERMUDEZ,OXAPAMPA,PASCO
24914,2225863,241651,"MEJORAMIENTO Y AMPLIACION DEL CAMINO VECINAL DESDE LA VIA 14 DE SETIEMBRE - CASERIO DE ANDACANCHA, DISTRITO DE HUAYLLAY - PASCO - PASCO",Contrata,Paralizada,20/12/2013 00:00:00,3659507.43,HUAYLLAY,PASCO,PASCO
24909,2155655,188621,"CREACION DE LA PAVIMENTACION DEL TRAMO JR. SANTA ROSA DE QUIVES - CARRETERA A CANTA EN LA LOCALIDAD DE HUAYLLAY, DISTRITO DE HUAYLLAY - PASCO - PASCO",Contrata,Finalizado,27/11/2012 00:00:00,6404737.48,HUAYLLAY,PASCO,PASCO
24890,0,0,MEJORAMIENTO DE LOS SERVICIO EDUCATIVOS DE LA I.E. N° 34077 TAMBO DEL SOL NINACACA PASCO PASCO,Contrata,Finalizado,12/12/2013 00:00:00,249011.17,NINACACA,PASCO,PASCO
24887,0,0,I ETAPA AMPLIACIÓN Y MEJORAMIENO DEL RELLENO SANITARIO DEL DISTRITO DE NINACACA Y EQUIPAMIENTO E IMPLEMENTACION DEL RELLENO SANITARIO SANITARIO DEL DISTRITO DE NINACACA,Contrata,Finalizado,11/11/2013 00:00:00,1467902.21,NINACACA,PASCO,PASCO
24885,0,0,AMPLIACION DE AULAS DE LA I.E N° 34079 SOCORRO - DISTRITO DE NINACACA,Contrata,Finalizado,11/11/2013 00:00:00,372058.19,NINACACA,PASCO,PASCO
24884,0,0,CONSTRUCCION DE SERVICIOS HIGIENICOS DE LA I.E. JARDIN DE NIÑOS LAS CARMELITAS - NINACACA - PASCO,Contrata,Finalizado,26/11/2013 00:00:00,150493.58,NINACACA,PASCO,PASCO
24883,0,0,AMPLIACIÓN DE AULAS DE LA I.E. N° 34079 SOCORRO DISTRITO DE NINACACA - PASCO,Contrata,Finalizado,11/11/2013 00:00:00,372058.19,NINACACA,PASCO,PASCO
24735,2159549,199188,"AMPLIACION Y MEJORAMIENTO DEL SERVICIO EDUCATIVO DE LA I.E.34143 HIPOLITO UNANUE DE CHAUPIMARCA, DISTRITO DE TAPUC , DANIEL CARRION - PASCO",Contrata,Finalizado,22/04/2014 00:00:00,3213316.03,TAPUC,PASCO,PASCO
24621,2178710,254975,MEJORAMIENTO DE LA OFERTA DE SERVICIOS EDUCATIVOS EN EL DISEÑO CURRICULAR POR NIVELES DE SERVICIO EN LA I.E. N°34140 JOAQUIN SAAVEDRA MERINO DE LA LOCALIDAD DE TAPUC - DANIEL CARRION - PASCO,Contrata,Finalizado,3/02/2014 00:00:00,3993102,TAPUC,PASCO,PASCO
24564,2218976,212527,"CREACION DE PISTAS, VEREDAS Y SISTEMA DE DRENAJE DE LA LOCALIDAD DE TAPUC, DISTRITO DE TAPUC - DANIEL ALCIDES CARRION - PASCO",Contrata,Finalizado,20/11/2013 00:00:00,4267225.65,TAPUC,DANIEL ALCIDES CARRION,PASCO
24505,2114150,146371,"MEJORAMIENTO GENETICO DEL GANADO VACUNO EN EL CENTRO POBLADO DE CHINCHE YANAHUANCA, DISTRITO DE YANAHUANCA, PROVINCIA DE DANIEL ALCIDES CARRION - PASCO",Contrata,Finalizado,10/01/2012 00:00:00,105047.42,YANAHUANCA,DANIEL ALCIDES CARRION,PASCO
24504,2083431,79790,"MEJORAMIENTO DE LA CARRETERA TAPUC - CHUMBIVILCA DEL DISTRITO DE TAPUC, PROVINCIA DE DANIEL ALCIDES CARRION - PASCO",Contrata,Finalizado,17/01/2012 00:00:00,234535.71,TAPUC,DANIEL ALCIDES CARRION,PASCO
24501,2149359,187531,"MEJORAMIENTO DEL SISTEMA DE RIEGO DE LA COMUNIDAD DE PAUCALIN, DISTRITO PAUCAR, PROVINCIA DE DANIEL ALCIDES CARRION - PASCO",Contrata,Finalizado,23/01/2012 00:00:00,264969.34,PAUCAR,DANIEL ALCIDES CARRION,PASCO
24495,2121744,124137,"CONSTRUCCION DE SISTEMA DE RIEGO EN LA LOCALIDAD DE SANTA ROSA DE CHONTA, DISTRITO DE YANAHUANCA, PROVINCIA DE DANIEL ALCIDES CARRION - PASCO",Contrata,Finalizado,21/01/2012 00:00:00,349078.08,YANAHUANCA,DANIEL ALCIDES CARRION,PASCO
24493,2142939,176960,"MEJORAMIENTO Y AMPLIACION DEL SISTEMA DE AGUA POTABLE E INSTALACION DEL SISTEMA ALCANTARILLADO DE LA LOCALIDAD DE POMAYAROS, DISTRITO DE YANAHUANCA, PROVINCIA DE DANIEL ALCIDES CARRION - PASCO",Contrata,Finalizado,18/01/2012 00:00:00,1428190.79,YANAHUANCA,DANIEL ALCIDES CARRION,PASCO
24491,2142940,176959,"MEJORAMIENTO Y AMPLIACION DEL SISTEMA DE AGUA POTABLE E INSTALACION DEL SISTEMA DE ALCANTARILLADO DE LA LOCALIDAD DE ANDACHACA, DISTRITO DE YANAHUANCA, PROVINCIA DE DANIEL ALCIDES CARRION - PASCO",Contrata,Finalizado,19/01/2012 00:00:00,1712007.26,YANAHUANCA,DANIEL ALCIDES CARRION,PASCO
23677,2159553,218261,MEJORAMIENTO DEL SERVICIO EDUCATIVO DE LA I.E DE NIVEL INICIAL SANTA ROSA DE LIMA DE LA ZONA URBANA DE SAN JUAN DEL DISTRITO YANACANCHA -PASCO-OASCO,Contrata,Finalizado,11/02/2014 00:00:00,422987.98,YANACANCHA,PASCO,PASCO
23282,0,0,SISTEMA DE UTILIZACION EN 22.9 KV PARA SUMINISTRO ELECTRICO DE LA PLANTA DE TRATAMIENTO DE AGUAS PROVENIENTES DEL DEPOSITO DE RELAVES QUIULACOCHA,Contrata,Finalizado,5/11/2014 00:00:00,99979.58,,,PASCO
22008,0,0,"ELABORACIÓN DE LA INGENIERÍA DE DETALLE, CONSTRUCCIÓN Y MONTAJE DEL SISTEMA DE NEUTRALIZACIÓN DE LAS AGUAS ÁCIDAS DE LA RELAVERA DE QUIULACOCHA",Contrata,Finalizado,17/12/2013 00:00:00,3971601.09,,,PASCO
21986,2193807,292896,"CONSTRUCCION DEL PUENTE CARROZABLE EN EL TRAMO YERBABUENA, CAMINO VECINAL HUALLAMAYO-TAMBILLO CENTRO POBLADO DE HUALLAMAYO, DISTRITO DE PAUCARTAMBO - PASCO - PASCO",Administración directa,Finalizado,19/05/2014 00:00:00,296697.84,PAUCARTAMBO,PASCO,PASCO
21984,2193809,287096,"MEJORAMIENTO DEL SISTEMA DE ABASTECIMIENTO DE AGUA POTABLE EN EL ANEXO DE ACO, DISTRITO DE PAUCARTAMBO - PASCO - PASCO",Contrata,Finalizado,11/08/2014 00:00:00,284369.31,PAUCARTAMBO,PASCO,PASCO
21235,2353031,384483,"CREACION DEL CAMINO VECINAL TRAMO AHUILAN TAMBOPAMPA- ESCORSONERA, DISTRITO DE YANAHUANCA, PROVINCIA DE DANIEL ALCIDES CARRION - PASCO",Administración directa,Finalizado,27/07/2017 00:00:00,451514.16,YANAHUANCA,DANIEL ALCIDES CARRION,PASCO
21210,2149377,191120,"MEJORAMIENTO FORTALECIMIENTO INSTITUCIONAL DE LOS SERVICIOS DE LA MUNICIPALIDAD PROVINCIAL DANIEL CARRION, PROVINCIA DE DANIEL ALCIDES CARRION - PASCO",Administración directa,Sin Ejecución,"","",,DANIEL ALCIDES CARRION,PASCO
21208,2159324,187588,"MEJORAMIENTO DE PISTAS Y VEREDAS DE LA AV. DANIEL ALCIDES CARRION DE LA COMUNIDAD CAMPESINA SAN JUAN DE YACAN - DISTRITO DE PAUCAR, PROVINCIA DE DANIEL ALCIDES CARRION - PASCO",Contrata,Finalizado,29/08/2013 00:00:00,53228517,PAUCAR,DANIEL ALCIDES CARRION,PASCO
21207,2215152,198756,"MEJORAMIENTO DEL SISTEMA DE TRATAMIENTO DE AGUAS SERVIDAS DE LOS SECTORES SAN SEBASTIAN Y SAN JUAN DE LA LOCALIDAD DE CHANGO, DISTRITO DE CHACAYAN, PROVINCIA DE DANIEL ALCIDES CARRION - PASCO",Contrata,Finalizado,4/11/2013 00:00:00,665889.23,CHACAYAN,DANIEL ALCIDES CARRION,PASCO
21205,2157484,186456,"MEJORAMIENTO Y AMPLIACION DEL SISTEMA DE AGUA POTABLE E INSTALACION DE LETRINAS UNIFAMILIARES EN LA LOCALIDAD DE PUMAPACHUPAN , DISTRITO DE YANAHUANCA, PROVINCIA DE DANIEL ALCIDES CARRION - PASCO",Contrata,Finalizado,27/09/2013 00:00:00,25022495,YANAHUANCA,DANIEL ALCIDES CARRION,PASCO
21202,2219158,231099,"CREACION DEL CAMINO VECINAL ENTRE PAMPANIA Y TUSHIPAHUAIN, EN EL CENTRO POBLADO DE PAMPANIA DISTRITO DE SANTA ANA DE TUSI, PROVINCIA DE DANIEL ALCIDES CARRION - PASCO",Contrata,Finalizado,12/09/2013 00:00:00,820000,SANTA ANA DE TUSI,DANIEL ALCIDES CARRION,PASCO
21198,2188170,279541,"INSTALACIÓN DE PISTAS Y VEREDAS EN LA VÍA DE ACCESO SHIQUI SHIQUI, DISTRITO DE YANAHUANCA, PROVINCIA DE DANIEL ALCIDES CARRIÓN - PASCO",Contrata,Finalizado,24/01/2014 00:00:00,610157.18,YANAHUANCA,PASCO,PASCO
20670,2169302,227667,"CREACION DEL SISTEMA DE RIEGO EN LAS LOCALIDADES DE MIRAFLORES-ESPERANZA, DISTRITO DE OXAPAMPA, PROVINCIA DE OXAPAMPA - PASCO",Administración directa,Finalizado,30/10/2013 00:00:00,429847.73,OXAPAMPA,OXAPAMPA,PASCO
20668,2172486,228657,"MEJORAMIENTO DEL SERVICIO EDUCATIVO DE LA I.E. I. NIÑOS DE BELEN DEL CENTRO POBLADO INDEPENDENCIA, DISTRITO DE PAUCAR, PROVINCIA DE DANIEL ALCIDES CARRION - PASCO",Administración directa,Finalizado,29/10/2013 00:00:00,370266.85,PAUCAR,DANIEL ALCIDES CARRION,PASCO
20667,2250758,281783,"INSTALACION DEL SERVICIO DE ATENCION INTEGRAL CUNA MAS PARA NIÑAS Y NIÑOS MENORES DE 36 MESES DE EDAD, EN LA URBANIZACION MIRAFLORES - VILLA RICA, DISTRITO DE VILLA RICA - OXAPAMPA - PASCO",Administración directa,Finalizado,2/06/2014 00:00:00,1022636.19,VILLA RICA,OXAPAMPA,PASCO
20666,2159555,192078,"MEJORAMIENTO DEL CAMINO VECINAL ÑAGAZU-BAJO CHURUMAZU, DISTRITO DE VILLA RICA, PROVINCIA DE OXAPAMPA - PASCO",Administración directa,Finalizado,5/06/2013 00:00:00,602950.87,VILLA RICA,OXAPAMPA,PASCO
20665,2159554,191844,"MEJORAMIENTO DEL CAMINO VECINAL ÑAGAZU-SANTA IRENE-ALTO CHURUMAZU, DISTRITO DE VILLA RICA, PROVINCIA DE OXAPAMPA - PASCO.",Administración directa,Finalizado,1/06/2013 00:00:00,505622.52,VILLA RICA,OXAPAMPA,PASCO
20534,2216998,173210,SISTEMA ELÉCTRICO RURAL VILLA RICA III ETAPA,Contrata,Finalizado,8/01/2016 00:00:00,5035176.22,VILLA RICA,OXAPAMPA,PASCO
20411,2210857,183839,"MEJORAMIENTO DE LA CAPACIDAD RESOLUTIVA DEL PUESTO DE SALUD DE LA VICTORIA, DISTRITO DE PAUCARTAMBO - PASCO - PASCO",Contrata,Finalizado,10/03/2014 00:00:00,786186.35,PAUCARTAMBO,PASCO,PASCO
20212,2157654,218484,C.P. SAN JUAN DE YACAN - PÁUCAR ¿ DANIEL ALCIDES CARRIÓN - PASCO,Contrata,Finalizado,9/11/2012 00:00:00,309297.93,,PASCO,PASCO
20173,2157539,217807,C.P. LUCMAPAMPA YANAHUANCA-DANIEL ALCIDES CARRION-PASCO,Contrata,Finalizado,14/11/2012 00:00:00,310554.64,YANAHUANCA,DANIEL ALCIDES CARRION,PASCO
20156,2157538,217832,C.P. CACHIPAMPA YANAHUANCA-DANIEL ALCIDES CARRION-PASCO,Contrata,Finalizado,14/11/2012 00:00:00,310554.64,YANAHUANCA,DANIEL ALCIDES CARRION,PASCO
20133,2226032,225254,"MEJORAMIENTO Y AMPLIACION DEL SISTEMA DE AGUA POTABLE Y LETRINAS DEL ANEXO DE CANTAPACCHA C.P. CHUPACA, DISTRITO DE PAUCARTAMBO - PASCO - PASCO",Contrata,Finalizado,9/09/2013 00:00:00,104079.95,PAUCARTAMBO,PASCO,PASCO
20039,2107766,123466,"AMPLIACIÓN Y CONSTRUCCIÓN DE PISTAS Y VEREDAS EN EL BARRIO PLAZA ESTACIÓN DEL DISTRITO DE GOYLLARISQUIZGA, PROVINCIA DE DANIEL ALCIDES CARRIÓN - PASCO ¿ I ETAPA",Contrata,Finalizado,9/04/2014 00:00:00,313007.66,GOYLLARISQUIZGA,PASCO,PASCO
19852,2219044,224935,"CREACION DE TROCHA CARROZABLE CHINCHANCO - SHUYHUA DEL C.P. DE HUALLAMAYO, DISTRITO DE PAUCARTAMBO - PASCO - PASCO",Contrata,Finalizado,13/01/2014 00:00:00,719706,PAUCARTAMBO,PASCO,PASCO
19809,2158796,193221,AMPLIACION Y MEJORAMIENTO DEL SERVICIO DE INTERNAMIENTO PENITENCIARIO EN LA JURISDICCION DE LA OFICINA REGIONAL ORIENTE PUCALLPA - ETAPA II,Contrata,Sin Ejecución,"","",,,PASCO
19695,2225979,189658,"MEJORAMIENTO Y AMPLIACION DEL SISTEMA DE AGUA POTABLE DEL ANEXO DE SANTA CRUZ DE TINGO DEL CENTRO POBLADO DE BELLAVISTA, DISTRITO DE PAUCARTAMBO - PASCO - PASCO",Administración directa,Finalizado,5/08/2013 00:00:00,316867.91,PAUCARTAMBO,PASCO,PASCO
19690,2226022,225100,"MEJORAMIENTO Y AMPLIACION DEL SISTEMA DE AGUA POTABLE Y ALCANTARILLADO DEL ANEXO DE LIRIOPAMPA, DISTRITO DE PAUCARTAMBO - PASCO - PASCO",Contrata,Finalizado,19/11/2013 00:00:00,211593.40,PAUCARTAMBO,PASCO,PASCO
19529,2225984,227045,"MEJORAMIENTO Y AMPLIACION DEL SISTEMA DE AGUA POTABLE E INSTALACION DE DISPOSICION SANITARIA DE EXCRETAS DEL ANEXO LOS ANDES C.P.DE ACOPALCA, DISTRITO DE PAUCARTAMBO - PASCO - PASCO",Contrata,Finalizado,12/12/2013 00:00:00,192554.02,PAUCARTAMBO,PASCO,PASCO
19514,2131364,168022,"CONSTRUCCION DE UN LOCAL DE USOS MULTIPLES EN EL ANEXO DE TINDALPATA, DISTRITO DE PAUCARTAMBO - PASCO - PASCO",Contrata,Finalizado,26/12/2013 00:00:00,301583.02,PAUCARTAMBO,PASCO,PASCO
19013,2165093,188733,"AMPLIACIÓN Y MEJORAMIENTO DE LOS SISTEMAS DE AGUA POTABLE, ALCANTARILLADO Y CONSTRUCCIÓN DE PLANTA DE TRATAMIENTO DE AGUAS RESIDUALES EN LA LOCALIDAD DE MALLAMPAMPA, DISTRITO DE HUANCABAMBA - OXAPAMPA - PASCO",Contrata,Finalizado,3/04/2014 00:00:00,3382665.21,HUANCABAMBA,OXAPAMPA,PASCO
18780,0,0,"CONSTRUCCION DEL CERCO PERIMETRICO DE LA INSTITUCION EDUCATIVA SECUNDARIA DE PUCURHUAY, DISTRITO DE TICLACAYAN, PROVINCIA DE PASCO - PASCO",Contrata,Finalizado,11/10/2013 00:00:00,684492.53,TICLACAYAN,PASCO,PASCO
18776,2223153,237858,"MEJORAMIENTO Y APLIACION DE LA INSTITCION EDUCATIVA PRIMARIA N° 34438 DEL CENTRO POBLADO DE SAN ISIDRO DE YANAPAMPA, DISTRITO DE TICLACAYAN-PROVINCIA DE PASCO-PASCO",Contrata,Finalizado,12/04/2014 00:00:00,2645808.92,TICLACAYAN,PASCO,PASCO
18775,2226402,235423,"MEJORAMIENTO, AMPLIACION DE LOS SISTEMAS DE AGUA POTABLE, SISTEMA DE ALCANTARILLADO Y TRATAMIENTO DE AGUAS RESIDUALES DE LA LOCALIDAD DE TICLACAYAN, DISTRITO DE TICLACAYAN - PASCO - PASCO",Contrata,Finalizado,10/10/2014 00:00:00,14254738.81,TICLACAYAN,PASCO,PASCO
18161,2164918,229692,"REHABILITACION DEL CAMINO VECINAL TRAMO PA 546 - TRAMO TICLACAYAN PUCURHUAY, DISTRITO DE TICLACAYAN-PASCO-PASCO",Contrata,Finalizado,14/12/2013 00:00:00,3552953.73,TICLACAYAN,PASCO,PASCO
18160,2125587,146814,"MEJORAMIENTO DE LOS SERVICIOS DE SALUD DEL ACLAS TICLACAYAN, DISTRITO DE TICLACAYAN, PROVINCIA DE PASCO-PASCO",Contrata,Finalizado,27/04/2013 00:00:00,3307564.74,TICLACAYAN,PASCO,PASCO
17938,2104574,102674,"MEJORAMIENTO VIAL, CONSTRUCCION DE VEREDAS Y UBICACIÓN DE AREAS VERDES DE LAS CALLES HUANCAYO, BALTAZAR CARRION, JOSE OLAYA Y MICAELA BASTIDAS DEL AA.HH JOSE CARLOS MARIATEGUI SECTOR 2, DISTRITO DE SIMON BOLIVAR - PASCO - PASCO",Contrata,En Ejecución,26/10/2013 00:00:00,2512941.91,SIMON BOLIVAR,PASCO,PASCO
17900,2125207,155764,"INSTALACION DEL SISTEMA DE AGUA POTABLE Y LA DISPOSICION SANITARIA DE EXCRETAS EN LA LOCALIDA DE MACHIN, DISTRITO DE SANTA ANA DE TUSI - DANIEL ALCIDES CARRION - PASCO",Contrata,En Ejecución,7/10/2013 00:00:00,436363.61,SANTA ANA DE TUSI,DANIEL ALCIDES CARRION,PASCO
17807,2259343,315296,"MEJORAMIENTO DE VIAS Y GRADERIAS EN LA CALLE JOSE OLAYA, DEL SECTOR I DEL AA.HH. TAHUANTINSUYO, DISTRITO CHAUPIMARCA PASCO, PROVINCIA DE PASCO - PASCO",Administración directa,Finalizado,4/07/2016 00:00:00,167873.43,CHAUPIMARCA,PASCO,PASCO
17801,2213088,188251,"MEJORAMIENTO DE VIAS CON PISTAS, VEREDAS Y OVALO DE LA AV. 9 DE ENERO, DEL AA.HH. TUPAC AMARU, DISTRITO DE CHAUPIMARCA, PROVINCIA DE PASCO - PASCO",Obras por impuestos,Finalizado,20/11/2014 00:00:00,5579223.60,CHAUPIMARCA,PASCO,PASCO
17799,2259453,315322,"MEJORAMIENTO DE VIAS CON GRADERIAS Y MURO DE CONTENCION EN LA CALLE FRANCISCO BOLOGNESI DEL SECTOR I DEL, AA.HH TAHUANTINSUYO DISTRITO DE CHAUPIMARCA, PROVINCIA DE PASCO - PASCO",Administración directa,Finalizado,4/07/2016 00:00:00,134437.20,CHAUPIMARCA,PASCO,PASCO
17796,2211441,209453,"Ejecución de Obra: Mejoramiento de la Losa Deportiva en el Barrio Moquegua, Distrito Chaupimarca, Provincia y Región Pasco.",Contrata,Finalizado,5/12/2013 00:00:00,436931.25,CHAUPIMARCA,PASCO,PASCO
17770,2158796,193221,AMPLIACIÓN Y MEJORAMIENTO DEL SERVICIO DE INTERNAMIENTO PENITENCIARIO EN LA JURISDICCIÓN DE LA OFICINA REGIONAL ORIENTE PUCALLPA - ETAPAI,Contrata,Finalizado,21/11/2013 00:00:00,104095009.69,,,PASCO
17012,2186237,275141,"INSTALACION DE LETRINAS SANITARIAS UNIFAMILIARES EN LA LOCALIDAD DE LANCARI, DISTRITO DE TINYAHUARCO - PASCO - PASCO",Contrata,Finalizado,26/09/2014 00:00:00,319447,TINYAHUARCO,PASCO,PASCO
16473,0,0,MEJORAMIENTO DE TROCHA CARROZABLE SANTUARIO POROMA DEL DISTRITO DE ESTIQUE PAMPA - PROVINCIA DE TARATA - TACNA,Administración directa,En Ejecución,5/11/2013 00:00:00,360351.19,,,PASCO
16075,2216664,192225,"REHABILITACION, MEJORAMIENTO Y EQUIPAMIENTO DE LA INSTITUCION EDUCATIVA INTEGRADA N° 34019 PETRONILA SANCHEZ CARDENAS DISTRITO DE HUANCABAMBA, PROVINCIA DE OXAPAMPA - PASCO",Contrata,Finalizado,20/11/2013 00:00:00,4149811.41,HUANCABAMBA,OXAPAMPA,PASCO
16047,2212077,200736,"MEJORAMIENTO DE LAS CALLES DEL ASENTAMIENTO HUMANO TECHO PROPIO, DISTRITO DE YANACANCHA-PASCO-PASCO",Contrata,Finalizado,28/03/2013 00:00:00,4027484.56,YANACANCHA,PASCO,PASCO
16029,2204595,181105,"CONSTRUCCION DE DRENAJE PLUVIAL EN EL BARRIO VISTA ALEGRE DEL DISTRITO DE HUARIACA, PROVINCIA DE PASCO - PASCO",Administración directa,Finalizado,10/10/2013 00:00:00,1395615.71,HUARIACA,PASCO,PASCO
16027,2173361,252036,"MEJORAMIENTO DE LA CARRETERA TRAMO RIO BLANCO - LANCARI Y CONSTRUCCION DE LA CARRETERA TRAMO LANCARI - JATUNCHACUA, DE LOS DISTRITOS DE HUAYLLAY, VICCO, TINYAHUARCO, SIMON BOLIVAR, PROVINCIA Y REGION DE PASCO,DISTRITO DE VICCO-PASCO-PASCO",Contrata,Finalizado,1/08/2013 00:00:00,9938539.56,VICCO,PASCO,PASCO
16025,2207109,149728,"CREACION DEL SISTEMA DE INTERCONEXION VIAL ENTRE LAS COMUNIDADES NATIVAS DE PUERTO LIBRE, PUERTO AMISTAD, SAN JORGE DE PACHITEA, 7 HERMANOS Y BAJO SAN LUIS DE CHICHIHUANI, DISTRITO DE CONSTITUCION, PROVINCIA DE OXAPAMPA - PASCO",Contrata,Finalizado,21/07/2013 00:00:00,4946012,CONSTITUCION,OXAPAMPA,PASCO
16012,2208222,197443,"INSTALACION DE PISTAS Y VEREDAS EN LA CALLE MIRAFLORES, JR. BOLIVAR, JR. SAN MARTIN DE LA LOCALIDAD DE PILLAO, DISTRITO DE SAN PEDRO DE PILLAO, PROVINCIA DE DANIEL ALCIDES CARRION - PASCO",Administración directa,En Ejecución,14/05/2013 00:00:00,856786.59,SAN PEDRO DE PILLAO,DANIEL ALCIDES CARRION,PASCO
16011,2153030,179510,MEJORAMIENTO DE LA OFERTA DE SERVICIOS EDUCATIVOS PARA EL APRENDIZAJE EN EL CNTI N 35005 RVDO. BARDO BAYERLE - DISTRITO Y PROVINCIA DE OXAPAMPA-DEPARTAMENTO PASCO,Contrata,Finalizado,4/02/2013 00:00:00,7129639.01,OXAPAMPA,OXAPAMPA,PASCO
16010,2164529,185271,"INSTALACIÓN DE UN PUENTE CARROZABLE EN EL TRAMO DE LA CARRETERA VECINAL VILLA RICA - VILLA OYON PROGRESIVA KM 01 mas 380, DISTRITO DE VILLA RICA, PROVINCIA DE OXAPAMPA - PASCO",Administración directa,En Ejecución,30/07/2013 00:00:00,1145605.74,VILLA RICA,OXAPAMPA,PASCO
16006,2162748,222684,"MEJORAMIENTO DEL CAMPO DEPORTIVO DEL BARRIO ARRIBA DEL DISTRITO DE PAUCARTAMBO, PROVINCIA Y REGION PASCO",Administración directa,En Ejecución,12/11/2012 00:00:00,1678594,PAUCARTAMBO,PASCO,PASCO
16005,2146467,99635,CONSTRUCCION DEL PUENTE CARROZABLE PRUSIA - POZUZO,Administración directa,En Ejecución,22/07/2012 00:00:00,1056861.12,POZUZO,OXAPAMPA,PASCO
16003,2160594,132869,"CONSULTORIA DE OBRA PARA LA SUPERVISION DE LA OBRA MEJORAMIENTO DE LOS SERVICIOS EDUCATIVOS EN LA I.E. JAVIER HERAUD PEREZ DEL CENTRO POBLADO DE HUAYLASJIRCA, DISTRITO DE YANAHUANCA, PROVINCIA DANIEL ALCIDES CARRION - REGION PASCO",Contrata,Sin Ejecución,"",130638.57,YANAHUANCA,DANIEL ALCIDES CARRION,PASCO
15981,2214673,186097,"MEJORAMIENTO DEL SERVICIO EN LA INSTITUCION EDUCATIVA MARIANO MELGAR DE HUARIACA- DISTRITO HUARIACA, PROVINCIA PASCO - PASCO",Contrata,Finalizado,31/01/2013 00:00:00,4422459.41,HUARIACA,PASCO,PASCO
15980,2166611,197675,"CONSTRUCCION DEL CAMINO VECINAL TRAMO PUERTO BERMUDEZ-CCNN ALTO LORETO-CCNN SAN ALEJANDRO,QUEBRADA ANOHARINE,CHACRA GUILLERMO BENILLO,DISTRITO DE PUERTO BERMUDEZ-PROVINCIA DE OXAPAMPA-REGION PASCO",Contrata,Finalizado,16/04/2014 00:00:00,10094314.49,PUERTO BERMUDEZ,OXAPAMPA,PASCO
15978,2216444,194814,RECUPERACION DEL SERVICIO EDUCATIVO DE I.E. 34136 DE SAN JUAN DE YACAN DISTRITO DE PAUCAR PROVINCIA DE DANIEL ALCIDES CARRION REGION PASCO,Contrata,Finalizado,11/05/2013 00:00:00,4134017.90,PAUCAR,DANIEL ALCIDES CARRION,PASCO
15977,2057906,3271,"Mejoramiento, Rehabilitación y Conservación por Niveles de Servicio del Corredor Vial Lima - Canta - Huayllay - Dv. Cochamarca - Empalme PE 3N",Contrata,Finalizado,30/09/2014 00:00:00,415267672.50,HUAYLLAY,PASCO,PASCO
15976,2160596,225710,"CREACION E IMPLEMENTACION DEL JARDIN DE NIÑOS DEL CENTRO POBLADO DE PACOYAN DISTRITO DE SIMON BOLIVAR, PROVINCIA DE PASCO Y REGION PASCO",Contrata,Finalizado,23/01/2013 00:00:00,1409785.39,SIMON BOLIVAR,PASCO,PASCO
15960,2178336,236053,"MEJORAMIENTO DE LA AVENIDA DE INGRESO DESDE PUENTE GAVILAN HASTA PUERTO BERMUDEZ,DISTRITO DE PUERTO BERMUDEZ,PROVINCIA DE OXAPAMPA REGION PASCO",Contrata,Finalizado,11/12/2014 00:00:00,9767823.82,PUERTO BERMUDEZ,OXAPAMPA,PASCO
15954,2144478,147480,CONSTRUCCION DEL CAMINO VECINAL CUEVA BLANCA SANTA BARBARA DISTRITO DE HUANCABAMBA PROVINCIA DE OXAPAMPA PASCO,Contrata,Finalizado,2/12/2013 00:00:00,4120555.80,HUANCABAMBA,OXAPAMPA,PASCO
15953,2161223,226199,INSTALACION Y EQUIPAMIENTO A LAS INSTITUCIONES EDUCATIVAS FOCALIZADAS DE NIVEL INICIAL EN MARCO DEL PELA EN EBR - AMPLIACIÓN DE COBERTURA DE LA RED N 1 - OXAPAMPA - PASCO,Contrata,Finalizado,2/09/2013 00:00:00,3705610.03,OXAPAMPA,OXAPAMPA,PASCO
15865,2186058,264985,MEJORAMIENTO Y AMPLIACION DE LOS SERVICIOS DE SALUD DEL NIVEL DE COMPLEJIDAD 1-4 EN LA LOCALIDAD DE COLQUIJIRCA DISTRITO DE TINYAHUARCO PASCO PASCO COMPONENTE 3: MEJORAMIENTO DE LOS SERVICIOS DE SALUD,Contrata,Finalizado,26/11/2013 00:00:00,623655.44,TINYAHUARCO,PASCO,PASCO
15847,2166613,239516,"INSTALACION DEL PUENTE LAGARTO EN LA VIA VECINAL RUTA PA 652,DISTRITO DE PALCAZU-OXAPAMPA-PASCO",Contrata,Finalizado,2/10/2015 00:00:00,10019300,PALCAZU,OXAPAMPA,PASCO
15840,2160680,225759,EJECUCIÓN DE EXPEDIENTE DE SALDO DE OBRA: INSTALACIÓN Y EQUIPAMIENTO A LAS INSTITUCIONES EDUCATIVAS FOCALIZADOS DEL NIVEL INICIAL EN EL MARCO DEL PELA EN EBR DISTRITO DE CIUDAD CONSTITUCIÓN - OXAPAMPA - PASCO,Contrata,Finalizado,22/11/2017 00:00:00,1519903.31,OXAPAMPA,OXAPAMPA,PASCO
15806,2160677,225758,CONSULTORIA DE OBRA PARA LA SUPERVISION DE LA OBRA INSTALACION Y EQUIPAMIENTO A LAS INSTITUCIONES EDUCATIVAS FOCALIZADAS DEL NIVEL INICIAL EN EL MARCO DEL PELA EN EBR- AMPLIACIÓN DE COBERTURA DE LA RED N 2- PASCO,Contrata,Finalizado,20/05/2013 00:00:00,5759529.43,,PASCO,PASCO
15805,2089911,88052,CONSTRUCCION DEL SISTEMA DE RIEGO DE SHALLA-RERGOY--DISTRITO DE PAUCARTAMBO--PASCO,Administración directa,Sin Ejecución,"",1085739.10,PAUCARTAMBO,PASCO,PASCO
15804,2160680,225759,INSTALACION Y EQUIPAMIENTO A LAS INSTITUCIONES EDUCATIVAS FOCALIZADAS DEL NIVEL INICIAL EN EL MARCO DEL PELA EN EBR DISTRITO DE CIUDAD CONSTITUCION-OXAPAMPA-PASCO,Contrata,Finalizado,15/04/2013 00:00:00,2374106.56,CONSTITUCION,OXAPAMPA,PASCO
15803,2164565,221082,"INSTALACION DEL SISTEMA DE RIEGO PRESURIZADO POR ASPERSIÓN EN LA LOCALIDAD DE ASTOBAMBA, DISTRITO DE YANAHUANCA, PROVINCIA DANIEL CARRIÓN, REGIÓN PASCO",Contrata,Finalizado,5/11/2013 00:00:00,1998566.34,YANAHUANCA,PASCO,PASCO
15790,2232149,232899,"MEJORAMIENTO INTEGRAL DEL SISTEMA DE SANEAMIENTO BASICO EN LAS LOCALIDADES DE LUCMA, LA FLORIDA Y ACOMAYO DEL DISTRITO DE HUACHON - PROVINCIA DE PASCO - PASO",Contrata,Finalizado,25/09/2013 00:00:00,3530137.26,HUACHON,PASCO,PASCO
15789,2216350,199226,"RECUPERACION , MEJORAMIENTO Y EQUIPAMIENTO DE LOS SERVICIOS DE EDUCACION PRIMARIA DE LA I.E. N 34108 CIRO ALEGRIA BAZAN, DISTRITO DE VICCO - PASCO - PASCO",Contrata,Finalizado,7/02/2014 00:00:00,1650171.55,VICCO,PASCO,PASCO
15780,2084815,74176,"MEJORAMIENTO Y AMPLIACIÓN DE LOS SERVICIOS DE SANEAMIENTO Y FORTALECIMIENTO INSTITUCIONAL INTEGRAL DE LA EMAPA PASCO, PROVINCIA DE PASCO - PASCO",Contrata,En Ejecución,9/01/2014 00:00:00,155656096.74,,PASCO,PASCO
15669,2128528,144267,"MEJORAMIENTO Y AMPLIACION DEL SISTEMA DE AGUA POTABLE Y CONSTRUCCION DE LETRINAS FAMILIARES DE LA LOCALIDAD DE ANGAHUILCA, DISTRITO DE SANTA ANA DE TUSI - DANIEL ALCIDES CARRION ¿ PASCO",Contrata,En Ejecución,19/09/2013 00:00:00,336067.04,SANTA ANA DE TUSI,DANIEL ALCIDES CARRION,PASCO
15664,2178248,257021,"MEJORAMIENTO DE LOS SERVICIOS DE RADIODIFUSION SONORA MUNICIPAL EN TUSI, DISTRITO DE SANTA ANA DE TUSI - DANIEL ALCIDES CARRION - PASCO",Contrata,Sin Ejecución,"",650313.04,SANTA ANA DE TUSI,DANIEL ALCIDES CARRION,PASCO
15660,2182799,258398,"MEJORAMIENTO Y AMPLIACION DEL SISTEMA DE ABASTECIMIENTO DE AGUA POTABLE, CONSTRUCCION DE LETRINAS SANITARIAS EN EL CASERO DE AYAJIRCA, DISTRITO DE SANTA ANA DE TUSI - DANIEL ALCIDES CARRION - PASCO",Contrata,En Ejecución,9/09/2013 00:00:00,170631.94,SANTA ANA DE TUSI,DANIEL ALCIDES CARRION,PASCO
15657,2142916,167352,"MEJORAMIENTO Y AMPLIACION DEL SISTEMA DE ABASTECIMIENTO DE AGUA EN EL CASERIO DE JUCLACANCHA, DISTRITO DE SANTA ANA DE TUSI - DANIEL ALCIDES CARRION - PASCO",Contrata,En Ejecución,30/09/2013 00:00:00,334367.11,SANTA ANA DE TUSI,DANIEL ALCIDES CARRION,PASCO
15653,2136110,161832,"AMPLIACION Y MEJORAMIENTO DEL SISTEMA DE AGUA POTABLE Y LETRINA EN LA LOCALIDAD DE ANTACANCHA, DISTRITO DE SANTA ANA DE TUSI - DANIEL ALCIDES CARRION - PASCO",Contrata,Finalizado,15/08/2013 00:00:00,428536.73,SANTA ANA DE TUSI,DANIEL ALCIDES CARRION,PASCO
15598,2157540,217813,CREACION DEL CENTRO DE SERVICIOS DE APOYO AL HABITAT RURAL EN EL C.P. 12 DE OCTUBRE YANAHUANCA-DANIEL ALCIDES CARRION-PASCO (MODALIDAD CONTRATA),Administración directa,Finalizado,9/11/2012 00:00:00,358514.48,YANAHUANCA,DANIEL ALCIDES CARRION,PASCO
15597,2156617,215491,"Elaboración de expediente técnico, ejecución de obra y equipamiento de implementación del Centro de Servicios de Apoyo al Hábitat Rural en la localidad de Puerto Bermúdez - Distrito de Puerto Bermúdez - provincia de Oxapampa - departamento de Pasco",Contrata,Finalizado,2/10/2012 00:00:00,345750,OXAPAMPA,OXAPAMPA,PASCO
15287,2177028,250204,"MEJORAMIENTO DE LA INFRAESTRUCTURA VIAL DEL JIRÓN INDEPENDENCIA, DISTRITO DE OXAPAMPA, PROVINCIA DE OXAPAMPA - PASCO",Contrata,Finalizado,15/12/2015 00:00:00,3964145.46,OXAPAMPA,OXAPAMPA,PASCO
15285,2177047,248820,"MEJORAMIENTO DE LA TRANSITABILIDAD VEHICULAR Y PEATONAL DE LOS JIRONES ANGÉLICA FREY Y HEIDINGER DEL DISTRITO DE OXAPAMPA, PROVINCIA DE OXAPAMPA - PASCO",Contrata,Finalizado,18/12/2015 00:00:00,6789742.86,OXAPAMPA,OXAPAMPA,PASCO
15134,2107702,131773,"CONSTRUCCION Y MEJORAMIENTO DE LA INFRAESTRUCTURA Y MOBILIARIO ESCOLAR DE LA I.E. 34690 - LUCMAPATA, DISTRITO DE POZUZO, PROVINCIA DE OXAPAMPA - PASCO",Administración directa,Finalizado,11/07/2010 00:00:00,118240,POZUZO,OXAPAMPA,PASCO
15129,2107695,131818,"CONSTRUCCION Y MEJORAMIENTO DE LA INFRAESTRUCTURA Y MOBILIARIO ESCOLAR DE LA I.E. 34572, MUSHUYUNGA, DISTRITO DE POZUZO, PROVINCIA DE OXAPAMPA - PASCO",Administración directa,Finalizado,1/08/2010 00:00:00,115680,POZUZO,OXAPAMPA,PASCO
14850,2129112,147866,"REHABILITACION DE LA TROCHA CARROZABLE PUCUNAN - PAMPAS GALERAS, DISTRITO DE SANTA ANA DE TUSI - DANIEL ALCIDES CARRION - PASCO",Contrata,En Ejecución,7/05/2013 00:00:00,554604.95,SANTA ANA DE TUSI,DANIEL ALCIDES CARRION,PASCO
14647,2176389,251342,"MEJORAMIENTO Y AMPLIACION DEL SERVICIO DE AGUA POTABLE Y DISPOSICION DE EXCRETAS EN LA LOCALIDAD DE ALCACOCHA, DISTRITO DE SANTA ANA DE TUSI - DANIEL ALCIDES CARRION - PASCO",Contrata,Finalizado,18/06/2013 00:00:00,148525.53,SANTA ANA DE TUSI,DANIEL ALCIDES CARRION,PASCO
14628,2142915,167295,"MEJORAMIENTO Y AMPLIACION DEL SISTEMA DE ABASTECIMIENTO AGUA POTABLE, CONSTRUCCION DE LETRINAS SANITARIAS EN EL CASERIO DE CHAGAHUAÑUZGA, DISTRITO DE SANTA ANA DE TUSI - DANIEL ALCIDES CARRION ¿ PASCO",Contrata,Finalizado,16/05/2013 00:00:00,235378.27,SANTA ANA DE TUSI,DANIEL ALCIDES CARRION,PASCO
14610,2160594,132869,"MEJORAMIENTO DE LOS SERVICIOS EDUCATIVOS EN LA I.E. JAVIER HERAUD PEREZ DEL CENTRO POBLADO DE HUAYLASJIRCA, DISTRITO DE YANAHUANCA, PROVINCIA DANIEL ALCIDES CARRION - REGION PASCO",Contrata,Finalizado,22/05/2013 00:00:00,3490816.86,YANAHUANCA,DANIEL ALCIDES CARRION,PASCO
14389,2105572,120002,CONSTRUCCIÓN DEL PUENTE HUARU Y ACCESOS,Contrata,Finalizado,13/05/2014 00:00:00,2449045.90,,,PASCO
14380,2165209,219045,"INSTALACIÓN DE LOSA MULTIDEPORTIVA Y MEJORAMIENTO DE SERVICIOS HIGIENICOS EN LA INSTITUCION EDUCATIVA N° 34214 DE LA LOCALIDAD DE ACUZAZU, DISTRITO DE OXAPAMPA, PROVINCIA DE OXAPAMPA - PASCO",Contrata,Finalizado,24/09/2013 00:00:00,170502.79,OXAPAMPA,OXAPAMPA,PASCO
14379,2207540,207887,"INSTALACION DE DEFENSA RIBEREÑA EN LA MARGEN IZQUIERDA DEL RIO LA ESPERANZA EN EL SECTOR LA CASUALIDAD EN EL DISTRITO DE OXAPAMPA, PROVINCIA DE OXAPAMPA - PASCO",Contrata,Finalizado,2/07/2013 00:00:00,490057.97,OXAPAMPA,OXAPAMPA,PASCO
14378,2220394,223015,"INSTALACION DE PUENTE PEATONAL EN EL SECTOR CHURUMAZU, DISTRITO DE OXAPAMPA, PROVINCIA DE OXAPAMPA - PASCO",Contrata,Finalizado,1/10/2013 00:00:00,179542.50,OXAPAMPA,OXAPAMPA,PASCO
14377,2165211,224902,"INSTALACION DE LOSA MULTIDEPORIVA EN LA LOCALIDAD DE PROGRESO, DISTRITO DE OXAPAMPA, PROVINCIA DE OXAPAMPA - PASCO",Contrata,En Ejecución,16/09/2013 00:00:00,374276.83,OXAPAMPA,OXAPAMPA,PASCO
14376,2166041,225406,MEJORAMIENTO DE LOS SERVICIOS EDUCATIVOS DE LA INSTITUCION EDUCATIVA N° 34434 DE LA LOCALIDAD DE ALTO PLAYAPAMPA DEL DISTRITO DE OXAPAMPA - PROVINCIA DE OXAPAMPA - PASCO,Contrata,Finalizado,1/10/2013 00:00:00,608289.47,OXAPAMPA,OXAPAMPA,PASCO
14375,2219846,208925,"INSTALACION DE DEFENSA RIBEREÑA EN EL CASERIO CHACOS, DISTRITO DE OXAPAMPA, PROVINCIA DE OXAPAMPA - PASCO",Contrata,Finalizado,24/09/2013 00:00:00,456155.76,OXAPAMPA,OXAPAMPA,PASCO
14374,2219855,207915,"INSTALACION DE DEFENSA RIBEREÑA EN LA MARGEN DERECHA DEL RIO CHOROBAMBA EN EL SECTOR DE PROGRESO, DISTRITO DE OXAPAMPA, PROVINCIA DE OXAPAMPA - PASCO",Contrata,Finalizado,21/09/2013 00:00:00,488312.22,OXAPAMPA,OXAPAMPA,PASCO
14371,2219858,207854,"INSTALACION DE DEFENSA RIBEREÑA EN LA MARGEN IZQUIERDA DEL RIO PAUCARTAMBO EN EL SECTOR DE BAJO CHURUMAZU, DISTRITO DE OXAPAMPA, PROVINCIA DE OXAPAMPA - PASCO",Contrata,Finalizado,25/09/2013 00:00:00,262762.40,OXAPAMPA,OXAPAMPA,PASCO
14370,2220403,212434,"INSTALACION DE PUENTE PEATONAL EN EL SECTOR LLAMAQUIZU, DISTRITO DE OXAPAMPA, PROVINCIA DE OXAPAMPA - PASCO",Contrata,Finalizado,18/09/2013 00:00:00,139802.46,OXAPAMPA,OXAPAMPA,PASCO
14369,2070029,73317,"MEJORAMIENTO DEL ESTADIO MUNICIPAL EN LA LOCALIDAD DE OXAPAMPA, DISTRITO DE OXAPAMPA, PROVINCIA DE OXAPAMPA - PASCO",Contrata,Finalizado,22/08/2013 00:00:00,8761333.54,OXAPAMPA,OXAPAMPA,PASCO
14366,2165212,212531,"INSTALACION DE PUENTE PEATONAL EN EL SECTOR DE LA CAÑERA DEL DISTRITO DE OXAPAMPA, PROVINCIA DE OXAPAMPA - PASCO",Contrata,Finalizado,10/07/2013 00:00:00,97038.22,OXAPAMPA,OXAPAMPA,PASCO
14202,2176391,251448,"MEJORAMIENTO Y AMPLIACIÓN DEL SERVICIO DE AGUA POTABLE Y DISPOSICIÓN DE EXCRETAS EN LA LOCALIDAD DE NUEVA ESPERANZA, DISTRITO DE SANTA ANA DE TUSI - DANIEL ALCIDES CARRION - PASCO",Contrata,Finalizado,2/07/2013 00:00:00,187564.71,SANTA ANA DE TUSI,DANIEL ALCIDES CARRION,PASCO
14199,2176390,251356,"MEJORAMIENTO Y AMPLIACIÓN DEL SERVICIO DE AGUA POTABLE Y DISPOSICIÓN DE EXCRETAS EN LA LOCALIDAD DE LLACSA, DISTRITO DE SANTA ANA DE TUSI - DANIEL ALCIDES CARRION - PASCO",Contrata,Finalizado,20/05/2013 00:00:00,253265.66,SANTA ANA DE TUSI,DANIEL ALCIDES CARRION,PASCO
13990,2103839,109695,"MEJORAMIENTO DEL GANADO VACUNO DE LA COMUNIDAD CAMPESINA YURAJHUANCA, DISTRITO DE SIMON BOLIVAR - PASCO - PASCO",Contrata,Finalizado,31/07/2012 00:00:00,639690.55,SIMON BOLIVAR,PASCO,PASCO
13686,2155747,206146,"CREACION DEL CENTRO CULTURAL, RECREATIVO Y ARTISTICO EN EL AA.HH. JOSE CARLOS MARIATEGUI SECTOR II, DISTRITO DE SIMON BOLIVAR - PASCO - PASCO",Contrata,En Ejecución,21/12/2012 00:00:00,6202002.64,SIMON BOLIVAR,PASCO,PASCO
13656,2152024,193972,"REHABILITACION Y PAVIMENTACIÓN RIGIDA Y OBRAS DE ARTE EN EL TRAMO WAY - GARGA 1.8 KM, DISTRITO DE SIMON BOLIVAR - PASCO - PASCO",Contrata,En Ejecución,30/11/2012 00:00:00,3741414.83,SIMON BOLIVAR,PASCO,PASCO
13655,2153777,198754,"INSTALACION DEL POLIDEPORTIVO EN EL AA.HH. JOSE CARLOS MARIATEGUI SECTOR 1, DISTRITO DE SIMON BOLIVAR - PASCO - PASCO",Contrata,Finalizado,12/11/2013 00:00:00,7430171.98,SIMON BOLIVAR,PASCO,PASCO
13650,2099993,109230,"CONSTRUCCION LOCAL MULTIUSOS EN EL CENTRO POBLADO DE PARAGSHA, DISTRITO DE SIMON BOLIVAR - PASCO - PASCO",Contrata,En Ejecución,23/10/2012 00:00:00,1572113.59,SIMON BOLIVAR,PASCO,PASCO
13644,2206138,209334,"CREACION DE PISTAS, VEREDAS, AREAS VERDES, DRENAJE PLUVIAL Y OBRAS DE ARTE EN LA AV. ARGENTINA Y LA CALLE GARDEL DEL AA.HH. BUENOS AIRES, DISTRITO DE SIMON BOLIVAR - PASCO - PASCO",Contrata,Finalizado,5/02/2013 00:00:00,965155.44,SIMON BOLIVAR,PASCO,PASCO
13617,2151771,199227,"MEJORAMIENTO E INSTALACION DEL CERCO PERIMETRICO DEL COLISEO DE LA PACHAMAMA EN LA COMUNIDAD CAMPESINA DE YURAJHUANCA, DISTRITO DE SIMON BOLIVAR - PASCO - PASCO",Contrata,Finalizado,25/08/2012 00:00:00,591029.07,SIMON BOLIVAR,PASCO,PASCO
13129,2127602,130433,"MEJORAMIENTO DEL SERVICIO EDUCATIVO DE LA I. E. MANUEL SCORZA - LA QUINUA, DISTRITO DE YANACANCHA - PASCO - PASCO",Contrata,Finalizado,21/08/2013 00:00:00,513143,YANACANCHA,PASCO,PASCO
12864,2127713,134310,"MEJORAMIENTO DEL SERVICIO EDUCATIVO EN LA I.E. Nº 34053 ANASQUIZQUE, DISTRITO DE YANACANCHA - PASCO - PASCO",Contrata,Finalizado,7/08/2013 00:00:00,513782.09,YANACANCHA,PASCO,PASCO
12585,2140985,144257,"MEJORAMIENTO DE LA CAPACIDAD RESOLUTIVA DEL PUESTO DE SALUD DE PARIAMARCA, DISTRITO DE YANACANCHA - PASCO - PASCO",Contrata,Finalizado,15/07/2013 00:00:00,687393.86,YANACANCHA,PASCO,PASCO
12551,2211778,216371,"MEJORAMIENTO DE LA SALA DE USOS MULTIPLES DE LA I.E.I.N 34047 CESAR VALLEJO YANACANCHA, DISTRITO DE YANACANCHA - PASCO - PASCO",Contrata,Finalizado,17/07/2013 00:00:00,243607.12,YANACANCHA,PASCO,PASCO
12421,2218588,242875,"CREACION DE LA PLAZUELA PRINCIPAL EN EL AA.HH VISTA ALEGRE, DISTRITO DE YANACANCHA - PASCO - PASCO",Contrata,Finalizado,29/08/2014 00:00:00,194133,YANACANCHA,PASCO,PASCO
12146,2216439,187065,"RECUPERACION DEL SERVICIO DE LA BIBLIOTECA PUBLICA MUNICIPAL EN LA URBANIZACION SAN JUAN, DISTRITO DE YANACANCHA - PASCO - PASCO",Contrata,Finalizado,16/05/2013 00:00:00,3542991.22,YANACANCHA,PASCO,PASCO
12079,0,0,"MANTENIMIENTO DE LA INFRAESTRUCTURA PUBLICA, Componente: Mantenimientio de Espacios Publicos (Parques, Plazoeletas, Avenidas y Jirones) con Mobiliarios Urbanos para la Seguridad Ciudadana en el Distrito de Chaupimarca, Provincia de Pasco.",Contrata,Finalizado,15/11/2014 00:00:00,173201.22,CHAUPIMARCA,PASCO,PASCO
12078,2149366,180720,"ejecucion de obra mejoramiento del sistema de seguridad ciudadana en el distrito de chaupimarca, provincia pasco, componente 03 instalacion del sistema de video vigilancia",Contrata,Finalizado,8/11/2013 00:00:00,650521.03,CHAUPIMARCA,PASCO,PASCO
12077,2102170,104948,"MEJORAMIENTO DE LA OFERTA DE SERVICIOS EDUCATIVOS PARA EL LOGRO DEL APRENDIZAJE EN EL NIVEL INICIAL EN LA I.E.I. - JESUS NAZARENO PUCHUPUQUIO - CHAUPIMARCA - PASCO, PROVINCIA DE PASCO - PASCO COMPONENTE CULMINACION DE INFRAESTRUCTURA Y ADQUISICION DE MOBILIARIOS Y COMPUTADORAS",Contrata,Finalizado,13/09/2013 00:00:00,327608.73,CHAUPIMARCA,PASCO,PASCO
12076,2071152,76423,"Rehabilitación y Sustitución de Aulas, SS. HH., Instalaciones Eléctricas y Sanitarias, Cerco Perimétrico y Equipamiento de I. E. Gerardo Patiño López, II Etapa, Componente: Rehabilitación del Cerco Perimétrico, Distrito Chaupimarca, Provincia y Región Pasco",Contrata,Finalizado,15/06/2013 00:00:00,541144.89,CHAUPIMARCA,PASCO,PASCO
11568,2119574,155920,"CONSTRUCCION DE LA INFRAESTRCUTURA DE LA INSTITUCION EDUCATIVA N 34470 DEL CASERIO POPOGAY, DISTRITO DE SANTA ANA DE TUSI - DANIEL ALCIDES CARRION - PASCO",Contrata,En Ejecución,2/05/2013 00:00:00,377162.52,SANTA ANA DE TUSI,DANIEL ALCIDES CARRION,PASCO
11567,2219188,235409,"CREACION DEL CENTRO CÍVICO DEL CENTRO POBLADO DE SANTA ANA DE RAGAN, DISTRITO DE SANTA ANA DE TUSI - DANIEL ALCIDES CARRION - PASCO",Contrata,Finalizado,16/04/2013 00:00:00,612691.80,SANTA ANA DE TUSI,DANIEL ALCIDES CARRION,PASCO
11452,2160595,225817,INSTALACIÓN Y EQUIPAMIENTO DE LA INSTITUCION EDUCATIVA DEL NIVEL INICIAL COCAR EN EL MARCO DE AMPLIACION DE COBERTURA PROVINCIA DANIEL ALCIDES CARRIÓN - REGION PASCO,Contrata,Finalizado,9/01/2013 00:00:00,978506.79,,PASCO,PASCO
10961,2166806,173233,173233 - SISTEMA ELÉCTRICO RURAL OXAPAMPA II ETAPA,Contrata,Finalizado,10/12/2015 00:00:00,1451892.64,OXAPAMPA,OXAPAMPA,PASCO
10872,2136738,166371,"CONSTRUCCION DE LA INFRAESTRUCTURA DE LA INSTITUCION EDUCATIVA N 34581 CASERIO DE SAN MIGUEL DE CHEPRA, DISTRITO DE SANTA ANA DE TUSI - DANIEL ALCIDES CARRION - PASCO",Contrata,Finalizado,21/05/2013 00:00:00,370049.37,SANTA ANA DE TUSI,DANIEL ALCIDES CARRION,PASCO
10699,2105036,114497,"MEJORAMIENTO, AMPLIACION Y EQUIPAMIENTO DE LA INSTITUCION EDUCATIVA DEL NIVEL INICIAL ""SAN PABLO"" LA QUINUA, DISTRITO DE YANACANCHA - PASCO -PASCO",Administración directa,Finalizado,22/02/2011 00:00:00,203075.63,YANACANCHA,PASCO,PASCO
10698,2437127,164864,CONSTRUCCION Y EQUIPAMIENTO DE WAWA WASI EN LA LOCALIDAD DE VILCABAMBA EN EL DISTRITO DE VILCABAMBA - DANIEL ALCIDES CARRION - PASCO,Administración directa,Finalizado,15/02/2011 00:00:00,200074.51,VILCABAMBA,DANIEL ALCIDES CARRION,PASCO
10697,2437128,164867,"CONSTRUCCION Y EQUIPAMIENTO DE WAWA WASI EN LA LOCALIDAD DE CHACAYAN, DISTRITO DE CHACAYAN - DANIEL ALCIDES CARRION - PASCO",Administración directa,Finalizado,21/02/2011 00:00:00,209952.59,CHACAYAN,DANIEL ALCIDES CARRION,PASCO
10694,2152239,189536,"CREACION DE SISTEMA DE RIEGO EN EL CASERIO DE CANTARIZU, DISTRITO DE OXAPAMPA, PROVINCIA DE OXAPAMPA - PASCO",Administración directa,Finalizado,25/06/2012 00:00:00,445039.33,OXAPAMPA,OXAPAMPA,PASCO
10624,0,0,"MANTENIMIENTO DE LA INFRAESTRUCTURA, Componente: Puesta en Operatividad, de la Infraestructura Deportiva y Estabilidad Estructural de la Cobertura del Estadio Patarcocha, Distrito de Chaupìmarca, Provincia y Region Pasco.",Contrata,Finalizado,27/11/2014 00:00:00,1069630.38,,PASCO,PASCO
10620,0,0,"MANTENIMIENTO DE INFRAESTRUCTURA PÚBLICA ¿ COMPONENTE: Puesta en Operatividad de Infraestructura Deportiva, Reposición de Cobertura Liviana, Tribunas Servicios Básicos en General del Mini Coliseo Municipal, Distrito de Chaupimarca, Provincia Región Pasco",Contrata,Finalizado,24/10/2014 00:00:00,2089575.35,CHAUPIMARCA,PASCO,PASCO
10619,2102170,104948,SALDO DE OBRA MEJORAMIENTO DE LA OFERTA DE SERVICIOS EDUCATIVOS PARA EL LOGRO DEL APRENDIZAJE EN EL NIVEL INICIAL EN LA I.E.I. - JESUS NAZARENO PUCHUPUQUIO - CHAUPIMARCA - PASCO. COMPONENTE 01: CULMINACIÓN DE INFRAESTRUCTURA Y ADQUISICIÓN DE MOBILIARIO DE COMPUTADORAS.,Administración directa,Finalizado,1/07/2014 00:00:00,232684.76,CHAUPIMARCA,PASCO,PASCO
10617,2116851,136060,"CONSTRUCCION , REHABILITACION Y MEJORAMIENTO DEL ANILLO VIAL TRAMO AVENIDA AREQUIPA - AVENIDA 28 DE JULIO DEL ASENTAMIENTO HUMANO TUPAC AMARU, PROVINCIA DE PASCO - PASCO. SUB COMPONENTE: PAVIMENTACIÓN DE LA AV. INSURGENTES",Administración directa,Finalizado,7/07/2014 00:00:00,1468540.05,,PASCO,PASCO
10615,2149297,185480,"INSTALACION DEL SISTEMA DE MEDIA TENSIÓN PARA EL COMPLEJO MULTIDEPORTIVO Y RECREACIONAL DEL AA. HH. TAHUANTINSUYO - DISTRITO DE CHAUPIMARCA, PROVINCIA DE PASCO - PASCO",Contrata,Finalizado,3/07/2014 00:00:00,226222.83,CHAUPIMARCA,PASCO,PASCO
10614,0,0,"MEJORAMIENTO DEL SISTEMA DE SEGURIDAD CIUDADANA EN EL DISTRITO DE CHAUPIMARCA, PROVINCIA DE PASCO - PASCO. Componente 01: Rehabilitación de Infraestructura de Seguridad Ciudadana",Contrata,Finalizado,24/06/2014 00:00:00,314990.74,CHAUPIMARCA,PASCO,PASCO
10613,0,0,"MANTENIMIENTO DE LA INFRAESTRUCTURA PUBLICA COMPONENTE: Reforzamiento Estructural del Complejo Multideportivo y Recreacional del AA.HH. Tahuantinsuyo, Distrito Chaupimarca, Provincia y Región de Pasco.",Contrata,Finalizado,11/06/2014 00:00:00,199343.25,CHAUPIMARCA,PASCO,PASCO
10611,0,0,"MANTENIMIENTO DE INFRAESTRUCTURA PUBLICA. Componente: Mantenimiento General del Mercado Baratillo del Distrito de Chaupimarca, Provincia y Region Pasco.",Contrata,Finalizado,25/01/2013 00:00:00,54585.68,CHAUPIMARCA,PASCO,PASCO
10487,2129408,130151,"REHABILITACION Y MEJORAMIENTO DEL CAMINO RURAL EMP. PE5NA OXAPAMPA - ALTO PERU, DISTRITO DE OXAPAMPA, PROVINCIA DE OXAPAMPA - PASCO",Contrata,Finalizado,15/05/2013 00:00:00,266239.59,OXAPAMPA,OXAPAMPA,PASCO
10482,2081284,73308,"CONSTRUCCION DEL SISTEMA DE ALCANTARILLADO DE LOS SECTORES LA ESPERANZA, MIRAFLORES Y LLAMAQUIZU DISTRITO DE OXAPAMPA, PROVINCIA DE OXAPAMPA - PASCO",Contrata,En Ejecución,22/06/2012 00:00:00,3102474,OXAPAMPA,OXAPAMPA,PASCO
10479,2212599,2212599,"MEJORAMIENTO DE LOS SERVICIOS EDUCATIVOS DE LA INSTITUCIÓN EDUCATIVA N° 34332 MARIA AUXILIADORA DEL CENTRO POBLADO DE ALTO CHURUMAZÚ, DISTRITO DE OXAPAMPA, PROVINCIA DE OXAPAMPA - PASCO",Contrata,En Ejecución,18/05/2015 00:00:00,493107.45,OXAPAMPA,OXAPAMPA,PASCO
10476,2207745,197997,"INSTALACION DE LOCAL COMUNAL DE USOS MULTIPLES EN EL ANEXO DE ALTO PLAYAPAMPA, DISTRITO DE OXAPAMPA, PROVINCIA DE OXAPAMPA - PASCO",Contrata,Finalizado,11/03/2013 00:00:00,362500,OXAPAMPA,OXAPAMPA,PASCO
10474,2155657,153841,AMPLIACION DE LA OFERTA DE SERVICIOS EDUCATIVOS PARA EL APRENDIZAJE Y APRESTAMIENTO EN LA I.E.I. MARIA INMACULADA DEL DISTRITO DE OXAPAMPA Y PROVINCIA DE OXAPAMPA - PASCO,Contrata,Finalizado,14/02/2013 00:00:00,989100,OXAPAMPA,OXAPAMPA,PASCO
10472,2135768,155979,"AMPLIACION DE REDES SECUNDARIAS EN 460/230 V. BARRIOS LOS ANGELES - ALTO PLAYAPAMPA, DISTRITO DE OXAPAMPA, PROVINCIA DE OXAPAMPA - PASCO",Contrata,Finalizado,3/06/2013 00:00:00,53791.04,OXAPAMPA,OXAPAMPA,PASCO
10468,2220395,214105,"INSTALACION DE PUENTE PEATONAL EN EL SECTOR RIO PISCO, DISTRITO DE OXAPAMPA, PROVINCIA DE OXAPAMPA - PASCO",Contrata,Finalizado,17/07/2013 00:00:00,188167.02,OXAPAMPA,OXAPAMPA,PASCO
10466,2165213,224707,"INSTALACION DE PUENTE PEATONAL EN EL SECTOR QUEBRADA HONDA, DISTRITO DE OXAPAMPA, PROVINCIA DE OXAPAMPA - PASCO",Contrata,Finalizado,19/07/2013 00:00:00,101314.15,OXAPAMPA,OXAPAMPA,PASCO
10426,0,0,"Ejecución de la Obra: Mantenimiento de la Infraestructura Pública, Componente: Mantenimiento y Puesta en Operatividad del Emisor Norte, Emisor Sur, Desarenado y Cámara de Rejas del Sistema de Alcantarillado de Pasco, Provincia y Región Pasco",Contrata,Finalizado,21/05/2013 00:00:00,234554.16,,PASCO,PASCO
10380,2138927,162760,"CONSTRUCCION DEL SISTEMA DE AGUA POTABLE Y LETRINAS DEL ANEXO PUERTO YESUPE, DISTRITO DE PUERTO BERMUDEZ - OXAPAMPA - PASCO",Administración directa,Finalizado,2/07/2012 00:00:00,547343.58,PUERTO BERMUDEZ,OXAPAMPA,PASCO
10376,2167194,191868,"MEJORAMIENTO DEL SERVICIO EDUCATIVO EN LA I.E. Nº 34663 DEL SECTOR DOS DE MAYO - APURUCAYALI, DISTRITO PUERTO BERMUDEZ, PROVINCIA OXAPAMPA, PASCO",Administración directa,Finalizado,8/04/2013 00:00:00,295152.79,PUERTO BERMUDEZ,OXAPAMPA,PASCO
10374,2172488,228263,"MEJORAMIENTO DEL SERVICIO EDUCATIVO DEL JARDIN DE NIÑOS SAN PEDRO DE PILLAO, DISTRITO SAN PEDRO DE PILLAO, PROVINCIA DE DANIEL ALCIDES CARRION - PASCO",Administración directa,Finalizado,4/03/2013 00:00:00,330715.15,SAN PEDRO DE PILLAO,DANIEL ALCIDES CARRION,PASCO
10373,2219607,227082,"CREACION DEL SISTEMA DE RIEGO ENTRE LAS LOCALIDADES DE NUEVO ORIENTE - SALCACHUPAN, DISTRITO DE PALLANCHACRA, PROVINCIA DE PASCO - PASCO",Administración directa,Finalizado,18/02/2013 00:00:00,352110.27,PALLANCHACRA,PASCO,PASCO
10372,2219133,226849,"CREACION DEL CAMINO VECINAL BUENA VISTA - SANTA MATILDE, DISTRITO DE POZUZO - OXAPAMPA - PASCO",Administración directa,Finalizado,8/04/2013 00:00:00,303813.47,POZUZO,OXAPAMPA,PASCO
10362,2226769,227576,"REHABILITACION Y MEJORAMIENTO DEL CAMINO VECINAL TRAMO AGUA SALADA - ALTO TUNQUI, DISTRITO DE HUANCABAMBA, PROVINCIA DE OXAPAMPA - PASCO",Administración directa,Finalizado,8/04/2013 00:00:00,330039.13,HUANCABAMBA,OXAPAMPA,PASCO
10361,2166654,230146,"MEJORAMIENTO DE LOS SERVICIOS DE SALUD DEL CENTRO POBLADO DE SAN CRISTOBAL DE CHAUPIMARCA, DISTRITO DE TAPUC - DANIEL ALCIDES CARRION - PASCO",Administración directa,Finalizado,10/04/2013 00:00:00,395364.24,TAPUC,DANIEL ALCIDES CARRION,PASCO
10358,2169281,229617,"CREACION DEL CAMINO VECINAL ENTRE CAMBIO PAMPA - LOMA GORDA, DISTRITO DE VILCABAMBA. PROVINCIA DE DANIEL ALCIDES CARRION - PASCO",Administración directa,Finalizado,25/03/2013 00:00:00,326019.83,VILCABAMBA,DANIEL ALCIDES CARRION,PASCO
10356,2169282,230659,"CREACION DEL CAMINO VECINAL ENTRE CHANGO - PICUSH, DISTRITO DE CHACAYAN - DANIEL ALCIDES CARRION - PASCO",Administración directa,Finalizado,14/06/2013 00:00:00,603623.99,CHACAYAN,DANIEL ALCIDES CARRION,PASCO
9971,2119647,157042,"CONSTRUCCION DE LA INFRAESTRUCTURA Y EQUIPAMIENTO DEL PUESTO DE SALUD TIPO I-1 EN LA LOCALIDAD DE CALLHUAN,, DISTRITO DE SANTA ANA DE TUSI - DANIEL ALCIDES CARRION - PASCO",Contrata,Finalizado,18/07/2011 00:00:00,334105.26,SANTA ANA DE TUSI,DANIEL ALCIDES CARRION,PASCO
9603,2225385,235421,"MEJORAMIENTO DEL SISTEMA DE AGUA POTABLE Y SANEAMIENTO DEL CASERIO 08 DE OCTUBRE DEL, DISTRITO DE SANTA ANA DE TUSI - DANIEL ALCIDES CARRION - PASCO",Contrata,En Ejecución,10/06/2013 00:00:00,829296.11,SANTA ANA DE TUSI,DANIEL ALCIDES CARRION,PASCO
9295,2084815,74176,"Mejoramiento y Ampliación de los Servicios de Saneamiento y Fortalecimiento Institucional Integral de la EMAPA Pasco Provincia de Pasco. Componente: Sistema de Tratamiento, Planta de Tratamiento de Aguas Residuales, Sub componente: Construcción de Cerco Perimetrico para la Laguna de Oxidación de Quiulacocha, Distrito de Simón Bolívar Provincia y Región de Pasco.",Contrata,Finalizado,7/02/2013 00:00:00,421423,,PASCO,PASCO
9192,2115813,98867,"CONSTRUCCION DEL CERCO PERIMETRICO PARA LA INFRAESTRUCTURA ACADEMICA Y DE INVESTIGACION DE LA NUEVA CIUDAD UNIVERSITARIA PUCAYACU, UNDAC - REGION PASCO",Contrata,Finalizado,7/02/2013 00:00:00,2835022.45,,PASCO,PASCO
8799,2118585,128448,CONSTRUCCION DE CERCO PERIMETRICO DE LA I.E. N 34001 DE LA LO CALIDAD DE QUICHAS DEL DISTRITO DE YANACANCHA -PASCO -PASCO,Contrata,Finalizado,7/03/2013 00:00:00,100276.41,YANACANCHA,PASCO,PASCO
8658,2160667,224642,CREACION DEL CENTRO DE SERVICIOS DE APOYO AL HABITAT RURAL EN EL C.P. HUANCABAMBA - HUANCABAMBA - OXAPAMPA - PASCO,Contrata,Finalizado,16/10/2013 00:00:00,462470.16,HUANCABAMBA,OXAPAMPA,PASCO
8148,2113546,128674,"CONSTRUCCION DE PISTAS, VEREDAS, DRENAJE PLUVIAL Y RECUPERACIÓN DE ÁREAS VERDES EN LOS ASENTAMIENTOS HUMANOS, BARRIOS, CALLES Y JIRONES DEL DISTRITO DE CHAUPIMARCA. Componente: Construcción de Pistas, Veredas, Drenaje Pluvial y Recuperacion de Áreas Verdes en el Sector 2 del AA.HH. Túpac Amaru, Distrito de Chaupimarca Provincia y Región de Pasco.",Contrata,Finalizado,16/11/2011 00:00:00,1286308.03,CHAUPIMARCA,PASCO,PASCO
8025,2151970,191737,"Mejoramiento de Vías con Veredas y Graderías en las Calles; 2, 18, Inquisición cuadra 1 y 2, Cajamarca Cuadra 2, del AA. HH. Túpac Amaru, Distrito de Chaupimarca, Provincia de Pasco ¿ Pasco.",Administración directa,Finalizado,9/04/2012 00:00:00,157013.45,CHAUPIMARCA,PASCO,PASCO
8000,2151966,191716,"Mejoramiento y Ampliación de la Losa Deportiva en el Jr. Leoncio Prado del Cercado de Chaupimarca, Distrito de Chaupimarca, Provincia de Pasco - Pasco.",Administración directa,Finalizado,9/04/2012 00:00:00,199103.55,CHAUPIMARCA,PASCO,PASCO
7999,2151981,191727,"Mejoramiento de Vías con Veredas, Graderías y Áreas Verdes en los Jirones: Miraflores Cuadra 1, Antonio Arenales Cuadra 1 y Buenos Aires Cuadra 1 del Asentamiento Humano Tahuantinsuyo - Distrito de Chaupimarca, Provincia de Pasco ¿ Pasco.",Administración directa,Finalizado,9/04/2012 00:00:00,324128.32,CHAUPIMARCA,PASCO,PASCO
7994,2151984,191787,"Mejoramiento de Vías con Veredas, Graderías y Obras de Arte en las Calles: Mariano Melgar, Ica, Pisco, Huáscar, Cuadra 1, Calle 7 y Cuadra 5 del Asentamiento Humano Uliachin, Distrito de Chaupimarca, Provincia de Pasco ¿ Pasco.",Administración directa,Finalizado,9/04/2012 00:00:00,385578.61,CHAUPIMARCA,PASCO,PASCO
7647,2163538,227831,"MEJORAMIENTO DE LOS SERVICIOS DE SALUD NIVEL I-1 DE LA LOCALIDAD DE HUARAUCACA, DISTRITO DE TINYAHUARCO - PASCO - PASCO",Contrata,Finalizado,19/11/2012 00:00:00,547436.21,TINYAHUARCO,PASCO,PASCO
7640,2161892,227912,"MEJORAMIENTO DEL SERVICICIO EDUCATIVO EN LA I.E JOSE CARLOS MARIATEGUI EN LA LOCALIDAD DE COLQUIJIRCA, DISTRITO DE TINYAHUARCO - PASCO - PASCO COMPONENTE 1 INSTALACION DE CERCO PERIMETRICO DE LA I.E. JOSE CARLOS MARIATEGUI",Contrata,Finalizado,3/12/2012 00:00:00,927790.63,TINYAHUARCO,PASCO,PASCO
7638,2160978,220001,"AMPLIACION DE RED SECUNDARIA DE LA ELECTRIFICACIÓN, DEL BARRIO LOS ANGELES DE HUARAUCACA, DISTRITO DE TINYAHUARCO - PASCO - PASCO",Contrata,Finalizado,17/10/2012 00:00:00,120172.38,TINYAHUARCO,PASCO,PASCO
7636,2209903,204681,"INSTALACION Y MEJORAMIENTO DEL SERVICIO DE ENERGÍA ELÉCTRICA MEDIANTE LA LÍNEA DE DISTRIBUCIÓN PRIMARIA 22.9 KV, DE LA LOCALIDAD DE RACRACANCHA, DISTRITO DE TINYAHUARCO - PASCO - PASCO",Contrata,Finalizado,13/09/2012 00:00:00,128809.04,TINYAHUARCO,PASCO,PASCO
7622,2137701,174899,"CONSTRUCCION DE PISTAS Y VEREDAS DE LA AV. CAPITAN SOTO, DISTRITO DE VILLA RICA, PROVINCIA DE OXAPAMPA",Contrata,Finalizado,20/12/2012 00:00:00,3400905.66,VILLA RICA,OXAPAMPA,PASCO
7532,2224649,232670,"MEJORAMIENTO DEL SERVICIO DE DESARROLLO COMUNAL EN LA COMUNIDAD DE YUPAJHUANCA DISTRITO DE SANTA ANA DE TUSI, PROVINCIA DE DANIEL ALCIDES CARRION - PASCO",Contrata,Finalizado,28/02/2013 00:00:00,207130.56,SANTA ANA DE TUSI,DANIEL ALCIDES CARRION,PASCO
7438,2098375,121558,"CONSTRUCCION DE PISTAS, VEREDAS, CUNETAS Y MURO DE CONTENCION EN LA ASOCIACION PROVIVIENDA GERARDO PATIÑO LOPEZ DEL DISTRITO DE YANACANCHA, PROVINCIA DE PASCO, COMPONENTE: Pavimentación de las Calles Jr. Las Gardenias, Jr. Las Esmeraldas y Jr. Los Diamantes.",Contrata,Finalizado,29/11/2011 00:00:00,534638.22,YANACANCHA,PASCO,PASCO
7437,2116829,133946,"Mejoramiento y Construcción del Sistema de Drenaje Pluvial de las Avenidas Primero de Mayo, Insurgentes, La Libertad y Jirones Moquegua, Huallaga, San Sebastián y Huaricapcha del AA. HH. Túpac Amaru del Distrito de Chaupimarca, Provincia de Pasco - Pasco.",Contrata,Finalizado,29/10/2011 00:00:00,1625694.29,CHAUPIMARCA,PASCO,PASCO
7436,2125482,142188,"Mejoramiento, Ampliación e Implementación de los Laboratorios del Área de Ciencias, TecnologÍa y Ambiente de la Institución Educativa Daniel Alcides Carrión del Distrito de Chaupimarca, Provincia de Pasco - Pasco.",Contrata,Finalizado,27/09/2011 00:00:00,911079.14,CHAUPIMARCA,PASCO,PASCO
7435,2080231,78159,"Construción de Pistas, Veredas y Obras de Arte en la Av. Alfonso Ugarte, Pasaje Daniel Alcides Carrión y Jr. Dos de Mayo, Distrito de Chaupimarca, Provincia y Región de Pasco.",Contrata,Finalizado,28/11/2011 00:00:00,1291701.46,CHAUPIMARCA,PASCO,PASCO
7186,2131171,167870,"AMPLIACION Y EQUIPAMIENTO DE LA INFRAESTRUCTURA DEL PALACIO MUNICIPAL PARA EL FORTALECIMIENTO DE LOS SERVICIOS DE LA BIBLIOTECA MUNICIPAL EN EL DISTRITO DE CHAUPIMARCA, PROVINCIA DE PASCO - PASCO",Contrata,Finalizado,29/12/2012 00:00:00,2284075,CHAUPIMARCA,PASCO,PASCO
7127,2137640,179120,"construcciones de pistas y veredas y canal pliuvial en el jr. brena localidad de huaraucaca, distrito de tinyahuarco provincia de pasco pasco",Contrata,Finalizado,23/11/2012 00:00:00,1303289.43,TINYAHUARCO,PASCO,PASCO
7125,2163150,221626,creacion de pistas y veredas en la av. tupac amaru y tramos jr. morales jr. jorge chavez del centro poblado de colquijirca distrito de tinyahuarco pasco pasco,Contrata,Finalizado,26/12/2012 00:00:00,1485147.53,TINYAHUARCO,PASCO,PASCO
7124,2161868,220839,creacion de canal pluvial en la av. santa rosa y jr. chavez en el centro poblado de colquijirca distrito de tinyahuarco pasco pasco,Contrata,Finalizado,12/11/2012 00:00:00,1163901.34,TINYAHUARCO,PASCO,PASCO
7088,2137639,179116,construccion de pistas veredas y canal pluvial en jiron grau localidad de huaraucaca distrito de tinyahuarco pasco pasco,Contrata,Finalizado,22/10/2012 00:00:00,1374989.91,TINYAHUARCO,PASCO,PASCO
7086,2165223,230192,"CREACION DEL COLISEO CERRADO DE LA LOCALIDAD DE COLQUIJIRCA, DISTRITO DE TINYAHUARCO - PASCO - PASCO",Contrata,Finalizado,21/02/2013 00:00:00,1970105.72,TINYAHUARCO,PASCO,PASCO
6881,2142876,177465,"MEJORAMIENTO Y AMPLIACION DE LOS SISTEMAS DE AGUA POTABLE, ALCANTARILLADO Y TRATAMIENTO DE AGUAS RESIDUALES EN EL DISTRITO DE TAPUC - DANIEL ALCIDES CARRION -PASCO",Contrata,Finalizado,20/11/2012 00:00:00,5523276.33,TAPUC,DANIEL ALCIDES CARRION,PASCO
6838,2156616,215488,CREACION DEL CENTRO DE SERVICIOS DE APOYO AL HABITAT RURAL EN EL C.P. SAN JUAN DE YANACACHI-PASCO-PASCO,Contrata,Finalizado,9/09/2012 00:00:00,346940,,PASCO,PASCO
6470,2143511,143009,"REHABILITACION , MEJORAMIENTO DEL CAMINO VECINAL SAN JUAN DE CACAZU - VILLA TARMA - BOCAZ ,DISTRITO DE VILLA RICA, PROVINCIA DE OXAPAMPA-PASCO",Contrata,Finalizado,21/02/2013 00:00:00,1633145.06,VILLA RICA,OXAPAMPA,PASCO
5845,0,0,LÍNEA DE TRANSMISIÓN EN 60 kV VILLA RICA-PUERTO BERMUDEZ Y SET 7/9 MVA 60/33 kV PUERTO BERMUDEZ,Contrata,Finalizado,25/06/2009 00:00:00,0,VILLA RICA,OXAPAMPA,PASCO
5844,2100396,114874,"CONSTRUCCION TROCHA CARROZABLE BUENAS NUEVAS, DISTRITO DE SANTA ANA DE TUSI - DANIEL ALCIDES CARRION - PASCO",Contrata,Finalizado,7/06/2011 00:00:00,327865.20,SANTA ANA DE TUSI,DANIEL ALCIDES CARRION,PASCO
5466,2155278,211382,"MEJORAMIENTO DE PISTAS Y VEREDAS DE LAS CALLES AMAZONAS, TACNA, UCAYALI, LAS NAZARENAS, AREQUIPA Y LOS JIRONES LORETO, LIBERTAD, SAN MARTIN DEL ASENTAMIENTO HUMANO COLUMNA PASCO, DISTIRTO DE YANACANCHA - PASCO",Administración directa,Finalizado,3/05/2012 00:00:00,3812905.27,YANACANCHA,PASCO,PASCO
5093,2138967,180288,"Construccion Del Sitema de Alcantarillado y Planta de Aguas Residuales en el Centro Poblado de la Quinua, Distrito de Yanacancha - pasco",Contrata,Finalizado,23/04/2012 00:00:00,2098065,YANACANCHA,PASCO,PASCO
5074,2084815,74176,"Mejoramiento y Ampliación de los Servicios de Saneamiento y Fortalecimiento Institucional Integral de la EMAPA Pasco, Componente: Instalaciones de Líneas de Aducción y Conexiones Domiciliarias del Pueblo Joven Uliachin y Cercado de Chaupimarca, Provincia y Región de Pasco.",Contrata,Finalizado,13/12/2012 00:00:00,1503784.59,CHAUPIMARCA,PASCO,PASCO
5061,2084815,74176,"Mejoramiento y Ampliacion de los Servicios de Saneamiento y Fortalecimiento Institucional Integral de la EMAPA Pasco, Componente: Instalaciones de Lineas de Aducción, Redes de Distribución y Conexiones Domiciliarias en los AA.HH. de Virgen Inmaculada Concepción y Ayapoto, e Inst. de Línea de Aducción y Mejor. de Redes de Distrib. en los AA.HH. El Misti, Buenos Aires, Chaupimarca, Nva. Esperanza, Barrio la Esperanza, Noruega Alt y Baj, Sta Rosa, Distrito Chaupimarca, Provincia y Región Pasco.",Contrata,Finalizado,10/01/2012 00:00:00,3034995.56,CHAUPIMARCA,PASCO,PASCO
5055,2113546,128674,"Construcción de Pistas, Veredas, Drenaje Pluvial y Recuperación de Áreas Verdes en los AA.HH., Barrios, Calles y Jirones del Distrito de Chaupimarca, Componente: Construcción de Pistas y Veredas, Desague Pluvial y Recuperación de Áreas Verdes en el Sector 3 del AA.HH. Túpac Amaru, Distrito Chaupimarca, Provincia y Región de Pasco.",Contrata,Finalizado,27/09/2011 00:00:00,712902.34,CHAUPIMARCA,PASCO,PASCO
4991,0,0,"Ejecución de Obra: Mejoramiento y Ampliación de los Servicios de Saneamiento y Ejecución de Obra: Mejoramiento de la Infraestructura Pública, Componente: Mantenimiento de la Oficina de Fiscalización de la Municipalidad Provincial de, Distrito Chaupimarca, Provincia y Región de Pasco",Contrata,Finalizado,7/09/2012 00:00:00,84150.32,CHAUPIMARCA,PASCO,PASCO
4990,2084815,74176,"Ejecución de Obra: Mejoramiento y Ampliación de los Servicios de Saneamiento y Fortalecimiento Institucional de EMAPA ¿ PASCO Componente: Empalme de las líneas de Aducción a las Redes de Distribución de Agua Potable del Barrio Noruega Alta y Baja de Pasco. Distrito Chaupimarca, Provincia y Región de Pasco",Contrata,Finalizado,11/08/2012 00:00:00,29293.37,CHAUPIMARCA,PASCO,PASCO
4985,0,0,"Mantenimiento de Infraestructura Pública, Componente: Obra por Emergencia y Refacción del Túnel Desagüe del Anillo Colector del Contorno de la Laguna de Patarcocha, Distrito de Chaupimarca,Provincia y Región pasco",Contrata,Finalizado,18/09/2012 00:00:00,306630.21,CHAUPIMARCA,PASCO,PASCO
4542,2161892,227912,"MEJORAMIENTO DEL SERVICIO EDUCATIVO EN LA I.E. JOSE CARLOS MARIATEGUI EN LA LOCALIDAD DE COLQUIJIRCA, DISTRITO DE TINYAHUARCO, PASCO, PASCO COMPONENTE 2:MEJORAMIENTO Y EQUIPAMIENTO DE LABORATORIO DE CIENCIAS",Contrata,Finalizado,20/10/2012 00:00:00,269992.83,TINYAHUARCO,PASCO,PASCO
4534,2121745,118800,"CONSTRUCCION DE SISTEMA DE RIEGO EN LA LOCALIDAD DE TUNACANCHA, DISTRITO DE YANAHUANCA, PROVINCIA DE DANIEL ALCIDES CARRION - PASCO",Contrata,Finalizado,2/01/2013 00:00:00,32948948,YANAHUANCA,DANIEL ALCIDES CARRION,PASCO
4532,2159325,180912,"MEJORAMIENTO DE LOS SERVICIOS EDUCATIVOS DE NIVEL SECUNDARIA DE LA I.E. VICTOR RAUL HAYA DE LA TORRE DEL CENTRO POBLADO DE SANTIAGO PAMPA, PROVINCIA DE DANIEL ALCIDES CARRION - PASCO",Contrata,Finalizado,11/10/2013 00:00:00,1143808.05,,DANIEL ALCIDES CARRION,PASCO
4369,2121745,118800,"EJECUCION DE LA OBRA:CONSTRUCCION DE SISTEMA DE RIEGO EN LA LOCALIDAD DE TUNACANCHA, DISTRITO DE YANAHUANCA, PROVINCIA DE DANIEL ALCIDES CARRION - PASCO",Contrata,Finalizado,2/01/2013 00:00:00,359963.95,YANAHUANCA,DANIEL ALCIDES CARRION,PASCO
4367,2159552,186751,"EJECUCION DE LA OBRA: MEJORAMIENTO DE LAS CALLES PRINCIPALES E INSTALACION DE AREAS VERDES DE LA LOCALIDAD DE TANGOR, DISTRITO DE PAUCAR, PROVINCIA DE DANIEL ALCIDES CARRION - PASCO - I ETAPA",Contrata,Finalizado,16/10/2012 00:00:00,524257.54,PAUCAR,DANIEL ALCIDES CARRION,PASCO
4319,2138316,177858,"CONSTRUCCION DE VEREDAS, ESTACIONAMIENTO Y AREAS VERDES EN EL BARRIO TUSICANCHA, DISTRITO DE SANTA ANA DE TUSI - DANIEL ALCIDES CARRION - PASCO",Contrata,Finalizado,12/09/2011 00:00:00,501828.44,SANTA ANA DE TUSI,DANIEL ALCIDES CARRION,PASCO
4317,2098756,106349,"EJECUCION DE OBRA CREACION DE TROCHA CARROZABLE CHAGHUANUSHCA-ANTACACA, DISTRITO DE SANTA ANA DE TUSI - DANIEL ALCIDES CARRION - PASCO",Contrata,Finalizado,5/10/2012 00:00:00,415602.25,SANTA ANA DE TUSI,DANIEL ALCIDES CARRION,PASCO
4264,0,106801,EJECUCION DE OBRA: ADECUACION DE LAS DISTANCIAS MINIMAS DE SEGURIDAD DEL P.S.E. VILLA RICA,Contrata,Finalizado,7/10/2011 00:00:00,92226.23,VILLA RICA,OXAPAMPA,PASCO
4230,2116852,140683,"CONSTRUCCION Y MEJORAMIENTO DE LAS VIAS DEL PARQUE RECREACIONAL DEL AA.HH. NUEVA ESPERANZA, DISTRITO DE CHAUPIMARCA, PROVINCIA Y REGION DE PASCO",Contrata,Finalizado,17/11/2012 00:00:00,1503878.84,CHAUPIMARCA,PASCO,PASCO
4229,2113286,118926,"MEJORAMIENTO DE LA PRESTACION DE LOS SERVICIOS DE LA SALUD DEL PUESTO DE SALUD EL MISTI DEL DISTRITO DE CHAUPIMARCA, DE LA PROVINCIA DE PASCO - PASCO",Contrata,Finalizado,14/12/2011 00:00:00,340734.17,CHAUPIMARCA,PASCO,PASCO
4217,2113546,128674,"CONSTRUCCION DE PISTAS, VEREDAS, DRENAJE PLUVIAL Y RECUPERACIÓN DE ÁREAS VERDES EN LOS ASENTAMIENTOS HUMANOS, BARRIOS, CALLES Y JIRONES DEL DISTRITO DE CHAUPIMARCA. Componente: Construcción de Pistas, Veredas, Desague Pluvial y Recuperación de Áreas Verdes en el AA.HH. Barrio la Esperanza y AA.HH. El Misti, Distrito de Chaupimarca, Provincia y Región de Pasco.",Contrata,Finalizado,9/11/2011 00:00:00,915713.21,CHAUPIMARCA,PASCO,PASCO
4215,2116851,136060,"CONSTRUCCION , REHABILITACION Y MEJORAMIENTO DEL ANILLO VIAL TRAMO AV. AREQUIPA - AV. 28 DE JULIO DEL ASENTAMIENTO HUMANO TUPAC AMARU, DISTRITO CHAUPIMARCA, PROVINCIA Y REGION PASCO.",Contrata,Finalizado,4/02/2012 00:00:00,4660960.16,CHAUPIMARCA,PASCO,PASCO
4145,2156682,173396,GRUPO 22 ITEM 03: SISTEMA ELECTRICO RURAL PAUCARTAMBO HUACHON III ETAPA,Contrata,Finalizado,27/10/2012 00:00:00,460485.22,PAUCARTAMBO,PASCO,PASCO
4144,2156681,172991,GRUPO 22 ITEM 2: SISTEMA ELECTRICO RURAL HUARIACA IV ETAPA,Contrata,Finalizado,26/10/2012 00:00:00,1176479.28,HUARIACA,PASCO,PASCO
4143,2156683,173293,Sistema Eléctrico Rural Chaupihuaranga V Etapa II Fase,Contrata,Finalizado,27/10/2012 00:00:00,3815261.08,,,PASCO
4054,2098193,113610,CONSTRUCCIÓN DE PISTAS Y VEREDAS DE LAS CALLES DEL BARRIO SAN JUAN DE CHORA BARRIO BUENOS AIRES PLAZA PRINCIPAL Y JR. 28 DE JULIO DEL DISTRITO DE SANTA ANA DE TUSI PROVINCIA DANIEL CARRIÓN,Contrata,Finalizado,27/01/2012 00:00:00,4571246.68,SANTA ANA DE TUSI,DANIEL ALCIDES CARRION,PASCO
3918,2156853,194900,"INSTALACION DE SERVICIOS HIGIENICOS Y LAVANDERIA PUBLICA EN BARRIO SANTA ROSA Y CANARI DEL CENTRO POBLADO DE ANTAPIRCA, DISTRITO DE SANTA ANA DE TUSI - DANIEL ALCIDES CARRION - PASCO",Contrata,Finalizado,1/10/2012 00:00:00,185056.27,SANTA ANA DE TUSI,DANIEL ALCIDES CARRION,PASCO
3903,2163532,214800,"INSTALACION DE SERVICIOS DE AGUA POTABLE Y LETRINA EN LA LOCALIDAD DE 10 DE MAYO, DISTRITO DE SANTA ANA DE TUSI - DANIEL ALCIDES CARRION - PASCO",Contrata,Finalizado,28/09/2012 00:00:00,149801.29,SANTA ANA DE TUSI,DANIEL ALCIDES CARRION,PASCO
3902,2223510,224105,"MEJORAMIENTO DE LOS SERVICIOS EDUCATIVOS DE NIVEL INICIAL MEDIANTE LA IMPLEMENTACION Y EQUIPAMIENTO CON TECNOLOGIA DE INFORMACION Y COMUNICACIÓN, DISTRITO DE SANTA ANA DE TUSI - DANIEL ALCIDES CARRION - PASCO",Contrata,Finalizado,20/03/2013 00:00:00,213846.86,SANTA ANA DE TUSI,DANIEL ALCIDES CARRION,PASCO
3901,2125204,127239,"INSTALACION DEL SISTEMA DE AGUA POTABLE Y DISPOSICION DE EXCRETAS EN LA LOCALIDAD FUNGOLCUTA, DISTRITO DE SANTA ANA DE TUSI - DANIEL ALCIDES CARRION - PASCO",Contrata,Finalizado,8/08/2012 00:00:00,329034.87,SANTA ANA DE TUSI,DANIEL ALCIDES CARRION,PASCO
3900,2156906,214876,"CREACION DE LA TROCHA CARROZABLE PACHAGRAN - TRICRARPUN EN EL CENTRO POBLADO DE PAMPANIA, DISTRITO DE SANTA ANA DE TUSI - DANIEL ALCIDES CARRION - PASCO",Contrata,Finalizado,4/12/2012 00:00:00,598157.38,SANTA ANA DE TUSI,DANIEL ALCIDES CARRION,PASCO
3899,2218272,214892,"CREACION DE 07+840 KM. DE CARRETERA A NIVEL DE TROCHA CARROZABLE, PIQUILHUANCA - SANTO ROSARIO - TACTAYOC, DISTRITO DE SANTA ANA DE TUSI - DANIEL ALCIDES CARRION - PASCO",Contrata,En Ejecución,15/05/2013 00:00:00,2173248.41,SANTA ANA DE TUSI,DANIEL ALCIDES CARRION,PASCO
3898,2117402,125776,"CONSTRUCCION DE MODULOS DE LAVANDERIA Y SERVICIOS HIGIENICOS PUBLICOS EN LOS BARRIOS DE CHAUPIS, SAN JUAN DE CHORA, GULANA, SANTA ROSA Y TUSICANCHA EN LA LOCALIDAD DE SANTA ANA DE TUSI, DISTRITO SANTA ANA DE TUSI - DANIEL A. CARRION - PASCO",Contrata,Finalizado,11/02/2011 00:00:00,78814.25,SANTA ANA DE TUSI,PASCO,PASCO
3880,2157152,211010,"MEJORAMIENTO DE LA OFERTA DE LOS SERVICIOS EDUCATIVOS EN LA INSTITUCION EDUCATIVA ALFONSO UGARTE BERNAL DEL DISTRITO DE PAUCARTAMBO,PROVINCIA Y DEPARTAMENTO DE PASCO",Contrata,Finalizado,19/03/2013 00:00:00,9720527.23,PAUCARTAMBO,PASCO,PASCO
3879,2130352,30969,"AMPLIACION Y MEJORAMIENTO DE LOS SERVICIOS DE AGUA POTABLE Y ALCANTARILLADO DE LAS ZONAS URBANAS DE SANTO DOMINGO, SAN CARLOS, SAN JOSE Y NUEVA BERMA Y CHURUMAZU DISTRITO DE CHONTABAMBA - OXAPAMPA - REGION PASCO",Contrata,Finalizado,19/11/2012 00:00:00,7627064.44,CHONTABAMBA,OXAPAMPA,PASCO
3719,2067530,66042,"CREACION Y REHABILITACION DEL CAMINO VECINAL EMP.PA-107 LORETO-SAN ANTONIO DE PUCUY-EL CAÑO-EMP.PE.5NA CHURUMAZU DISTRITO DE CHONTABAMBA,PROVINCIA DE OXAPAMPA-PASCO",Contrata,Finalizado,21/10/2013 00:00:00,6253082,CHONTABAMBA,OXAPAMPA,PASCO
3703,2152783,193898,"MEJORAMIENTO DEL SERVICIO EDUCATIVO DE EDUCACION SECUNDARIA EN LA I.E DE CIENCIAS Y HUMANIDADES JUAN VELASCO ALVARADO DE LA LOCALIDAD DE MISCA DISTRITO DE CHACAYAN, PROVINCIA DE DANIEL ALCIDES CARRION - PASCO",Contrata,Finalizado,17/05/2012 00:00:00,430671.05,CHACAYAN,DANIEL ALCIDES CARRION,PASCO
3702,2153494,190107,"MEJORAMIENTO DE LA INFRAESTRUCTURA DEL CETPRO VILLO ¿ TAMBOCHACA, DISTRITO DE YANAHUANCA, PROVINCIA DE DANIEL ALCIDES CARRION - PASCO",Contrata,Finalizado,14/05/2012 00:00:00,502829.18,YANAHUANCA,DANIEL ALCIDES CARRION,PASCO
3697,2215786,202640,"MEJORAMIENTO Y AMPLIACION DEL SISTEMA DE AGUA POTABLE E INSTALACION DEL SISTEMA DE ALCANTARILLADO EN LA LOCALIDAD DE CHINCHE TINGO, DISTRITO DE YANAHUANCA, PROVINCIA DE DANIEL ALCIDES CARRION - PASCO",Contrata,Finalizado,29/12/2016 00:00:00,4320078.74,YANAHUANCA,DANIEL ALCIDES CARRION,PASCO
3689,2158189,201337,"MEJORAMIENTO Y CREACION DEL CAMINO VECINAL DESVIO UCHUMARCA LOS ANDES, RAMAL HOGOPAMPA E INSTALACION DEL PUENTE PUCAYACU DISTRITO DE YANAHUANCA, PROVINCIA DE DANIEL ALCIDES CARRION - PASCO",Contrata,Finalizado,21/01/2013 00:00:00,2443658.48,YANAHUANCA,DANIEL ALCIDES CARRION,PASCO
3688,2128501,135835,"MEJORAMIENTO Y AMPLIACION DEL SISTEMA DE AGUA POTABLE E INSTALACIÓN DEL SISTEMA DE ALCANTARILLADO Y TRATAMIENTO DE AGUA RESIDUAL EN LA LOCALIDAD DE PALCA - DISTRITO DE YANAHUANCA, PROVINCIA DE DANIEL ALCIDES CARRION - PASCO",Contrata,Finalizado,7/08/2012 00:00:00,1570571.03,YANAHUANCA,DANIEL ALCIDES CARRION,PASCO
3685,2153497,184402,"INSTALACION Y MEJORAMIENTO DEL SISTEMA DE AGUA POTABLE Y CONSTRUCCION DEL SISTEMA DE ALCANTARILLADO EN EL CASERIO DE SANTA ROSA DE LUCMAPAMPA, DISTRITO DE YANAHUANCA, PROVINCIA DE DANIEL ALCIDES CARRION - PASCO",Contrata,Finalizado,4/04/2012 00:00:00,760883.72,YANAHUANCA,DANIEL ALCIDES CARRION,PASCO
3684,2121741,152700,"CONSTRUCCION DE SISTEMA DE RIEGO EN LA COMUNIDAD CAMPESINA DE CHAQUICOCHA, DISTRITO DE YANAHUANCA, PROVINCIA DE DANIEL ALCIDES CARRION - PASCO",Contrata,Finalizado,4/04/2012 00:00:00,36612023,YANAHUANCA,DANIEL ALCIDES CARRION,PASCO
3682,2153493,183009,"CONSTRUCCION DE TROCHA CARROZABLE CHARQUITACANÁN ¿ CRUCE CARRETERA LOS ANDES, DISTRITO DE YANAHUANCA, PROVINCIA DE DANIEL ALCIDES CARRION - PASCO",Contrata,Finalizado,7/05/2012 00:00:00,302204.80,YANAHUANCA,DANIEL ALCIDES CARRION,PASCO
3577,2152223,191009,"INSTALACION DE ESCALINATAS,ACCESOSPEATONALES, EN EL CENTRO POBLADO DE ANASQUISQUE, DISTRITO DE YANACANCHA - PASCO - PASCO",Administración directa,Finalizado,9/04/2012 00:00:00,271624.86,YANACANCHA,PASCO,PASCO
3536,0,0,CONSTRUCCION DE SERVICIOS HIGIENICOS EN LA I.E 34075 PUMAPCHUPAN DISTRITO DE NINACACA,Contrata,Finalizado,25/10/2012 00:00:00,108857.25,NINACACA,PASCO,PASCO
3499,2110422,98244,REHABILITACION DE LA CARRETERA PASCO-SALCACHUPAN,Contrata,Finalizado,8/05/2012 00:00:00,9484353.73,,PASCO,PASCO
3430,2045033,47998,Obra de Construcción del Puente Chivis y accesos,Contrata,Finalizado,16/05/2013 00:00:00,3608353,,,PASCO
3429,2045032,2045032,Obra de Construcción del Puente Puellas y accesos,Contrata,Sin Ejecución,"",4180205.59,,,PASCO
3428,2045034,47996,Obra de construcción del Puente Yunculmas y accesos,Contrata,Finalizado,16/08/2013 00:00:00,5104408.05,,,PASCO
3387,2140206,179451,"INSTALACION DE LA LINEA PRIMARIA Y RED SECUNDARIA DE ENERGIA ELECTRICA DE LA LOCALIDAD DE JARAPAMPA, DISTRITO DE YANACANCHA - PASCO - PASCO",Contrata,Finalizado,13/03/2013 00:00:00,727871.56,YANACANCHA,PASCO,PASCO
3378,2096855,122479,"Construcción de Graderias de Acceso y Puente Peatonal en los AA.HH. Barrios, Calles y Jirones del Distrito de Chaupimarca, Provincia de Pasco - Pasco. Componente: 20 Construcción de Graderias de la Calle Pasaje Escardo del AA.HH.Uliachin sector 6 del Distrito de Chaupimarca",Contrata,Finalizado,17/04/2012 00:00:00,321078.30,CHAUPIMARCA,PASCO,PASCO
3341,2113545,127839,"MEJORAMIENTO DE AREAS DEPORTIVAS, AREAS DE ORNATOY DE LOS ACCESOS DEL ESTADIO DANIEL ALCIDES CARRION,DISTRITO DE CHAUPIMARCA, PROVINCIA DE PASCO",Contrata,Finalizado,2/06/2012 00:00:00,2340546.40,CHAUPIMARCA,DANIEL ALCIDES CARRION,PASCO
3340,0,0,"MANTENIMIENTO DE LA LOSA MULTIDEPORTIVA, COLOCACIÓN DE POLICARBONATOS EN VANOS ALTOS DEL COMPLEJO DEPORTIVO MUNICIPAL DEL DISTRITO DE YANACANCHA, PROVINCIA PASCO.",Contrata,Finalizado,17/04/2012 00:00:00,172560.33,YANACANCHA,PASCO,PASCO
3339,2124042,131939,CONSTRUCCION Y EQUIPAMIENTO DEL PUESTO DE SALUD CENTRO POBLADO CAJAMARQUILLA DISTRITO DE YANACANCHA - PASCO,Contrata,Finalizado,22/05/2012 00:00:00,1145992,YANACANCHA,PASCO,PASCO
3336,2136046,169273,AMPLIACION Y MEJORAMIENTO DEL SISTEMA DE AGUA POTABLE Y ALCANTARILLADO EN EL CENTRO POBLADO DE CAJAMARQUILLA DISTRITITO DE YANACANCHA-PASCO-PASCO,Contrata,Finalizado,9/01/2012 00:00:00,1558063.40,YANACANCHA,PASCO,PASCO
3333,2150467,195107,"INSTALACION DEL SALON DE USOS MULTIPLES COMUNITARIA EN SAN JUAN PAMPA, DISTRITO DE YANCANCHA - PASCO - PASCO",Administración directa,Finalizado,9/04/2012 00:00:00,330909.82,,PASCO,PASCO
2816,2130376,137270,"CONSTRUCCION DE LA TROCHA CARROZABLE DE INTEGRACION CHINCHE TINGO - CHARQUICANCHA , PROVINCIA DE DANIEL ALCIDES CARRION - PASCO",Contrata,Finalizado,6/02/2012 00:00:00,4003553.16,,DANIEL ALCIDES CARRION,PASCO
2815,2110931,128164,"MEJORAMIENTO Y AMPLIACION DEL SISTEMA DE AGUA POTABLE, ALCANTARILLADO Y TRATAMIENTO DE AGUAS RESIDUALES DE LAS ZONAS PERIFERICAS EN LA LOCALIDAD DE YANAHUANCA DISTRITO DE YANAHUANCA, PROVINCIA DE DANIEL ALCIDES CARRION - PASCO",Contrata,En Ejecución,30/09/2011 00:00:00,19670725.61,YANAHUANCA,DANIEL ALCIDES CARRION,PASCO
2814,2131312,158820,"MEJORAMIENTO DEL SERVICIO EDUCATIVO DE LA I.E. N 35002 ZOILA AMORETTI DE ODRIA DEL DISTRITO DE CHAUPIMARCA, PROVINCIA PASCO- PASCO",Contrata,En Ejecución,26/12/2011 00:00:00,1234039,CHAUPIMARCA,PASCO,PASCO
2813,2078007,15357,CONSTRUCCIÓN CAMINO VECINAL TOMACONGA - SUNEC,Contrata,Finalizado,10/12/2011 00:00:00,8396053.82,,,PASCO
2812,2114153,88060,MEJORA DE LA CALIDAD DE LOS SERVICIOS DE ATENCION DE LOS ESTABLECIMIENTOS DE SALUD DE LA MICRO RED CIUDAD CONSTITUCIÓN DE LA PROVINCIA DE OXAPAMPA,Contrata,Finalizado,1/04/2012 00:00:00,7354260.20,OXAPAMPA,OXAPAMPA,PASCO
2811,2115784,85863,MEJORAMIENTO DE LA CAPACIDAD RESOLUTIVA DE LOS ESTABLECIMIENTOS DE SALUD DE LA MICRO RED PUERTO BERMÚDEZ DE LA RED DE SALUD OXAPAMPA,Contrata,Finalizado,25/01/2012 00:00:00,5834990.65,OXAPAMPA,OXAPAMPA,PASCO
2810,2087374,37168,AMPLIACION Y MEJORAMIENTO DE LOS SISTEMAS DE AGUA POTABLE Y ALCANTARILLADO DEL CENTRO POBLADO SAN JUAN DE MILPO - DISTRITO SAN FRANCISCO DE YARUSYACAN,Contrata,Finalizado,5/10/2011 00:00:00,7773452.84,,,PASCO
2809,2118448,119151,"AMPLIACION Y REHABILITACION DEL SISTEMA DE AGUA POTABLE E INSTALACIÓN DEL SISTEMA DE ALCANTARILLADO Y LETRINAS EN LA LOCALIDAD DE GOYLLARISQUIZGA, DISTRITO DE GOYLLARISQUIZGA - DANIEL ALCIDES CARRION - PASCO",Contrata,En Ejecución,5/03/2012 00:00:00,2514311,GOYLLARISQUIZGA,DANIEL ALCIDES CARRION,PASCO
2808,2096741,126483,"CONSTRUCCION DE COMPLEJO EDUCATIVO E IMPLEMENTACION DE LA I.E. SECUNDARIA DANIEL ALCIDES CARRION - CENTRO POBLADO DE CHIPIPATA, DISTRITO DE YANAHUANCA, PROVINCIA DE DANIEL ALCIDES CARRION - PASCO",Contrata,En Ejecución,6/12/2011 00:00:00,1100906,YANAHUANCA,DANIEL ALCIDES CARRION,PASCO
2802,2130375,144453,CONSTRUCCIÓN MURO DE CONTENCIÓN DEL RIO CHAUPIHUARANGA Y AFLUENTES EN LAS LOCALIDADES DE CHINCHE RABÍ- CHINCHE YANAHUANCA- DISTRITO DE YANAHUANCA -PROVINCIA DANIEL CARRIÓN - REGIÓN PASCO,Contrata,Finalizado,16/05/2012 00:00:00,3330216.36,YANAHUANCA,PASCO,PASCO
2716,2082062,78101,"CONSTRUCCION, MEJORAMIENTO Y EQUIPAMIENTO DE LA I.E.T.I. Nº 34626 DONATO CORREA PANDURO ORELLANA, PROVINCIA OXAPAMPA - PASCO",Contrata,Finalizado,10/04/2012 00:00:00,4141201.57,OXAPAMPA,OXAPAMPA,PASCO
2705,0,0,"CONSTRUCCION DE TRAMO DE CARRETERA QUIULACOCHA, CERRO DE PASCO",Contrata,Finalizado,26/01/2012 00:00:00,0,,PASCO,PASCO
2702,2136668,171675,"CONSTRUCCION DE INFRAESTRUCTURA Y EQUIPAMIENTO DEL PUESTO DE SALUD DEL CENTRO POBLADO DE SANTA ROSA DE CHORA ,DISTRITO DE SANTA ANA DE TUSI- DANIEL ALCIDES CARRION",Contrata,Finalizado,9/03/2012 00:00:00,539049.13,SANTA ANA DE TUSI,DANIEL ALCIDES CARRION,PASCO
2661,2123187,131543,"CONSTRUCCION DEL SISTEMA DE RIEGO EN LA COMUNIDAD CAMPESINA DE CAJAMARQUILLA, DISTRITO DE YANACANCHA - PASCO - PASCO",Contrata,Finalizado,3/05/2013 00:00:00,349749,YANACANCHA,PASCO,PASCO
2632,2117266,140989,EJECUCION DE OBRA INSTALACION DEL SISTEMA DE ABASTECIMIENTO DE AGUA Y DISPOSICION SANITARIA DE EXCRETAS EN EL CASERIO DE QUISHUARNIYOC DISTRITO DE SANTA ANA DE TUSI DANIEL ALCIDES CARRION PASCO,Contrata,Finalizado,17/08/2012 00:00:00,415602.25,SANTA ANA DE TUSI,DANIEL ALCIDES CARRION,PASCO
2631,2125252,130003,"INSTALACION DEL SISTEMA DE AGUA POTABLE Y DISPOSICION DE EXCRETAS EN LA LOCALIDAD DE QUIROZ, DISTRITO DE SANTA ANA DE TUSI - DANIEL ALCIDES CARRION - PASCO",Contrata,Finalizado,27/11/2012 00:00:00,141851.89,SANTA ANA DE TUSI,DANIEL ALCIDES CARRION,PASCO
2630,2125134,155922,EJECUCION DE LA OBRA INSTALACION DEL SISTEMA DE ABASTECIMIENTO DE AGUA Y DISPOSICION DE EXCRETAS EN EL CASERIO DE QUINUAPUCRO DISTRITO DE SANTA ANA DE TUSI DANIEL ALCIDES CARRION PASCO,Contrata,Finalizado,13/08/2012 00:00:00,204123,SANTA ANA DE TUSI,DANIEL ALCIDES CARRION,PASCO
2613,2155273,189032,"RECUPERACION DEL SERVICIO DEL COMEDOR POPULAR VIRGEN DE GUDALUPE EN LA ASOCIACION PRO VIVIENDA GERARDO PATIÑO LOPEZ, DISTRITO DE YANACANCHA - PASCO - PASCO",Contrata,Finalizado,14/08/2012 00:00:00,167600,YANACANCHA,PASCO,PASCO
2467,0,0,"Ejecución de Obra: Mejoramiento de la Infraestructura Pública, Componente: Refacción de 03 Servicios Higiénicos del primer piso, sistema interno de distribución de agua, de cobertura y muros en general del Mercado Central de Pasco, Distrito Chaupimarca, Provincia Pasco",Contrata,Finalizado,5/05/2012 00:00:00,317911.16,CHAUPIMARCA,PASCO,PASCO
2466,2075189,87319,"Ejecución de Obra: Construcción de Talleres del Colegio Nacional Industrial Nº 03 Antenor Rizo Patrón Lequérica, Distrito Chaupimarca, Provincia Pasco, Componente: Electrificación en MT Sistema de Utilización Trifásica de Mt en 22.9 Kv y Adecuación de cableado Interior",Contrata,Finalizado,18/04/2012 00:00:00,277140,CHAUPIMARCA,PASCO,PASCO
2465,2144377,182609,"CONSTRUCCION DE PISTAS, VEREDAS Y GRADERÍAS EN LOS JIRONES YAULI, NINACACA, UCAYALI, HUANCAYO, PARIAMARCA, PROLONGACIÓN CALLE SANTIAGO HUARICAPCHA, PASAJE ROCKOVICH Y CLARÍN DEL DISTRITO DE CHAUPIMARCA, PROVINCIA DE PASCO - PASCO. Formula 02: ""Construcción de Pistas y Veredas en los Jirones Yauli, Ninacaca, Ucayali; Pasaje Rocovich y Pasajes Anexos"".",Administración directa,Finalizado,6/05/2013 00:00:00,2263507.80,NINACACA,PASCO,PASCO
2464,2096855,122479,"Ejecución de la Obra: Construcción de Calzada Peatonal, Sardineles y Cunetas Pluviales en los Pasajes las Palmas y San Martin del AA.HH. Ayapoto Distrito de Chaupimarca Provincia y Región Pasco",Contrata,Finalizado,14/04/2012 00:00:00,221900.72,CHAUPIMARCA,PASCO,PASCO
2463,2116256,106694,"Ejecución de la Obra: Mejoramiento de la prestación de servicios de emergencia e implementación del sistema de supervisión de los servicios de salud de la Micro Red Centro Uliachin del Distrito Chaupimarca, Provincia y Región Pasco, componente: Construcción del Área de Emergencia",Contrata,Finalizado,23/10/2012 00:00:00,767819.59,CHAUPIMARCA,PASCO,PASCO
2461,0,0,"Ejecución de la Obra: Mantenimiento de la Infraestructura pública, Componente: 01 ¿Remodelación del local de las Oficinas de la HMPP, correspondiente a las instalaciones eléctricas interior, Componente: 02 Mantenimiento de las Instalaciones eléctricas, redes, tableros eléctricos, iluminación interior y exterior de la HMPP, Sub. Componente: Sistema de Utilización trifásico en 22.9 Kv. Para las oficinas de la HMPP, Distrito Chaupimarca, Provincia y Región Pasco",Contrata,Finalizado,20/09/2012 00:00:00,275896.99,CHAUPIMARCA,PASCO,PASCO
2420,2101916,104652,"INSTALACION DEL SISTEMA DE AGUA POTABLE Y DISPOSICION DE EXCRETAS EN LAS LOCALIDADES DE PUCUNAN ,HUAGLAYOG,ANTAGASHA,PUTAJA,POCOBAMBA Y UCRO SANTA ANA DE TUSI DISTRITO DE SANTA ANA DE TUSI,DANIEL ALCIDES CARRION,PASCO",Contrata,Finalizado,5/10/2011 00:00:00,3244099.20,SANTA ANA DE TUSI,DANIEL ALCIDES CARRION,PASCO
2417,2119860,150471,"CONSTRUCCION DE TROCHA CARROZABLE ANTAPIRCA - UCHUCMARCA, DISTRITO DE DE SANTA ANA DE TUSI ,DANIEL ALCIDES CARRION -PASCO",Contrata,Finalizado,20/10/2011 00:00:00,1162568.01,SANTA ANA DE TUSI,DANIEL ALCIDES CARRION,PASCO
2416,2156863,194792,"INSTALACIONDE LOS SERVICIOS DE SALUD DE PRIMER NIVEL DE COMPLEJIDAD I-1 EN LA LOCALIDAD DE PAMPANIA ,DISTRITO DE SANTA ANA DE TUSI -DANIEL ALCIDES CARRION -PASCO",Contrata,Finalizado,16/03/2012 00:00:00,338796.22,SANTA ANA DE TUSI,DANIEL ALCIDES CARRION,PASCO
2415,2156866,195159,"INSTALACION DE LOS SERVICIOS HIGIENICOS DE SALUD DE PRIMER NIVEL DE COMPLEJIDAD 1-2 EN EL CENTRO POBLADO DE ANTAPIRCA,DISTRITO DE SANTA ANA DE TUSI-DANIEL ALCIDES CARRION- PASCO",Contrata,Finalizado,12/03/2012 00:00:00,562937.69,SANTA ANA DE TUSI,DANIEL ALCIDES CARRION,PASCO
2409,2207853,215623,INSTALACION DE LOS SERVICIOS DE PROTECCION EN EL SECTOR ADYACENTE A LA POSTA DE SALUD DE LA LOCALIDAD DE ANTAPIRCA DISTRITO DE SANTA ANA DE TUSI PROVINCIA DANIEL CARRION REGION PASCO,Contrata,Finalizado,20/07/2012 00:00:00,203915.15,SANTA ANA DE TUSI,PASCO,PASCO
2250,0,0,AMPLIACION PARA EL AREA ADMINISTRATIVA Y COMEDOR ESTUDIANTIL DEL COLEGIO AUGUSTO SALAZAR BONDY DE NINACACA,Contrata,En Ejecución,17/07/2012 00:00:00,454595.76,NINACACA,PASCO,PASCO
2197,2159320,215775,"MEJORAMIENTO DE LA OFERTA DE LOS SERVICIOS EDUCATIVOS DE LA INSTITUCION EDUCATIVA AGROPECUARIO N°44 ROGELIO MENDOZA CABALLERO DEL DISTRITO DE HUACHON,PROVINCIA DE PASCO,REGION PASCO",Contrata,Finalizado,23/02/2013 00:00:00,7773452.84,HUACHON,PASCO,PASCO
2196,2154294,200850,"MEJORAMIENTO DE LA CARRETERA TRAMO PAUCARTAMBO CHUPACA COCHAMBRA, DISTRITO DE PAUCARTAMBO-PASCO-PASCO",Contrata,Finalizado,28/12/2012 00:00:00,7143036.29,PAUCARTAMBO,PASCO,PASCO
2195,2137648,171539,"CONSTRUCCION DE PISTAS,VEREDAS Y GRADERIAS EN LAS CALLES ANCASH,JUAN ORIHUELA,HUANCAVELICA,LA CULTURA,LOS LIBERTADORES DEL ASENTAMIENTO HUMANO COLUMNA PASCO,DISTRITO DE YANACANCHA-PASCO-PASCO",Contrata,Finalizado,29/04/2014 00:00:00,7640685.19,YANACANCHA,PASCO,PASCO
2178,2152758,198996,"CREACION DEL CAMINO VECINAL ENTRE PARIAMARCA-TOMACONGA ENTRE LOS DISTRITOS DE YANACANCHA Y TICLACAYAN , DISTRITO DE TICLACAYAN - PASCO - PASCO",Contrata,Finalizado,25/09/2012 00:00:00,4247398.30,YANACANCHA,PASCO,PASCO
2176,0,0,CONSTRUCCION DE CERCO PERIMETRICO CASAETA DE GUARDIANIA Y DESCOLMATACION DE LA LAGUNA DE OXIDACION EN EL DISTRITO DE NINACA,Contrata,Finalizado,24/07/2012 00:00:00,657674.82,,,PASCO
2154,2029684,4743,MEJORAMIENTO DE LA CARRETERA DE YANAHUANCA ¿ CERRO DE PASCO TRAMO I YANAHUANCA KM 00+000 DIVISION PALCA KM 12+740 DEPARTAMENTO PASCO,Administración directa,En Ejecución,29/09/2006 00:00:00,14504776.37,YANAHUANCA,PASCO,PASCO
2114,2208739,205332,"INSTALACION DEL PUENTE COLGANTE EN LA COMUNIDAD DE PALCA DEL ANEXO DE TINGO PALCA, DISTRITO DE YANACANCHA - PASCO - PASCO",Contrata,Finalizado,28/11/2012 00:00:00,167521,YANACANCHA,PASCO,PASCO
1822,2151688,196912,"MEJORAMIENTO DE LA TROCHA EN UN TRAMO DE 0 + 58.59 KM QUE UNE LAS ZONAS DE AA. HH. VICTOR RAUL HAYA DE LA TORRE, ASOCIACION PRO VIVIENDA GERARDO PATIÑO LOPEZ Y LA COMUNIDAD CAMPESINA DE PUCAYACU, DISTRITO DE YANACANCHA - PASCO - PASCO",Administración directa,Paralizada,17/05/2012 00:00:00,170595.48,YANACANCHA,PASCO,PASCO
1821,2152016,199133,"CREACION DE LA PLAZUELA CENTRAL EN LA COMUNIDAD CAMPESINA DE TINGO PALCA, DISTRITO DE YANACANCHA - PASCO - PASCO",Contrata,Finalizado,30/07/2014 00:00:00,425410.45,YANACANCHA,PASCO,PASCO
1795,2140301,120185,"INSTALACION DE SISTEMA DE RIEGO EN LA COMUNIDAD DE LA QUINUA, DISTRITO DE YANACANCHA - PASCO - PASCO",Contrata,Finalizado,17/07/2012 00:00:00,759087.65,YANACANCHA,PASCO,PASCO
1743,2142469,177307,"MEJORAMIENTO DEL SISTEMA DE AGUA POTABLE Y ALCANTARILLADO EN LA COMUNIDAD CAMPESINA DE PUCURHUAY-DISTRITO DE TICLACAYAN, PROVINCIA DE PASCO-PASCO",Contrata,Finalizado,17/06/2012 00:00:00,4249663,TICLACAYAN,PASCO,PASCO
1742,2154211,199112,"REHABILITACION, MEJORAMIENTO Y/O AMPLIACION DEL SISTEMA DE AGUA POTABLE, SISTEMA DE ALCANTARILLADO Y TRATAMIENTO DE AGUAS RESIDUALES DEL CENTRO POBLADO SAN ISIDRO DE YANAPAMPA, DISTRITO DE TICLACAYAN, PROVINCIA DE PASCO-PASCO.",Contrata,Finalizado,17/05/2014 00:00:00,1927411.97,TICLACAYAN,PASCO,PASCO
1694,2153765,198027,"MEJORAMIENTO Y AMPLIACION DEL SISTEMA DE AGUA POTABLE E INSTALACION DEL SISTEMA DE ALCANTARILLADO Y TRATAMIENTO DE AGUAS RESIDUALES EN LA LOCALIDAD DE USPACHACA, DISTRITO DE TAPUC - DANIEL CARRION - PASCO",Contrata,Finalizado,4/11/2013 00:00:00,2246029.33,TAPUC,PASCO,PASCO
1478,2226683,217581,"REHABILITACIÓN DEL CAMINO VECINAL TRAMO TICLACAYAN HUAMANMARCA-TOMACONGA,DISTRITO DE TICLACAYAN-PASCO-PASCO",Contrata,Finalizado,1/08/2013 00:00:00,4602020.67,TICLACAYAN,PASCO,PASCO
1224,2096855,122479,"Ejecución de la Obra: Construcción de Graderías en el Pasaje Sáenz Peña del AA. HH. Túpac Amaru del Sector 4, Distrito Chaupimarca, Provincia y Región Pasco",Contrata,Finalizado,8/05/2012 00:00:00,151110.26,CHAUPIMARCA,PASCO,PASCO
1217,2048359,53095,"Ejecución de la Obra: Construcción de Infraestructura Educativa y Componente con equipamiento en la I.E.I Virgen de Fátima del AA. HH. Uliachin, Distrito Chaupimarca, Provincia y Región Pasco",Contrata,Finalizado,3/05/2012 00:00:00,103112.34,CHAUPIMARCA,PASCO,PASCO
1216,2084815,74176,"Ejecución de la Obra: Mejoramiento y Ampliación de los Servicios de Saneamiento y Fortalecimiento Institucional Integral de EMAPA Pasco, Provincia Pasco, Componente 09: Cerco Perimétrico de Estación de Bombeo Garga.",Contrata,Finalizado,12/04/2012 00:00:00,134769.06,,PASCO,PASCO
1215,2084815,74176,"Ejecución de la Obra: Mejoramiento de los Servicios de Saneamiento y Fortalecimiento Institucional Integral de EMAPA Pasco, Provincia Pasco, Componente 10: Construcción de la Línea de Conducción de Agua Potable Uliachin ¿ Huancapucro, Distrito Chaupimarca, Provincia y Región Pasco",Contrata,Finalizado,2/06/2012 00:00:00,2754340.37,CHAUPIMARCA,PASCO,PASCO
1141,2149080,175787,CONTRATACION DE LA EJECUCION DE LA OBRA MEJORAMIENTO DEL SERVICIO ADMINISTRATIVO DE LA SEDE CENTRAL DEL GOBIERNO REGIONAL DE PASCO,Contrata,Finalizado,7/08/2012 00:00:00,11944743.51,,PASCO,PASCO
1001,2084815,74176,"Ejecución de Obra: Mejoramiento y Ampliación de los Servicios de Saneamiento y Fortalecimiento Institucional Integral de EMAPA Pasco, Provincia de Pasco Componente: Construcción y Mejoramiento del Sistema de Desagüe Chaquicocha, Patarcocha del Distrito de Chaupimarca Provincia Región Pasco",Contrata,Finalizado,9/06/2012 00:00:00,2419155.74,CHAUPIMARCA,PASCO,PASCO
994,2096477,99727,"Ejecución de la Obra: Construcción de Acceso y Ornamentación del Área Urbana del AA. HH. Tahuantinsuyo, Distrito Chaupimarca, Provincia y Región Pasco",Contrata,Finalizado,14/08/2012 00:00:00,3590564.92,CHAUPIMARCA,PASCO,PASCO
707,2018685,13254,"IMPLEMENTACION E INSTALACION DE LETRINAS RURALES Y TRATAMIENTO SANITARIO EN LA COMUNIDAD CAMPESINA DE RACRACANCHA, DISTRITO DE TINYAHUARCO, PROVINCIA PASCO - PASCO",Contrata,Finalizado,6/09/2012 00:00:00,204914.61,TINYAHUARCO,PASCO,PASCO
706,0,0,REPOBLAMIENTO DE ALPACAS EN LA ASOCIACION DE PRODUCTORES ALTIPLANO YANAMATE - PASCO,Contrata,Sin Ejecución,"","",,PASCO,PASCO
580,2163835,235145,"CREACION DEL CENTRO CÍVICO DE LA LOCALIDAD DE PAMPANIA, DISTRITO DE SANTA ANA DE TUSI - DANIEL ALCIDES CARRION - PASCO",Contrata,Finalizado,5/01/2013 00:00:00,613162.41,SANTA ANA DE TUSI,DANIEL ALCIDES CARRION,PASCO
269,2211171,194135,"MEJORAMIENTO DE LA INFRAESTRUCTURA E IMPLEMENTACION DE AULAS DE INNOVACION TECNOLOGICA EN LAS INSTITUCIONES EDUCATIVAS DEL NIVEL PRIMARIO , DISTRITO DE TINYAHUARCO - PASCO - PASCO",Contrata,Finalizado,7/11/2012 00:00:00,500743.86,TINYAHUARCO,PASCO,PASCO
241,2151668,202493,"MEJORAMIENTO DE LA OFERTA DE SERVICIO EDUCATIVO DE LA I.E Nº 34043 SIMÓN BOLIVAR DE LA LOCALIDAD DE VILLA DE PASCO, DISTRITO DE TINYAHUARCO - PASCO - PASCO",Contrata,Finalizado,14/05/2012 00:00:00,614124.57,TINYAHUARCO,PASCO,PASCO
237,2150036,195302,"AMPLIACION DE ELECTRIFICACIÓN, DEL SUB-SISTEMA DE DISTRIBUCIÓN SECUNDARIA 380-220 V. DE LA LOCALIDAD DE SMELTER, DISTRITO DE TINYAHUARCO - PASCO - PASCO",Contrata,Finalizado,7/05/2012 00:00:00,128684.21,TINYAHUARCO,PASCO,PASCO
163,0,0,"Proyecto de Concesión del Diseño Construcción, Operación y Mantenimiento de la Obra de Trasvase Huascacocha - Rímac",Asociacion Pública Privada - APP,Finalizado,17/05/2010 00:00:00,256973564.61,,,PASCO
